{
"type": "FeatureCollection",
"name": "buildings_web",
"features": [
{ "type": "Feature", "properties": { "fid": 1, "ogc_fid": 1, "gebnutzbez": "Gebaeude", "funktion": "Forschungsinstitut", "lagebeztxt": null, "building_id": 1.0, "condition": "", "notes": "", "photo": "" }, "geometry": { "type": "MultiPolygon", "coordinates": [ [ [ [ 9.0969363, 48.7433028 ], [ 9.0969392, 48.7433478 ], [ 9.0969394, 48.7433487 ], [ 9.0969396, 48.7433496 ], [ 9.0969399, 48.7433504 ], [ 9.0969403, 48.7433513 ], [ 9.0969408, 48.7433522 ], [ 9.0969414, 48.743353 ], [ 9.096942, 48.7433538 ], [ 9.0969427, 48.7433546 ], [ 9.0969435, 48.7433553 ], [ 9.0969444, 48.743356 ], [ 9.0969453, 48.7433567 ], [ 9.0969463, 48.7433573 ], [ 9.0968067, 48.743322 ], [ 9.096833, 48.7432764 ], [ 9.0969363, 48.7433028 ] ] ] ] } },
{ "type": "Feature", "properties": { "fid": 2, "ogc_fid": 2, "gebnutzbez": "Gebaeude", "funktion": "Forschungsinstitut", "lagebeztxt": null, "building_id": 2.0, "condition": "Medium", "notes": "Needs minor repairs\"\n\"Some wear and tear\"\n\"Painting required\"", "photo": "DCIM/buildings_20260428185420358.jpg" }, "geometry": { "type": "MultiPolygon", "coordinates": [ [ [ [ 9.0971456, 48.7432279 ], [ 9.0972163, 48.7432458 ], [ 9.0971828, 48.7433035 ], [ 9.0972371, 48.7433172 ], [ 9.097206, 48.7433709 ], [ 9.0972021, 48.7433699 ], [ 9.0972032, 48.743368 ], [ 9.097151, 48.743355 ], [ 9.0971695, 48.7433229 ], [ 9.0970399, 48.7432902 ], [ 9.0970653, 48.7432464 ], [ 9.0969308, 48.7432124 ], [ 9.0969342, 48.7432669 ], [ 9.096867, 48.7432495 ], [ 9.0968706, 48.7432435 ], [ 9.0968547, 48.7432392 ], [ 9.0968994, 48.7431619 ], [ 9.0968778, 48.7431565 ], [ 9.0968939, 48.7431287 ], [ 9.0969154, 48.7431341 ], [ 9.0969377, 48.7430957 ], [ 9.0971341, 48.7431134 ], [ 9.0971456, 48.7432279 ] ] ] ] } },
{ "type": "Feature", "properties": { "fid": 3, "ogc_fid": 3, "gebnutzbez": "Gebaeude", "funktion": "Schuppen", "lagebeztxt": null, "building_id": 3.0, "condition": "Medium", "notes": "Needs minor repairs\"\n\"Some wear and tear\"\n\"Painting required\"", "photo": "DCIM/buildings_20260428185729502.jpg" }, "geometry": { "type": "MultiPolygon", "coordinates": [ [ [ [ 9.0975102, 48.7432635 ], [ 9.0974043, 48.7432682 ], [ 9.0974022, 48.7432436 ], [ 9.0975077, 48.743239 ], [ 9.0975102, 48.7432635 ] ] ] ] } },
{ "type": "Feature", "properties": { "fid": 4, "ogc_fid": 4, "gebnutzbez": "Gebaeude", "funktion": "Betriebsgebäude", "lagebeztxt": null, "building_id": 4.0, "condition": "", "notes": "", "photo": "" }, "geometry": { "type": "MultiPolygon", "coordinates": [ [ [ [ 9.0968673, 48.7390513 ], [ 9.0967481, 48.7390567 ], [ 9.0967357, 48.7389368 ], [ 9.0968512, 48.738932 ], [ 9.0968612, 48.73903 ], [ 9.0968653, 48.7390298 ], [ 9.0968673, 48.7390513 ] ] ] ] } },
{ "type": "Feature", "properties": { "fid": 5, "ogc_fid": 5, "gebnutzbez": "Gebaeude", "funktion": "Betriebsgebäude", "lagebeztxt": "Nobelstraße 19A", "building_id": 5.0, "condition": "", "notes": "", "photo": "" }, "geometry": { "type": "MultiPolygon", "coordinates": [ [ [ [ 9.097173, 48.7390161 ], [ 9.0968653, 48.7390298 ], [ 9.0968612, 48.73903 ], [ 9.0968512, 48.738932 ], [ 9.0971628, 48.7389181 ], [ 9.097173, 48.7390161 ] ] ] ] } },
{ "type": "Feature", "properties": { "fid": 6, "ogc_fid": 6, "gebnutzbez": "Gebaeude", "funktion": "Hochschulgebäude (Fachhochschule, Universität)", "lagebeztxt": "Nobelstraße 10", "building_id": 6.0, "condition": "Good", "notes": "Building in good condition\"\n\"No visible damage\"\n\"Well maintained\"", "photo": "DCIM/buildings_20260429162253242.jpg" }, "geometry": { "type": "MultiPolygon", "coordinates": [ [ [ [ 9.100178, 48.7413407 ], [ 9.1011136, 48.7412977 ], [ 9.1011136, 48.7412991 ], [ 9.1011542, 48.7416838 ], [ 9.1011549, 48.7416906 ], [ 9.1009232, 48.7417012 ], [ 9.1009424, 48.7418843 ], [ 9.1011742, 48.7418736 ], [ 9.1011818, 48.7419455 ], [ 9.1011942, 48.7420622 ], [ 9.1007426, 48.742083 ], [ 9.1002584, 48.7421053 ], [ 9.1002538, 48.7420588 ], [ 9.1002402, 48.7419175 ], [ 9.1004714, 48.7419062 ], [ 9.1004658, 48.7418501 ], [ 9.100453, 48.7417238 ], [ 9.1004231, 48.7417251 ], [ 9.1002211, 48.7417348 ], [ 9.100178, 48.7413407 ] ] ] ] } },
{ "type": "Feature", "properties": { "fid": 7, "ogc_fid": 7, "gebnutzbez": "Gebaeude", "funktion": "Wohnhaus", "lagebeztxt": "Pfaffenwaldring 70", "building_id": 7.0, "condition": "Medium", "notes": "Needs minor repairs\"\n\"Some wear and tear\"\n\"Painting required\"", "photo": "DCIM/buildings_20260429154415935.jpg" }, "geometry": { "type": "MultiPolygon", "coordinates": [ [ [ [ 9.101854, 48.7430055 ], [ 9.1018065, 48.7430077 ], [ 9.1017999, 48.7429453 ], [ 9.1019466, 48.7429392 ], [ 9.1019526, 48.7429965 ], [ 9.1020342, 48.7429927 ], [ 9.1020404, 48.7430532 ], [ 9.1018599, 48.7430615 ], [ 9.101854, 48.7430055 ] ] ] ] } },
{ "type": "Feature", "properties": { "fid": 8, "ogc_fid": 8, "gebnutzbez": "Gebaeude", "funktion": "Wohnhaus", "lagebeztxt": "Universitätsstraße 96B", "building_id": 8.0, "condition": "Medium", "notes": "Needs minor repairs\"\n\"Some wear and tear\"\n\"Painting required\"", "photo": "DCIM/buildings_20260429155741182.jpg" }, "geometry": { "type": "MultiPolygon", "coordinates": [ [ [ [ 9.1018837, 48.7418869 ], [ 9.1018909, 48.7419511 ], [ 9.1018402, 48.7419536 ], [ 9.1018436, 48.7419871 ], [ 9.1017464, 48.7419914 ], [ 9.1017392, 48.7419184 ], [ 9.1017654, 48.7419173 ], [ 9.1017759, 48.7419094 ], [ 9.1017739, 48.741892 ], [ 9.1018837, 48.7418869 ] ] ] ] } },
{ "type": "Feature", "properties": { "fid": 9, "ogc_fid": 9, "gebnutzbez": "Gebaeude", "funktion": "Wohnhaus", "lagebeztxt": "Universitätsstraße 104B", "building_id": 9.0, "condition": "Medium", "notes": "Needs minor repairs\"\n\"Some wear and tear\"\n\"Painting required\"", "photo": "DCIM/buildings_20260429155137928.jpg" }, "geometry": { "type": "MultiPolygon", "coordinates": [ [ [ [ 9.102941, 48.7421706 ], [ 9.1029486, 48.7422433 ], [ 9.1029224, 48.7422445 ], [ 9.1029122, 48.7422524 ], [ 9.102914, 48.7422698 ], [ 9.1027981, 48.742275 ], [ 9.1027919, 48.7422106 ], [ 9.1028476, 48.7422082 ], [ 9.1028442, 48.7421755 ], [ 9.102941, 48.7421706 ] ] ] ] } },
{ "type": "Feature", "properties": { "fid": 10, "ogc_fid": 10, "gebnutzbez": "Gebaeude", "funktion": "Wohnhaus", "lagebeztxt": "Pfaffenwaldring 68B", "building_id": 10.0, "condition": "Medium", "notes": "Needs minor repairs\"\n\"Some wear and tear\"\n\"Painting required\"", "photo": "DCIM/buildings_20260429154320024.jpg" }, "geometry": { "type": "MultiPolygon", "coordinates": [ [ [ [ 9.1018599, 48.7430615 ], [ 9.1020404, 48.7430532 ], [ 9.1020468, 48.7431137 ], [ 9.1019652, 48.7431174 ], [ 9.101971, 48.7431725 ], [ 9.1018244, 48.7431789 ], [ 9.1018183, 48.7431197 ], [ 9.1018658, 48.7431175 ], [ 9.1018599, 48.7430615 ] ] ] ] } },
{ "type": "Feature", "properties": { "fid": 11, "ogc_fid": 11, "gebnutzbez": "Gebaeude", "funktion": "Wohnhaus", "lagebeztxt": "Anneliese-Niethammer-Weg 9", "building_id": 11.0, "condition": "", "notes": "", "photo": "" }, "geometry": { "type": "MultiPolygon", "coordinates": [ [ [ [ 9.103013, 48.7397325 ], [ 9.1030387, 48.7396813 ], [ 9.103183, 48.7397128 ], [ 9.1031574, 48.7397641 ], [ 9.103013, 48.7397325 ] ] ] ] } },
{ "type": "Feature", "properties": { "fid": 12, "ogc_fid": 12, "gebnutzbez": "Gebaeude", "funktion": "Geschäftsgebäude", "lagebeztxt": null, "building_id": 12.0, "condition": "", "notes": "", "photo": "" }, "geometry": { "type": "MultiPolygon", "coordinates": [ [ [ [ 9.1029828, 48.7403539 ], [ 9.1029864, 48.7403093 ], [ 9.1029652, 48.7403086 ], [ 9.1029653, 48.740307 ], [ 9.1029894, 48.7403078 ], [ 9.1029965, 48.7402964 ], [ 9.1030452, 48.7403107 ], [ 9.1030295, 48.7403339 ], [ 9.1031304, 48.7403637 ], [ 9.1031109, 48.7403922 ], [ 9.1029828, 48.7403539 ] ] ] ] } },
{ "type": "Feature", "properties": { "fid": 13, "ogc_fid": 13, "gebnutzbez": "Gebaeude", "funktion": "Gemeindehaus", "lagebeztxt": "Allmandring 6", "building_id": 13.0, "condition": "", "notes": "", "photo": "" }, "geometry": { "type": "MultiPolygon", "coordinates": [ [ [ [ 9.1013502, 48.7449908 ], [ 9.1013407, 48.7449842 ], [ 9.1013395, 48.744966 ], [ 9.1012604, 48.7449691 ], [ 9.1012579, 48.7449446 ], [ 9.1012548, 48.7449147 ], [ 9.1012485, 48.7448584 ], [ 9.1012885, 48.7448563 ], [ 9.1012818, 48.7447934 ], [ 9.1012417, 48.7447948 ], [ 9.1012378, 48.7447521 ], [ 9.1012365, 48.7447382 ], [ 9.1015441, 48.7447265 ], [ 9.1015484, 48.744773 ], [ 9.1015488, 48.7447781 ], [ 9.1015637, 48.7449412 ], [ 9.1015125, 48.7449438 ], [ 9.1015198, 48.7449858 ], [ 9.1014518, 48.7449888 ], [ 9.1014517, 48.7449868 ], [ 9.1013502, 48.7449908 ] ] ] ] } },
{ "type": "Feature", "properties": { "fid": 14, "ogc_fid": 14, "gebnutzbez": "Gebaeude", "funktion": "Wohnhaus", "lagebeztxt": "Universitätsstraße 98A", "building_id": 14.0, "condition": "Medium", "notes": "Needs minor repairs\"\n\"Some wear and tear\"\n\"Painting required\"", "photo": "DCIM/buildings_20260429155611094.jpg" }, "geometry": { "type": "MultiPolygon", "coordinates": [ [ [ [ 9.1022304, 48.7418391 ], [ 9.1022397, 48.7419348 ], [ 9.1021833, 48.7419374 ], [ 9.1021844, 48.7419472 ], [ 9.1021733, 48.7419557 ], [ 9.1021586, 48.7419563 ], [ 9.1021625, 48.7419925 ], [ 9.1020727, 48.7419966 ], [ 9.1020604, 48.7418787 ], [ 9.1021451, 48.7418748 ], [ 9.1021416, 48.7418435 ], [ 9.1022304, 48.7418391 ] ] ] ] } },
{ "type": "Feature", "properties": { "fid": 15, "ogc_fid": 15, "gebnutzbez": "Gebaeude", "funktion": "Wohnhaus", "lagebeztxt": null, "building_id": 15.0, "condition": " ", "notes": "", "photo": "DCIM/buildings_20260428195833453.jpg" }, "geometry": { "type": "MultiPolygon", "coordinates": [ [ [ [ 9.1011804, 48.7427303 ], [ 9.101281, 48.7427259 ], [ 9.1012871, 48.7427842 ], [ 9.1013176, 48.7427828 ], [ 9.1013226, 48.7428303 ], [ 9.1012921, 48.7428317 ], [ 9.1012992, 48.7429 ], [ 9.1013297, 48.7428986 ], [ 9.1013347, 48.742946 ], [ 9.1013042, 48.7429474 ], [ 9.1013053, 48.7429584 ], [ 9.1012048, 48.742963 ], [ 9.1011804, 48.7427303 ] ] ] ] } },
{ "type": "Feature", "properties": { "fid": 16, "ogc_fid": 16, "gebnutzbez": "Gebaeude", "funktion": "Tiefgarage", "lagebeztxt": null, "building_id": 16.0, "condition": "", "notes": "", "photo": "" }, "geometry": { "type": "MultiPolygon", "coordinates": [ [ [ [ 9.1023684, 48.7400747 ], [ 9.1030166, 48.7400977 ], [ 9.1036821, 48.7402933 ], [ 9.1038747, 48.7403498 ], [ 9.103939, 48.7403688 ], [ 9.1039142, 48.7404109 ], [ 9.1039515, 48.7404217 ], [ 9.1039057, 48.7404782 ], [ 9.1038444, 48.74046 ], [ 9.1038458, 48.7404584 ], [ 9.1037132, 48.7404083 ], [ 9.1037162, 48.7404038 ], [ 9.1036624, 48.7403879 ], [ 9.1036552, 48.7403984 ], [ 9.1031336, 48.7402446 ], [ 9.1031294, 48.7402409 ], [ 9.1031251, 48.7402372 ], [ 9.1031207, 48.7402336 ], [ 9.1031163, 48.74023 ], [ 9.1031117, 48.7402265 ], [ 9.1031071, 48.740223 ], [ 9.1031024, 48.7402195 ], [ 9.1030977, 48.7402161 ], [ 9.1030928, 48.7402128 ], [ 9.1030879, 48.7402095 ], [ 9.1030829, 48.7402062 ], [ 9.1030779, 48.740203 ], [ 9.1030727, 48.7401998 ], [ 9.1030675, 48.7401967 ], [ 9.1030623, 48.7401937 ], [ 9.103057, 48.7401906 ], [ 9.1030516, 48.7401877 ], [ 9.1030461, 48.7401848 ], [ 9.1030406, 48.7401819 ], [ 9.103035, 48.7401791 ], [ 9.1030293, 48.7401764 ], [ 9.1030236, 48.7401737 ], [ 9.1030179, 48.740171 ], [ 9.103012, 48.7401685 ], [ 9.1030062, 48.7401659 ], [ 9.1030002, 48.7401635 ], [ 9.1029942, 48.7401611 ], [ 9.1029882, 48.7401587 ], [ 9.1029821, 48.7401564 ], [ 9.1029759, 48.7401542 ], [ 9.1029697, 48.740152 ], [ 9.1029635, 48.7401499 ], [ 9.1029572, 48.7401478 ], [ 9.1029509, 48.7401458 ], [ 9.1029445, 48.7401439 ], [ 9.1029381, 48.740142 ], [ 9.1029316, 48.7401402 ], [ 9.1029251, 48.7401385 ], [ 9.1029186, 48.7401368 ], [ 9.102912, 48.7401352 ], [ 9.1029054, 48.7401336 ], [ 9.1028988, 48.7401321 ], [ 9.1028921, 48.7401307 ], [ 9.1028854, 48.7401293 ], [ 9.1028787, 48.740128 ], [ 9.1028719, 48.7401268 ], [ 9.1028669, 48.7401953 ], [ 9.1016409, 48.7401527 ], [ 9.1016457, 48.7400977 ], [ 9.1017481, 48.7401016 ], [ 9.101752, 48.7400547 ], [ 9.1019594, 48.7400622 ], [ 9.1019573, 48.7400873 ], [ 9.1022589, 48.7400977 ], [ 9.1022606, 48.7400775 ], [ 9.1023684, 48.7400747 ] ] ] ] } },
{ "type": "Feature", "properties": { "fid": 17, "ogc_fid": 17, "gebnutzbez": "Gebaeude", "funktion": "Wohnhaus", "lagebeztxt": "Anneliese-Niethammer-Weg 1", "building_id": 17.0, "condition": "", "notes": "", "photo": "" }, "geometry": { "type": "MultiPolygon", "coordinates": [ [ [ [ 9.1029098, 48.7399386 ], [ 9.102936, 48.7398861 ], [ 9.1030804, 48.7399177 ], [ 9.1030541, 48.7399702 ], [ 9.1029098, 48.7399386 ] ] ] ] } },
{ "type": "Feature", "properties": { "fid": 18, "ogc_fid": 18, "gebnutzbez": "Gebaeude", "funktion": "Wohnhaus", "lagebeztxt": "Pfaffenwaldring 76B", "building_id": 18.0, "condition": "Medium", "notes": "Needs minor repairs\"\n\"Some wear and tear\"\n\"Painting required\"", "photo": "DCIM/buildings_20260429154743604.jpg" }, "geometry": { "type": "MultiPolygon", "coordinates": [ [ [ [ 9.1023783, 48.7431881 ], [ 9.1024277, 48.7431859 ], [ 9.1024242, 48.743153 ], [ 9.1025235, 48.7431489 ], [ 9.1025322, 48.7432287 ], [ 9.1025052, 48.7432299 ], [ 9.1025071, 48.7432479 ], [ 9.1023859, 48.7432534 ], [ 9.1023783, 48.7431881 ] ] ] ] } },
{ "type": "Feature", "properties": { "fid": 19, "ogc_fid": 19, "gebnutzbez": "Gebaeude", "funktion": "Wohnhaus", "lagebeztxt": "Käte-Hamburger-Weg 3", "building_id": 19.0, "condition": "", "notes": "", "photo": "" }, "geometry": { "type": "MultiPolygon", "coordinates": [ [ [ [ 9.1039535, 48.7399425 ], [ 9.1039718, 48.7398334 ], [ 9.1039856, 48.7398343 ], [ 9.1039917, 48.7397967 ], [ 9.1040207, 48.7397989 ], [ 9.1040194, 48.7398052 ], [ 9.1041181, 48.7398125 ], [ 9.1041021, 48.7399102 ], [ 9.1040899, 48.7399094 ], [ 9.1040548, 48.7399069 ], [ 9.1040529, 48.7399186 ], [ 9.1040698, 48.7399198 ], [ 9.1040647, 48.7399506 ], [ 9.1040245, 48.7399477 ], [ 9.1039535, 48.7399425 ] ] ] ] } },
{ "type": "Feature", "properties": { "fid": 20, "ogc_fid": 20, "gebnutzbez": "Gebaeude", "funktion": "Wohnhaus", "lagebeztxt": "Universitätsstraße 102A", "building_id": 20.0, "condition": "Medium", "notes": "Needs minor repairs\"\n\"Some wear and tear\"\n\"Painting required\"", "photo": "DCIM/buildings_20260429155429004.jpg" }, "geometry": { "type": "MultiPolygon", "coordinates": [ [ [ [ 9.102759, 48.7418462 ], [ 9.1027659, 48.7419105 ], [ 9.1027054, 48.7419132 ], [ 9.1027064, 48.7419231 ], [ 9.102695, 48.7419314 ], [ 9.1026804, 48.7419321 ], [ 9.1026845, 48.7419682 ], [ 9.1025926, 48.7419726 ], [ 9.1025874, 48.7419185 ], [ 9.1025912, 48.7419183 ], [ 9.1025844, 48.7418543 ], [ 9.1026669, 48.7418504 ], [ 9.1026635, 48.7418193 ], [ 9.1027555, 48.741815 ], [ 9.102759, 48.7418462 ] ] ] ] } },
{ "type": "Feature", "properties": { "fid": 21, "ogc_fid": 21, "gebnutzbez": "Gebaeude", "funktion": "Wohnhaus", "lagebeztxt": "Universitätsstraße 102B", "building_id": 21.0, "condition": "Medium", "notes": "Needs minor repairs\"\n\"Some wear and tear\"\n\"Painting required\"", "photo": "DCIM/buildings_20260429155352187.jpg" }, "geometry": { "type": "MultiPolygon", "coordinates": [ [ [ [ 9.1029087, 48.7418644 ], [ 9.1029162, 48.7419372 ], [ 9.1028195, 48.7419417 ], [ 9.102816, 48.7419083 ], [ 9.1027659, 48.7419105 ], [ 9.102759, 48.7418462 ], [ 9.102869, 48.7418412 ], [ 9.1028708, 48.7418583 ], [ 9.1028823, 48.7418656 ], [ 9.1029087, 48.7418644 ] ] ] ] } },
{ "type": "Feature", "properties": { "fid": 22, "ogc_fid": 22, "gebnutzbez": "Gebaeude", "funktion": "Wohnhaus", "lagebeztxt": "Käte-Hamburger-Weg 10", "building_id": 22.0, "condition": "", "notes": "", "photo": "" }, "geometry": { "type": "MultiPolygon", "coordinates": [ [ [ [ 9.1035578, 48.7398812 ], [ 9.1034134, 48.7398496 ], [ 9.103439, 48.7397985 ], [ 9.1035835, 48.7398301 ], [ 9.1035578, 48.7398812 ] ] ] ] } },
{ "type": "Feature", "properties": { "fid": 23, "ogc_fid": 23, "gebnutzbez": "Gebaeude", "funktion": "Wohnhaus", "lagebeztxt": "Käte-Hamburger-Weg 8", "building_id": 23.0, "condition": "", "notes": "", "photo": "" }, "geometry": { "type": "MultiPolygon", "coordinates": [ [ [ [ 9.1035323, 48.7399325 ], [ 9.1033876, 48.7399009 ], [ 9.1034134, 48.7398496 ], [ 9.1035578, 48.7398812 ], [ 9.1035323, 48.7399325 ] ] ] ] } },
{ "type": "Feature", "properties": { "fid": 24, "ogc_fid": 24, "gebnutzbez": "Gebaeude", "funktion": "Tiefgarage", "lagebeztxt": null, "building_id": 24.0, "condition": "", "notes": "", "photo": "" }, "geometry": { "type": "MultiPolygon", "coordinates": [ [ [ [ 9.1016397, 48.7394066 ], [ 9.1016563, 48.7393513 ], [ 9.101703, 48.7393573 ], [ 9.1017062, 48.7393467 ], [ 9.1017074, 48.7393469 ], [ 9.1017342, 48.7393508 ], [ 9.1017144, 48.7394167 ], [ 9.1016397, 48.7394066 ] ] ] ] } },
{ "type": "Feature", "properties": { "fid": 25, "ogc_fid": 25, "gebnutzbez": "Gebaeude", "funktion": "Wohnhaus", "lagebeztxt": "Pfaffenwaldring 72", "building_id": 25.0, "condition": "Medium", "notes": "Needs minor repairs\"\n\"Some wear and tear\"\n\"Painting required\"", "photo": "DCIM/buildings_20260429154505884.jpg" }, "geometry": { "type": "MultiPolygon", "coordinates": [ [ [ [ 9.1019816, 48.7428073 ], [ 9.102075, 48.742803 ], [ 9.1020782, 48.7428344 ], [ 9.1021629, 48.7428306 ], [ 9.1021754, 48.7429499 ], [ 9.102084, 48.7429541 ], [ 9.1020783, 48.7429003 ], [ 9.1019917, 48.7429042 ], [ 9.1019816, 48.7428073 ] ] ] ] } },
{ "type": "Feature", "properties": { "fid": 26, "ogc_fid": 26, "gebnutzbez": "Gebaeude", "funktion": "Wohnhaus", "lagebeztxt": "Universitätsstraße 96A", "building_id": 26.0, "condition": "Medium", "notes": "Needs minor repairs\"\n\"Some wear and tear\"\n\"Painting required\"", "photo": "DCIM/buildings_20260429155816234.jpg" }, "geometry": { "type": "MultiPolygon", "coordinates": [ [ [ [ 9.1019311, 48.7420402 ], [ 9.1019374, 48.7421009 ], [ 9.1018557, 48.7421045 ], [ 9.1017589, 48.7421086 ], [ 9.1017587, 48.7421067 ], [ 9.1017525, 48.7420519 ], [ 9.101705, 48.742054 ], [ 9.1016988, 48.7419936 ], [ 9.1017464, 48.7419914 ], [ 9.1018436, 48.7419871 ], [ 9.1018476, 48.7420264 ], [ 9.1018623, 48.7420257 ], [ 9.1018753, 48.7420331 ], [ 9.1018762, 48.7420428 ], [ 9.1019311, 48.7420402 ] ] ] ] } },
{ "type": "Feature", "properties": { "fid": 27, "ogc_fid": 27, "gebnutzbez": "Gebaeude", "funktion": "Wohnhaus", "lagebeztxt": "Allmandstraße 41; Nobelstraße 3, 7B, 1, 5, 9B, 9A, 11, 13A, 13B, 7A", "building_id": 27.0, "condition": "", "notes": "", "photo": "" }, "geometry": { "type": "MultiPolygon", "coordinates": [ [ [ [ 9.1021654, 48.7402809 ], [ 9.102165, 48.7402879 ], [ 9.1021308, 48.7402864 ], [ 9.1021311, 48.7402796 ], [ 9.1019577, 48.7402737 ], [ 9.1019573, 48.740281 ], [ 9.1019392, 48.7402804 ], [ 9.1019391, 48.740282 ], [ 9.1019191, 48.7402813 ], [ 9.1019197, 48.7402724 ], [ 9.101758, 48.7402668 ], [ 9.1017571, 48.7402757 ], [ 9.1017369, 48.740275 ], [ 9.1017371, 48.7402732 ], [ 9.1017194, 48.7402727 ], [ 9.1017202, 48.7402656 ], [ 9.1015337, 48.7402589 ], [ 9.1015332, 48.740266 ], [ 9.1014988, 48.7402648 ], [ 9.1014994, 48.7402577 ], [ 9.1013199, 48.7402515 ], [ 9.1013228, 48.7402154 ], [ 9.1013364, 48.740216 ], [ 9.1013398, 48.7401725 ], [ 9.1013872, 48.7401742 ], [ 9.1013893, 48.7401441 ], [ 9.1016409, 48.7401527 ], [ 9.1028669, 48.7401953 ], [ 9.1030167, 48.7402004 ], [ 9.1030122, 48.7402571 ], [ 9.1030341, 48.7402578 ], [ 9.1030579, 48.7402224 ], [ 9.1031336, 48.7402446 ], [ 9.1036552, 48.7403984 ], [ 9.1036624, 48.7403879 ], [ 9.1037162, 48.7404038 ], [ 9.1037132, 48.7404083 ], [ 9.1038458, 48.7404584 ], [ 9.1038444, 48.74046 ], [ 9.1038191, 48.7404912 ], [ 9.1038342, 48.7404966 ], [ 9.103807, 48.740529 ], [ 9.1038221, 48.7405344 ], [ 9.1037953, 48.7405675 ], [ 9.1037029, 48.7405349 ], [ 9.1037231, 48.7405099 ], [ 9.1035648, 48.7404633 ], [ 9.1035487, 48.7404872 ], [ 9.1034206, 48.7404493 ], [ 9.1034157, 48.7404563 ], [ 9.1033998, 48.7404515 ], [ 9.1033988, 48.7404529 ], [ 9.1033805, 48.7404474 ], [ 9.1033862, 48.7404391 ], [ 9.1032373, 48.7403953 ], [ 9.1032317, 48.7404036 ], [ 9.1032131, 48.7403981 ], [ 9.103214, 48.7403966 ], [ 9.1031978, 48.7403919 ], [ 9.1032027, 48.740385 ], [ 9.1031304, 48.7403637 ], [ 9.1030295, 48.7403339 ], [ 9.1030452, 48.7403107 ], [ 9.1029965, 48.7402964 ], [ 9.1029894, 48.7403078 ], [ 9.1029653, 48.740307 ], [ 9.1029652, 48.7403086 ], [ 9.1029613, 48.7403084 ], [ 9.1028873, 48.7403059 ], [ 9.1027795, 48.7403022 ], [ 9.1027789, 48.7403111 ], [ 9.1027389, 48.7403097 ], [ 9.1027395, 48.7403007 ], [ 9.1025729, 48.7402951 ], [ 9.1025724, 48.740302 ], [ 9.1025381, 48.7403008 ], [ 9.1025386, 48.7402937 ], [ 9.1023691, 48.7402879 ], [ 9.1023686, 48.7402949 ], [ 9.1023343, 48.7402938 ], [ 9.1023349, 48.7402867 ], [ 9.1021654, 48.7402809 ] ] ] ] } },
{ "type": "Feature", "properties": { "fid": 28, "ogc_fid": 28, "gebnutzbez": "Gebaeude", "funktion": "Wohnhaus", "lagebeztxt": "Universitätsstraße 84C", "building_id": 28.0, "condition": "Medium", "notes": "Needs minor repairs\"\n\"Some wear and tear\"\n\"Painting required\"", "photo": "DCIM/buildings_20260429160235120.jpg" }, "geometry": { "type": "MultiPolygon", "coordinates": [ [ [ [ 9.1024876, 48.7425707 ], [ 9.1024937, 48.7426352 ], [ 9.1024968, 48.7426664 ], [ 9.1024049, 48.7426705 ], [ 9.1024017, 48.7426391 ], [ 9.1023168, 48.742643 ], [ 9.1023047, 48.7425249 ], [ 9.1023946, 48.742521 ], [ 9.1023984, 48.742557 ], [ 9.1024129, 48.7425563 ], [ 9.1024256, 48.7425636 ], [ 9.1024266, 48.7425734 ], [ 9.1024876, 48.7425707 ] ] ] ] } },
{ "type": "Feature", "properties": { "fid": 29, "ogc_fid": 29, "gebnutzbez": "Gebaeude", "funktion": "Wohnhaus", "lagebeztxt": "Universitätsstraße 92B", "building_id": 29.0, "condition": "Medium", "notes": "Needs minor repairs\"\n\"Some wear and tear\"\n\"Painting required\"", "photo": "DCIM/buildings_20260429155918704.jpg" }, "geometry": { "type": "MultiPolygon", "coordinates": [ [ [ [ 9.1019495, 48.7422143 ], [ 9.101956, 48.7422733 ], [ 9.1019015, 48.7422757 ], [ 9.1019022, 48.7422858 ], [ 9.101891, 48.7422942 ], [ 9.1018762, 48.7422948 ], [ 9.1018802, 48.7423334 ], [ 9.1017355, 48.7423398 ], [ 9.1017294, 48.7422804 ], [ 9.1017769, 48.7422782 ], [ 9.1017711, 48.7422226 ], [ 9.1019495, 48.7422143 ] ] ] ] } },
{ "type": "Feature", "properties": { "fid": 30, "ogc_fid": 30, "gebnutzbez": "Gebaeude", "funktion": "Wohnhaus", "lagebeztxt": "Allmandring 3E", "building_id": 30.0, "condition": "Medium", "notes": "Needs minor repairs\"\n\"Some wear and tear\"\n\"Painting required\"", "photo": "DCIM/buildings_20260428195128120.jpg" }, "geometry": { "type": "MultiPolygon", "coordinates": [ [ [ [ 9.1009388, 48.7432093 ], [ 9.1009374, 48.743197 ], [ 9.100907, 48.7431983 ], [ 9.100902, 48.7431509 ], [ 9.1009325, 48.7431495 ], [ 9.1009252, 48.7430812 ], [ 9.1008948, 48.7430827 ], [ 9.1008896, 48.7430352 ], [ 9.1009203, 48.7430338 ], [ 9.1009142, 48.7429765 ], [ 9.1010147, 48.7429718 ], [ 9.1010392, 48.7432045 ], [ 9.1009388, 48.7432093 ] ] ] ] } },
{ "type": "Feature", "properties": { "fid": 31, "ogc_fid": 31, "gebnutzbez": "Gebaeude", "funktion": "Wohnhaus", "lagebeztxt": "Käte-Hamburger-Weg 12", "building_id": 31.0, "condition": "", "notes": "", "photo": "" }, "geometry": { "type": "MultiPolygon", "coordinates": [ [ [ [ 9.1035835, 48.7398301 ], [ 9.103439, 48.7397985 ], [ 9.1034646, 48.7397473 ], [ 9.1036091, 48.7397789 ], [ 9.1035835, 48.7398301 ] ] ] ] } },
{ "type": "Feature", "properties": { "fid": 32, "ogc_fid": 32, "gebnutzbez": "Gebaeude", "funktion": "Wohnhaus", "lagebeztxt": "Universitätsstraße 96C", "building_id": 32.0, "condition": "Medium", "notes": "", "photo": "DCIM/buildings_20260429155655440.jpg" }, "geometry": { "type": "MultiPolygon", "coordinates": [ [ [ [ 9.1020604, 48.7418787 ], [ 9.1020727, 48.7419966 ], [ 9.1019827, 48.7420008 ], [ 9.1019789, 48.7419647 ], [ 9.1019642, 48.7419653 ], [ 9.1019516, 48.741958 ], [ 9.1019505, 48.7419482 ], [ 9.1018909, 48.7419511 ], [ 9.1018837, 48.7418869 ], [ 9.1018805, 48.7418553 ], [ 9.1019724, 48.7418513 ], [ 9.1019754, 48.7418826 ], [ 9.1020604, 48.7418787 ] ] ] ] } },
{ "type": "Feature", "properties": { "fid": 33, "ogc_fid": 33, "gebnutzbez": "Gebaeude", "funktion": "Wohnhaus", "lagebeztxt": "Käte-Hamburger-Weg 14", "building_id": 33.0, "condition": "", "notes": "", "photo": "" }, "geometry": { "type": "MultiPolygon", "coordinates": [ [ [ [ 9.1036091, 48.7397789 ], [ 9.1034646, 48.7397473 ], [ 9.1034909, 48.7396948 ], [ 9.1035039, 48.7396977 ], [ 9.103523, 48.7396597 ], [ 9.1036417, 48.7396858 ], [ 9.1036223, 48.7397239 ], [ 9.1036352, 48.7397268 ], [ 9.1036091, 48.7397789 ] ] ] ] } },
{ "type": "Feature", "properties": { "fid": 34, "ogc_fid": 34, "gebnutzbez": "Gebaeude", "funktion": "Wohnhaus", "lagebeztxt": "Gräfin-von-Linden-Weg 19", "building_id": 34.0, "condition": "", "notes": "", "photo": "" }, "geometry": { "type": "MultiPolygon", "coordinates": [ [ [ [ 9.1021205, 48.7394215 ], [ 9.1022726, 48.7394158 ], [ 9.102277, 48.7394697 ], [ 9.1021251, 48.7394754 ], [ 9.1021205, 48.7394215 ] ] ] ] } },
{ "type": "Feature", "properties": { "fid": 35, "ogc_fid": 35, "gebnutzbez": "Gebaeude", "funktion": "Wohnhaus", "lagebeztxt": "Anneliese-Niethammer-Weg 14", "building_id": 35.0, "condition": "", "notes": "", "photo": "" }, "geometry": { "type": "MultiPolygon", "coordinates": [ [ [ [ 9.1027512, 48.7396191 ], [ 9.1026064, 48.7395876 ], [ 9.1026322, 48.7395363 ], [ 9.1027768, 48.739568 ], [ 9.1027512, 48.7396191 ] ] ] ] } },
{ "type": "Feature", "properties": { "fid": 36, "ogc_fid": 36, "gebnutzbez": "Gebaeude", "funktion": "Wohnhaus", "lagebeztxt": "Universitätsstraße 98B", "building_id": 36.0, "condition": "Medium", "notes": "", "photo": "DCIM/buildings_20260429155522125.jpg" }, "geometry": { "type": "MultiPolygon", "coordinates": [ [ [ [ 9.1024077, 48.7418623 ], [ 9.1024194, 48.7419806 ], [ 9.10233, 48.7419847 ], [ 9.102326, 48.7419485 ], [ 9.1023114, 48.7419492 ], [ 9.1022985, 48.741942 ], [ 9.1022974, 48.7419321 ], [ 9.1022397, 48.7419348 ], [ 9.1022304, 48.7418391 ], [ 9.1023199, 48.7418348 ], [ 9.1023234, 48.7418661 ], [ 9.1024077, 48.7418623 ] ] ] ] } },
{ "type": "Feature", "properties": { "fid": 37, "ogc_fid": 37, "gebnutzbez": "Gebaeude", "funktion": "Wohnhaus", "lagebeztxt": "Anneliese-Niethammer-Weg 2", "building_id": 37.0, "condition": "", "notes": "", "photo": "" }, "geometry": { "type": "MultiPolygon", "coordinates": [ [ [ [ 9.1027157, 48.7398858 ], [ 9.1027203, 48.7399406 ], [ 9.1025685, 48.7399463 ], [ 9.1025638, 48.7398914 ], [ 9.1027157, 48.7398858 ] ] ] ] } },
{ "type": "Feature", "properties": { "fid": 38, "ogc_fid": 38, "gebnutzbez": "Gebaeude", "funktion": "Wohnhaus", "lagebeztxt": "Gräfin-von-Linden-Weg 21", "building_id": 38.0, "condition": "", "notes": "", "photo": "" }, "geometry": { "type": "MultiPolygon", "coordinates": [ [ [ [ 9.1021158, 48.7393659 ], [ 9.1021294, 48.7393654 ], [ 9.1021263, 48.7393254 ], [ 9.1022513, 48.739321 ], [ 9.102254, 48.7393608 ], [ 9.1022678, 48.7393603 ], [ 9.1022726, 48.7394158 ], [ 9.1021205, 48.7394215 ], [ 9.1021158, 48.7393659 ] ] ] ] } },
{ "type": "Feature", "properties": { "fid": 39, "ogc_fid": 39, "gebnutzbez": "Gebaeude", "funktion": "Wohnhaus", "lagebeztxt": "Anneliese-Niethammer-Weg 5", "building_id": 39.0, "condition": "", "notes": "", "photo": "" }, "geometry": { "type": "MultiPolygon", "coordinates": [ [ [ [ 9.1029618, 48.739835 ], [ 9.1029874, 48.7397837 ], [ 9.1031318, 48.7398153 ], [ 9.103106, 48.7398664 ], [ 9.1029618, 48.739835 ] ] ] ] } },
{ "type": "Feature", "properties": { "fid": 40, "ogc_fid": 40, "gebnutzbez": "Gebaeude", "funktion": "Kinderkrippe, Kindergarten, Kindertagesstätte", "lagebeztxt": "Allmandstraße 29", "building_id": 40.0, "condition": "", "notes": "", "photo": "" }, "geometry": { "type": "MultiPolygon", "coordinates": [ [ [ [ 9.1043988, 48.7402274 ], [ 9.1043572, 48.7402077 ], [ 9.1043511, 48.7402133 ], [ 9.1043156, 48.7401963 ], [ 9.1043017, 48.740209 ], [ 9.1042143, 48.7401674 ], [ 9.1042958, 48.7400929 ], [ 9.1043515, 48.7401195 ], [ 9.1043694, 48.7401028 ], [ 9.1043344, 48.7400862 ], [ 9.1044157, 48.7400114 ], [ 9.1045034, 48.7400527 ], [ 9.1044897, 48.7400655 ], [ 9.1045029, 48.7400718 ], [ 9.1046177, 48.7399656 ], [ 9.1046617, 48.7399862 ], [ 9.1043988, 48.7402274 ] ] ] ] } },
{ "type": "Feature", "properties": { "fid": 41, "ogc_fid": 41, "gebnutzbez": "Gebaeude", "funktion": "Wohnhaus", "lagebeztxt": "Universitätsstraße 84A", "building_id": 41.0, "condition": "Medium", "notes": "", "photo": "DCIM/buildings_20260429160311156.jpg" }, "geometry": { "type": "MultiPolygon", "coordinates": [ [ [ [ 9.1026187, 48.7424137 ], [ 9.1026245, 48.7424699 ], [ 9.102672, 48.7424678 ], [ 9.1026781, 48.7425286 ], [ 9.1026308, 48.7425308 ], [ 9.1025338, 48.7425353 ], [ 9.1025298, 48.7424953 ], [ 9.1025151, 48.742496 ], [ 9.1025026, 48.7424888 ], [ 9.1025015, 48.7424791 ], [ 9.1024465, 48.7424817 ], [ 9.10244, 48.742422 ], [ 9.1026187, 48.7424137 ] ] ] ] } },
{ "type": "Feature", "properties": { "fid": 42, "ogc_fid": 42, "gebnutzbez": "Gebaeude", "funktion": "Wohnhaus", "lagebeztxt": "Gräfin-von-Linden-Weg 1", "building_id": 42.0, "condition": "", "notes": "", "photo": "" }, "geometry": { "type": "MultiPolygon", "coordinates": [ [ [ [ 9.1021091, 48.7399083 ], [ 9.1022612, 48.7399026 ], [ 9.1022659, 48.739958 ], [ 9.1021139, 48.7399638 ], [ 9.1021091, 48.7399083 ] ] ] ] } },
{ "type": "Feature", "properties": { "fid": 43, "ogc_fid": 43, "gebnutzbez": "Gebaeude", "funktion": "Wohnhaus", "lagebeztxt": "Universitätsstraße 84B", "building_id": 43.0, "condition": "Medium", "notes": "", "photo": "DCIM/buildings_20260429160251310.jpg" }, "geometry": { "type": "MultiPolygon", "coordinates": [ [ [ [ 9.1026308, 48.7425308 ], [ 9.1026383, 48.7426036 ], [ 9.1026118, 48.7426048 ], [ 9.1026018, 48.7426127 ], [ 9.1026036, 48.7426302 ], [ 9.1024937, 48.7426352 ], [ 9.1024876, 48.7425707 ], [ 9.1025371, 48.7425684 ], [ 9.1025338, 48.7425353 ], [ 9.1026308, 48.7425308 ] ] ] ] } },
{ "type": "Feature", "properties": { "fid": 44, "ogc_fid": 44, "gebnutzbez": "Gebaeude", "funktion": "Wohnhaus", "lagebeztxt": "Universitätsstraße 92A", "building_id": 44.0, "condition": "Medium", "notes": "", "photo": "DCIM/buildings_20260429160019133.jpg" }, "geometry": { "type": "MultiPolygon", "coordinates": [ [ [ [ 9.1019675, 48.7423853 ], [ 9.1019735, 48.7424442 ], [ 9.1017953, 48.7424524 ], [ 9.1017894, 48.7423971 ], [ 9.1017418, 48.7423993 ], [ 9.1017355, 48.7423398 ], [ 9.1018802, 48.7423334 ], [ 9.1018841, 48.7423716 ], [ 9.1018987, 48.7423709 ], [ 9.1019113, 48.7423781 ], [ 9.1019124, 48.742388 ], [ 9.1019675, 48.7423853 ] ] ] ] } },
{ "type": "Feature", "properties": { "fid": 45, "ogc_fid": 45, "gebnutzbez": "Gebaeude", "funktion": "Wohnhaus", "lagebeztxt": "Pfaffenwaldring 74A", "building_id": 45.0, "condition": "Medium", "notes": "", "photo": "DCIM/buildings_20260429154543312.jpg" }, "geometry": { "type": "MultiPolygon", "coordinates": [ [ [ [ 9.1021629, 48.7428306 ], [ 9.1022477, 48.7428266 ], [ 9.1022443, 48.7427952 ], [ 9.1023375, 48.742791 ], [ 9.102341, 48.7428238 ], [ 9.1023479, 48.7428879 ], [ 9.1022613, 48.7428918 ], [ 9.102267, 48.7429458 ], [ 9.1021754, 48.7429499 ], [ 9.1021629, 48.7428306 ] ] ] ] } },
{ "type": "Feature", "properties": { "fid": 46, "ogc_fid": 46, "gebnutzbez": "Gebaeude", "funktion": "Hochschulgebäude (Fachhochschule, Universität)", "lagebeztxt": "Pfaffenwaldring 60", "building_id": 46.0, "condition": "Medium", "notes": "", "photo": "DCIM/buildings_20260428175208333.jpg" }, "geometry": { "type": "MultiPolygon", "coordinates": [ [ [ [ 9.1022261, 48.744382 ], [ 9.1019419, 48.7443823 ], [ 9.1019417, 48.7440916 ], [ 9.1019678, 48.7440871 ], [ 9.1020133, 48.7440793 ], [ 9.1020137, 48.7440801 ], [ 9.1020902, 48.7440677 ], [ 9.1021626, 48.743941 ], [ 9.1020886, 48.7439281 ], [ 9.1020886, 48.743924 ], [ 9.1020897, 48.743924 ], [ 9.1020912, 48.7438671 ], [ 9.1024032, 48.7438715 ], [ 9.1022261, 48.744382 ] ] ] ] } },
{ "type": "Feature", "properties": { "fid": 47, "ogc_fid": 47, "gebnutzbez": "Gebaeude", "funktion": "Wohnhaus", "lagebeztxt": "Universitätsstraße 100", "building_id": 47.0, "condition": "Medium", "notes": "", "photo": "DCIM/buildings_20260429155457629.jpg" }, "geometry": { "type": "MultiPolygon", "coordinates": [ [ [ [ 9.1025844, 48.7418543 ], [ 9.1025912, 48.7419183 ], [ 9.1025874, 48.7419185 ], [ 9.1025308, 48.7419214 ], [ 9.1025319, 48.7419313 ], [ 9.102521, 48.7419399 ], [ 9.1025061, 48.7419405 ], [ 9.1025094, 48.7419764 ], [ 9.1024194, 48.7419806 ], [ 9.1024077, 48.7418623 ], [ 9.1024923, 48.7418584 ], [ 9.1024891, 48.7418272 ], [ 9.1025811, 48.741823 ], [ 9.1025844, 48.7418543 ] ] ] ] } },
{ "type": "Feature", "properties": { "fid": 48, "ogc_fid": 48, "gebnutzbez": "Gebaeude", "funktion": "Wohnhaus", "lagebeztxt": "Anneliese-Niethammer-Weg 16", "building_id": 48.0, "condition": "", "notes": "", "photo": "" }, "geometry": { "type": "MultiPolygon", "coordinates": [ [ [ [ 9.1027768, 48.739568 ], [ 9.1026322, 48.7395363 ], [ 9.1026578, 48.739485 ], [ 9.1028024, 48.7395167 ], [ 9.1027768, 48.739568 ] ] ] ] } },
{ "type": "Feature", "properties": { "fid": 49, "ogc_fid": 49, "gebnutzbez": "Gebaeude", "funktion": "Forschungsinstitut", "lagebeztxt": null, "building_id": 49.0, "condition": "", "notes": "", "photo": "" }, "geometry": { "type": "MultiPolygon", "coordinates": [ [ [ [ 9.1011106, 48.7439296 ], [ 9.1011134, 48.7439268 ], [ 9.1011164, 48.743924 ], [ 9.1011194, 48.7439212 ], [ 9.1011225, 48.7439185 ], [ 9.1011257, 48.7439158 ], [ 9.101129, 48.7439132 ], [ 9.1011324, 48.7439106 ], [ 9.1011358, 48.743908 ], [ 9.1011393, 48.7439055 ], [ 9.1011429, 48.7439031 ], [ 9.1011466, 48.7439007 ], [ 9.1011503, 48.7438983 ], [ 9.1011541, 48.743896 ], [ 9.101158, 48.7438937 ], [ 9.101162, 48.7438915 ], [ 9.101166, 48.7438894 ], [ 9.10117, 48.7438873 ], [ 9.1011742, 48.7438852 ], [ 9.1011784, 48.7438833 ], [ 9.1011827, 48.7438813 ], [ 9.101187, 48.7438794 ], [ 9.1011913, 48.7438776 ], [ 9.1011958, 48.7438759 ], [ 9.1012003, 48.7438742 ], [ 9.1012048, 48.7438725 ], [ 9.1012094, 48.743871 ], [ 9.101214, 48.7438694 ], [ 9.1012187, 48.743868 ], [ 9.1012234, 48.7438666 ], [ 9.1012282, 48.7438653 ], [ 9.101233, 48.743864 ], [ 9.1012378, 48.7438628 ], [ 9.1012427, 48.7438617 ], [ 9.1012476, 48.7438606 ], [ 9.1012525, 48.7438596 ], [ 9.1012575, 48.7438586 ], [ 9.1012625, 48.7438578 ], [ 9.1012675, 48.743857 ], [ 9.1012725, 48.7438562 ], [ 9.1012776, 48.7438555 ], [ 9.1013061, 48.7439568 ], [ 9.1011702, 48.743963 ], [ 9.1011694, 48.7439555 ], [ 9.1011106, 48.7439296 ] ] ] ] } },
{ "type": "Feature", "properties": { "fid": 50, "ogc_fid": 50, "gebnutzbez": "Gebaeude", "funktion": "Umformer", "lagebeztxt": "Allmandring 3/1", "building_id": 50.0, "condition": "Medium", "notes": "", "photo": "DCIM/buildings_20260428200422271.jpg" }, "geometry": { "type": "MultiPolygon", "coordinates": [ [ [ [ 9.1013221, 48.7426352 ], [ 9.1013631, 48.7426332 ], [ 9.1013672, 48.742671 ], [ 9.1013261, 48.742673 ], [ 9.1013221, 48.7426352 ] ] ] ] } },
{ "type": "Feature", "properties": { "fid": 51, "ogc_fid": 51, "gebnutzbez": "Gebaeude", "funktion": "Wohnhaus", "lagebeztxt": "Anneliese-Niethammer-Weg 3", "building_id": 51.0, "condition": "", "notes": "", "photo": "" }, "geometry": { "type": "MultiPolygon", "coordinates": [ [ [ [ 9.102936, 48.7398861 ], [ 9.1029618, 48.739835 ], [ 9.103106, 48.7398664 ], [ 9.1030804, 48.7399177 ], [ 9.102936, 48.7398861 ] ] ] ] } },
{ "type": "Feature", "properties": { "fid": 52, "ogc_fid": 52, "gebnutzbez": "Gebaeude", "funktion": "Wohnhaus", "lagebeztxt": "Gräfin-von-Linden-Weg 9", "building_id": 52.0, "condition": "", "notes": "", "photo": "" }, "geometry": { "type": "MultiPolygon", "coordinates": [ [ [ [ 9.102091, 48.7396927 ], [ 9.1022429, 48.7396871 ], [ 9.1022475, 48.739741 ], [ 9.1020953, 48.7397466 ], [ 9.102091, 48.7396927 ] ] ] ] } },
{ "type": "Feature", "properties": { "fid": 53, "ogc_fid": 53, "gebnutzbez": "Gebaeude", "funktion": "Wohnhaus", "lagebeztxt": "Universitätsstraße 104A", "building_id": 53.0, "condition": "Medium", "notes": "", "photo": "DCIM/buildings_20260429155228812.jpg" }, "geometry": { "type": "MultiPolygon", "coordinates": [ [ [ [ 9.1029286, 48.7420533 ], [ 9.1029345, 48.7421098 ], [ 9.1029821, 48.7421077 ], [ 9.1029885, 48.7421682 ], [ 9.102941, 48.7421706 ], [ 9.1028442, 48.7421755 ], [ 9.1028399, 48.7421354 ], [ 9.102825, 48.7421361 ], [ 9.1028122, 48.7421288 ], [ 9.1028111, 48.7421189 ], [ 9.1027567, 48.7421213 ], [ 9.1027502, 48.7420623 ], [ 9.1029286, 48.7420533 ] ] ] ] } },
{ "type": "Feature", "properties": { "fid": 54, "ogc_fid": 54, "gebnutzbez": "Gebaeude", "funktion": "Wohnhaus", "lagebeztxt": "Anneliese-Niethammer-Weg 11", "building_id": 54.0, "condition": "", "notes": "", "photo": "" }, "geometry": { "type": "MultiPolygon", "coordinates": [ [ [ [ 9.1030387, 48.7396813 ], [ 9.1030643, 48.73963 ], [ 9.1032086, 48.7396616 ], [ 9.103183, 48.7397128 ], [ 9.1030387, 48.7396813 ] ] ] ] } },
{ "type": "Feature", "properties": { "fid": 55, "ogc_fid": 55, "gebnutzbez": "Gebaeude", "funktion": "Wohnhaus", "lagebeztxt": "Anneliese-Niethammer-Weg 12", "building_id": 55.0, "condition": "", "notes": "", "photo": "" }, "geometry": { "type": "MultiPolygon", "coordinates": [ [ [ [ 9.1027256, 48.7396704 ], [ 9.1025808, 48.7396387 ], [ 9.1026064, 48.7395876 ], [ 9.1027512, 48.7396191 ], [ 9.1027256, 48.7396704 ] ] ] ] } },
{ "type": "Feature", "properties": { "fid": 56, "ogc_fid": 56, "gebnutzbez": "Gebaeude", "funktion": "Wohn- und Bürogebäude", "lagebeztxt": "Gräfin-von-Linden-Weg 14", "building_id": 56.0, "condition": "", "notes": "", "photo": "" }, "geometry": { "type": "MultiPolygon", "coordinates": [ [ [ [ 9.1018715, 48.7394375 ], [ 9.1018702, 48.7394373 ], [ 9.1017159, 48.739417 ], [ 9.1017144, 48.7394167 ], [ 9.1017342, 48.7393508 ], [ 9.1017432, 48.7393521 ], [ 9.101884, 48.7393703 ], [ 9.1018915, 48.7393714 ], [ 9.1018715, 48.7394375 ] ] ] ] } },
{ "type": "Feature", "properties": { "fid": 57, "ogc_fid": 57, "gebnutzbez": "Gebaeude", "funktion": "Wohnhaus", "lagebeztxt": "Allmandring 3C", "building_id": 57.0, "condition": "Medium", "notes": "", "photo": "DCIM/buildings_20260428195901404.jpg" }, "geometry": { "type": "MultiPolygon", "coordinates": [ [ [ [ 9.1014788, 48.7431843 ], [ 9.1014775, 48.7431719 ], [ 9.1014469, 48.7431733 ], [ 9.1014419, 48.743126 ], [ 9.1014725, 48.7431245 ], [ 9.1014653, 48.7430563 ], [ 9.1014349, 48.7430576 ], [ 9.1014299, 48.7430101 ], [ 9.1014603, 48.7430088 ], [ 9.1014544, 48.7429516 ], [ 9.1015552, 48.742947 ], [ 9.1015794, 48.7431796 ], [ 9.1014788, 48.7431843 ] ] ] ] } },
{ "type": "Feature", "properties": { "fid": 58, "ogc_fid": 58, "gebnutzbez": "Gebaeude", "funktion": "Tiefgarage", "lagebeztxt": null, "building_id": 58.0, "condition": "", "notes": "", "photo": "" }, "geometry": { "type": "MultiPolygon", "coordinates": [ [ [ [ 9.1016503, 48.7397389 ], [ 9.1016915, 48.7397443 ], [ 9.1017025, 48.739805 ], [ 9.1016975, 48.7398053 ], [ 9.1017096, 48.7398724 ], [ 9.1017146, 48.7398719 ], [ 9.1017188, 48.7398954 ], [ 9.1017256, 48.7398948 ], [ 9.1017291, 48.7399144 ], [ 9.1016823, 48.7399182 ], [ 9.101654, 48.7398411 ], [ 9.1016503, 48.7397389 ] ] ] ] } },
{ "type": "Feature", "properties": { "fid": 59, "ogc_fid": 59, "gebnutzbez": "Gebaeude", "funktion": "Wohnhaus", "lagebeztxt": "Pfaffenwaldring 64A", "building_id": 59.0, "condition": "Medium", "notes": "", "photo": "DCIM/buildings_20260429153738753.jpg" }, "geometry": { "type": "MultiPolygon", "coordinates": [ [ [ [ 9.1024033, 48.743419 ], [ 9.1024518, 48.7434167 ], [ 9.1024479, 48.7433797 ], [ 9.1025467, 48.7433751 ], [ 9.1025558, 48.7434593 ], [ 9.102529, 48.7434608 ], [ 9.1025308, 48.7434787 ], [ 9.1024103, 48.743484 ], [ 9.1024033, 48.743419 ] ] ] ] } },
{ "type": "Feature", "properties": { "fid": 60, "ogc_fid": 60, "gebnutzbez": "Gebaeude", "funktion": "Wohnhaus", "lagebeztxt": "Käte-Hamburger-Weg 6", "building_id": 60.0, "condition": "", "notes": "", "photo": "" }, "geometry": { "type": "MultiPolygon", "coordinates": [ [ [ [ 9.1035065, 48.7399837 ], [ 9.103362, 48.7399521 ], [ 9.1033876, 48.7399009 ], [ 9.1035323, 48.7399325 ], [ 9.1035065, 48.7399837 ] ] ] ] } },
{ "type": "Feature", "properties": { "fid": 61, "ogc_fid": 61, "gebnutzbez": "Gebaeude", "funktion": "Wohnhaus", "lagebeztxt": "Universitätsstraße 90", "building_id": 61.0, "condition": "Medium", "notes": "", "photo": "DCIM/buildings_20260429160047331.jpg" }, "geometry": { "type": "MultiPolygon", "coordinates": [ [ [ [ 9.1019735, 48.7424442 ], [ 9.1019796, 48.7425034 ], [ 9.1019252, 48.7425057 ], [ 9.1019262, 48.7425156 ], [ 9.1019153, 48.7425241 ], [ 9.1019003, 48.7425248 ], [ 9.1019045, 48.7425643 ], [ 9.1017599, 48.7425709 ], [ 9.1017535, 48.7425101 ], [ 9.1018013, 48.742508 ], [ 9.1017953, 48.7424524 ], [ 9.1019735, 48.7424442 ] ] ] ] } },
{ "type": "Feature", "properties": { "fid": 62, "ogc_fid": 62, "gebnutzbez": "Gebaeude", "funktion": "Wohnhaus", "lagebeztxt": "Gräfin-von-Linden-Weg 4", "building_id": 62.0, "condition": "", "notes": "", "photo": "" }, "geometry": { "type": "MultiPolygon", "coordinates": [ [ [ [ 9.1018514, 48.7397552 ], [ 9.101878, 48.7399026 ], [ 9.1017291, 48.7399144 ], [ 9.1017256, 48.7398948 ], [ 9.1017188, 48.7398954 ], [ 9.1017146, 48.7398719 ], [ 9.1017096, 48.7398724 ], [ 9.1016975, 48.7398053 ], [ 9.1017025, 48.739805 ], [ 9.1016915, 48.7397443 ], [ 9.1017748, 48.7397552 ], [ 9.101804, 48.739759 ], [ 9.1018514, 48.7397552 ] ] ] ] } },
{ "type": "Feature", "properties": { "fid": 63, "ogc_fid": 63, "gebnutzbez": "Gebaeude", "funktion": "Geschäftsgebäude", "lagebeztxt": null, "building_id": 63.0, "condition": "", "notes": "", "photo": "" }, "geometry": { "type": "MultiPolygon", "coordinates": [ [ [ [ 9.1028669, 48.7401953 ], [ 9.1028719, 48.7401268 ], [ 9.1028787, 48.740128 ], [ 9.1028854, 48.7401293 ], [ 9.1028921, 48.7401307 ], [ 9.1028988, 48.7401321 ], [ 9.1029054, 48.7401336 ], [ 9.102912, 48.7401352 ], [ 9.1029186, 48.7401368 ], [ 9.1029251, 48.7401385 ], [ 9.1029316, 48.7401402 ], [ 9.1029381, 48.740142 ], [ 9.1029445, 48.7401439 ], [ 9.1029509, 48.7401458 ], [ 9.1029572, 48.7401478 ], [ 9.1029635, 48.7401499 ], [ 9.1029697, 48.740152 ], [ 9.1029759, 48.7401542 ], [ 9.1029821, 48.7401564 ], [ 9.1029882, 48.7401587 ], [ 9.1029942, 48.7401611 ], [ 9.1030002, 48.7401635 ], [ 9.1030062, 48.7401659 ], [ 9.103012, 48.7401685 ], [ 9.1030179, 48.740171 ], [ 9.1030236, 48.7401737 ], [ 9.1030293, 48.7401764 ], [ 9.103035, 48.7401791 ], [ 9.1030406, 48.7401819 ], [ 9.1030461, 48.7401848 ], [ 9.1030516, 48.7401877 ], [ 9.103057, 48.7401906 ], [ 9.1030623, 48.7401937 ], [ 9.1030675, 48.7401967 ], [ 9.1030727, 48.7401998 ], [ 9.1030779, 48.740203 ], [ 9.1030829, 48.7402062 ], [ 9.1030879, 48.7402095 ], [ 9.1030928, 48.7402128 ], [ 9.1030977, 48.7402161 ], [ 9.1031024, 48.7402195 ], [ 9.1031071, 48.740223 ], [ 9.1031117, 48.7402265 ], [ 9.1031163, 48.74023 ], [ 9.1031207, 48.7402336 ], [ 9.1031251, 48.7402372 ], [ 9.1031294, 48.7402409 ], [ 9.1031336, 48.7402446 ], [ 9.1030579, 48.7402224 ], [ 9.1030341, 48.7402578 ], [ 9.1030122, 48.7402571 ], [ 9.1030167, 48.7402004 ], [ 9.1028669, 48.7401953 ] ] ] ] } },
{ "type": "Feature", "properties": { "fid": 64, "ogc_fid": 64, "gebnutzbez": "Gebaeude", "funktion": "Wohnhaus", "lagebeztxt": "Pfaffenwaldring 66B", "building_id": 64.0, "condition": "Medium", "notes": "", "photo": "DCIM/buildings_20260429154145600.jpg" }, "geometry": { "type": "MultiPolygon", "coordinates": [ [ [ [ 9.1018963, 48.7434096 ], [ 9.1019956, 48.743405 ], [ 9.1019989, 48.7434373 ], [ 9.1020465, 48.7434351 ], [ 9.1020532, 48.7435001 ], [ 9.1019339, 48.7435059 ], [ 9.1019318, 48.743488 ], [ 9.1019047, 48.7434893 ], [ 9.1018963, 48.7434096 ] ] ] ] } },
{ "type": "Feature", "properties": { "fid": 65, "ogc_fid": 65, "gebnutzbez": "Gebaeude", "funktion": "Wohnhaus", "lagebeztxt": "Käte-Hamburger-Weg 1", "building_id": 65.0, "condition": "", "notes": "", "photo": "" }, "geometry": { "type": "MultiPolygon", "coordinates": [ [ [ [ 9.1037039, 48.7401664 ], [ 9.1039162, 48.7399744 ], [ 9.1039293, 48.7399807 ], [ 9.1039553, 48.739957 ], [ 9.1039924, 48.7399749 ], [ 9.1040404, 48.7399981 ], [ 9.1039575, 48.7400732 ], [ 9.1039692, 48.7400789 ], [ 9.1039742, 48.7400813 ], [ 9.103785, 48.7402527 ], [ 9.1037459, 48.7402339 ], [ 9.10374, 48.740231 ], [ 9.1037462, 48.7402254 ], [ 9.103689, 48.740198 ], [ 9.1037169, 48.7401727 ], [ 9.1037039, 48.7401664 ] ] ] ] } },
{ "type": "Feature", "properties": { "fid": 66, "ogc_fid": 66, "gebnutzbez": "Gebaeude", "funktion": "Wohnhaus", "lagebeztxt": "Pfaffenwaldring 68A", "building_id": 66.0, "condition": "Medium", "notes": "", "photo": "DCIM/buildings_20260429154246483.jpg" }, "geometry": { "type": "MultiPolygon", "coordinates": [ [ [ [ 9.1018784, 48.7432359 ], [ 9.1018308, 48.743238 ], [ 9.1018244, 48.7431789 ], [ 9.101971, 48.7431725 ], [ 9.1019768, 48.7432268 ], [ 9.1020585, 48.7432231 ], [ 9.1020648, 48.7432836 ], [ 9.1018842, 48.7432919 ], [ 9.1018784, 48.7432359 ] ] ] ] } },
{ "type": "Feature", "properties": { "fid": 67, "ogc_fid": 67, "gebnutzbez": "Gebaeude", "funktion": "Wohnhaus", "lagebeztxt": null, "building_id": 67.0, "condition": "Medium", "notes": "", "photo": "DCIM/buildings_20260428195927374.jpg" }, "geometry": { "type": "MultiPolygon", "coordinates": [ [ [ [ 9.1012293, 48.7431957 ], [ 9.1012048, 48.742963 ], [ 9.1013053, 48.7429584 ], [ 9.1013113, 48.7430156 ], [ 9.1013417, 48.7430143 ], [ 9.1013467, 48.7430618 ], [ 9.1013163, 48.7430631 ], [ 9.1013233, 48.7431314 ], [ 9.1013539, 48.74313 ], [ 9.1013589, 48.7431774 ], [ 9.1013283, 48.7431788 ], [ 9.1013296, 48.7431911 ], [ 9.1012293, 48.7431957 ] ] ] ] } },
{ "type": "Feature", "properties": { "fid": 68, "ogc_fid": 68, "gebnutzbez": "Gebaeude", "funktion": "Wohnhaus", "lagebeztxt": "Gräfin-von-Linden-Weg 13", "building_id": 68.0, "condition": "", "notes": "", "photo": "" }, "geometry": { "type": "MultiPolygon", "coordinates": [ [ [ [ 9.1021342, 48.7395831 ], [ 9.1022862, 48.7395775 ], [ 9.1022907, 48.7396313 ], [ 9.1020864, 48.7396388 ], [ 9.1020863, 48.7396379 ], [ 9.1021385, 48.7396358 ], [ 9.1021342, 48.7395831 ] ] ] ] } },
{ "type": "Feature", "properties": { "fid": 69, "ogc_fid": 69, "gebnutzbez": "Gebaeude", "funktion": "Wohnhaus", "lagebeztxt": "Allmandring 3D", "building_id": 69.0, "condition": "Medium", "notes": "", "photo": "DCIM/buildings_20260428195346640.jpg" }, "geometry": { "type": "MultiPolygon", "coordinates": [ [ [ [ 9.1014298, 48.7427189 ], [ 9.1015308, 48.7427144 ], [ 9.1015552, 48.742947 ], [ 9.1014544, 48.7429516 ], [ 9.1014531, 48.7429404 ], [ 9.1014227, 48.7429418 ], [ 9.1014177, 48.7428945 ], [ 9.1014481, 48.742893 ], [ 9.1014411, 48.7428247 ], [ 9.1014105, 48.7428261 ], [ 9.1014055, 48.7427786 ], [ 9.1014361, 48.7427772 ], [ 9.1014298, 48.7427189 ] ] ] ] } },
{ "type": "Feature", "properties": { "fid": 70, "ogc_fid": 70, "gebnutzbez": "Gebaeude", "funktion": "Wohnhaus", "lagebeztxt": "Anneliese-Niethammer-Weg 7", "building_id": 70.0, "condition": "", "notes": "", "photo": "" }, "geometry": { "type": "MultiPolygon", "coordinates": [ [ [ [ 9.1029874, 48.7397837 ], [ 9.103013, 48.7397325 ], [ 9.1031574, 48.7397641 ], [ 9.1031318, 48.7398153 ], [ 9.1029874, 48.7397837 ] ] ] ] } },
{ "type": "Feature", "properties": { "fid": 71, "ogc_fid": 71, "gebnutzbez": "Gebaeude", "funktion": "Wohnhaus", "lagebeztxt": "Anneliese-Niethammer-Weg 6", "building_id": 71.0, "condition": "", "notes": "", "photo": "" }, "geometry": { "type": "MultiPolygon", "coordinates": [ [ [ [ 9.1027066, 48.7397781 ], [ 9.1027111, 48.739832 ], [ 9.1025593, 48.7398376 ], [ 9.1025547, 48.7397837 ], [ 9.1027066, 48.7397781 ] ] ] ] } },
{ "type": "Feature", "properties": { "fid": 72, "ogc_fid": 72, "gebnutzbez": "Gebaeude", "funktion": "Gaststätte, Restaurant", "lagebeztxt": "Pfaffenwaldring 62", "building_id": 72.0, "condition": "Medium", "notes": "", "photo": "DCIM/buildings_20260428180000022.jpg" }, "geometry": { "type": "MultiPolygon", "coordinates": [ [ [ [ 9.1022988, 48.7436865 ], [ 9.1023089, 48.7437825 ], [ 9.102026, 48.7437956 ], [ 9.1020273, 48.7438069 ], [ 9.1019531, 48.7438104 ], [ 9.1019475, 48.7437612 ], [ 9.1019645, 48.7437604 ], [ 9.1019577, 48.7436912 ], [ 9.1021196, 48.7436835 ], [ 9.1021208, 48.7436947 ], [ 9.1022988, 48.7436865 ] ] ] ] } },
{ "type": "Feature", "properties": { "fid": 73, "ogc_fid": 73, "gebnutzbez": "Gebaeude", "funktion": "Wohnhaus", "lagebeztxt": "Pfaffenwaldring 64B", "building_id": 73.0, "condition": "Medium", "notes": "", "photo": "DCIM/buildings_20260429154026963.jpg" }, "geometry": { "type": "MultiPolygon", "coordinates": [ [ [ [ 9.1024033, 48.743419 ], [ 9.1024103, 48.743484 ], [ 9.1024135, 48.7435157 ], [ 9.1023198, 48.7435197 ], [ 9.1023162, 48.7434839 ], [ 9.1022306, 48.7434878 ], [ 9.1022189, 48.7433733 ], [ 9.1023107, 48.743369 ], [ 9.1023165, 48.7434231 ], [ 9.1024033, 48.743419 ] ] ] ] } },
{ "type": "Feature", "properties": { "fid": 74, "ogc_fid": 74, "gebnutzbez": "Gebaeude", "funktion": "Tiefgarage", "lagebeztxt": null, "building_id": 74.0, "condition": "", "notes": "", "photo": "" }, "geometry": { "type": "MultiPolygon", "coordinates": [ [ [ [ 9.1015679, 48.7396131 ], [ 9.1015957, 48.7395206 ], [ 9.1016877, 48.7395329 ], [ 9.1016596, 48.7396253 ], [ 9.1015679, 48.7396131 ] ] ] ] } },
{ "type": "Feature", "properties": { "fid": 75, "ogc_fid": 75, "gebnutzbez": "Gebaeude", "funktion": "Wohnhaus", "lagebeztxt": "Pfaffenwaldring 74C", "building_id": 75.0, "condition": "Medium", "notes": "", "photo": "DCIM/buildings_20260429154651479.jpg" }, "geometry": { "type": "MultiPolygon", "coordinates": [ [ [ [ 9.1023995, 48.7429174 ], [ 9.1024985, 48.7429128 ], [ 9.1025461, 48.7429107 ], [ 9.1025525, 48.7429725 ], [ 9.102505, 48.7429747 ], [ 9.1025109, 48.7430307 ], [ 9.1023301, 48.743039 ], [ 9.1023239, 48.7429785 ], [ 9.1024055, 48.7429747 ], [ 9.1023995, 48.7429174 ] ] ] ] } },
{ "type": "Feature", "properties": { "fid": 76, "ogc_fid": 76, "gebnutzbez": "Gebaeude", "funktion": "Forschungsinstitut", "lagebeztxt": "Allmandring 3B", "building_id": 76.0, "condition": "Good", "notes": "Building in good condition\"\n\"No visible damage\"\n\"Well maintained\"", "photo": "DCIM/buildings_20260428181313825.jpg" }, "geometry": { "type": "MultiPolygon", "coordinates": [ [ [ [ 9.1008765, 48.7435866 ], [ 9.1008485, 48.7433216 ], [ 9.1014446, 48.743294 ], [ 9.1014722, 48.743559 ], [ 9.1008765, 48.7435866 ] ] ] ] } },
{ "type": "Feature", "properties": { "fid": 77, "ogc_fid": 77, "gebnutzbez": "Gebaeude", "funktion": "Gebäude für Vorratshaltung", "lagebeztxt": "Allmandring 3/3", "building_id": 77.0, "condition": "Good", "notes": "Building in good condition\"\n\"No visible damage\"\n\"Well maintained\"", "photo": "DCIM/buildings_20260428182642357.jpg" }, "geometry": { "type": "MultiPolygon", "coordinates": [ [ [ [ 9.1009274, 48.7437319 ], [ 9.1009189, 48.7436493 ], [ 9.1009812, 48.7436464 ], [ 9.1009899, 48.743729 ], [ 9.1009274, 48.7437319 ] ] ] ] } },
{ "type": "Feature", "properties": { "fid": 78, "ogc_fid": 78, "gebnutzbez": "Gebaeude", "funktion": "Wohnhaus", "lagebeztxt": "Anneliese-Niethammer-Weg 8", "building_id": 78.0, "condition": "", "notes": "", "photo": "" }, "geometry": { "type": "MultiPolygon", "coordinates": [ [ [ [ 9.102702, 48.7397242 ], [ 9.1027066, 48.7397781 ], [ 9.1025547, 48.7397837 ], [ 9.1025501, 48.7397298 ], [ 9.102702, 48.7397242 ] ] ] ] } },
{ "type": "Feature", "properties": { "fid": 79, "ogc_fid": 79, "gebnutzbez": "Gebaeude", "funktion": "Forschungsinstitut", "lagebeztxt": "Allmandring 3", "building_id": 79.0, "condition": "Good", "notes": "Building in good condition\"\n\"No visible damage\"\n\"Well maintained\"", "photo": "DCIM/buildings_20260428175523589.jpg" }, "geometry": { "type": "MultiPolygon", "coordinates": [ [ [ [ 9.101556, 48.7443776 ], [ 9.1011084, 48.7443982 ], [ 9.1010728, 48.7440387 ], [ 9.1010684, 48.7439942 ], [ 9.1010658, 48.7439679 ], [ 9.1011702, 48.743963 ], [ 9.1013061, 48.7439568 ], [ 9.1015134, 48.7439472 ], [ 9.101556, 48.7443776 ] ] ] ] } },
{ "type": "Feature", "properties": { "fid": 80, "ogc_fid": 80, "gebnutzbez": "Gebaeude", "funktion": "Tiefgarage", "lagebeztxt": null, "building_id": 80.0, "condition": "", "notes": "", "photo": "" }, "geometry": { "type": "MultiPolygon", "coordinates": [ [ [ [ 9.101706, 48.7393004 ], [ 9.1017237, 48.7392441 ], [ 9.1017372, 48.7392458 ], [ 9.1017509, 48.7392016 ], [ 9.1017873, 48.7392063 ], [ 9.1017913, 48.7391937 ], [ 9.1018679, 48.7392038 ], [ 9.1018633, 48.7392187 ], [ 9.1018237, 48.7392135 ], [ 9.1018224, 48.7392179 ], [ 9.1017722, 48.7392113 ], [ 9.10176, 48.7392512 ], [ 9.1017666, 48.7392521 ], [ 9.1017506, 48.7393047 ], [ 9.1017439, 48.7393038 ], [ 9.1017348, 48.7393349 ], [ 9.101748, 48.7393367 ], [ 9.1017432, 48.7393521 ], [ 9.1017342, 48.7393508 ], [ 9.1017074, 48.7393469 ], [ 9.1017193, 48.7393022 ], [ 9.101706, 48.7393004 ] ] ] ] } },
{ "type": "Feature", "properties": { "fid": 81, "ogc_fid": 81, "gebnutzbez": "Gebaeude", "funktion": "Tiefgarage", "lagebeztxt": null, "building_id": 81.0, "condition": "", "notes": "", "photo": "" }, "geometry": { "type": "MultiPolygon", "coordinates": [ [ [ [ 9.1038747, 48.7403498 ], [ 9.1036821, 48.7402933 ], [ 9.1037459, 48.7402339 ], [ 9.103785, 48.7402527 ], [ 9.1039742, 48.7400813 ], [ 9.1039719, 48.7400801 ], [ 9.1039692, 48.7400789 ], [ 9.1040307, 48.7400238 ], [ 9.104033, 48.7400249 ], [ 9.1041084, 48.7400612 ], [ 9.1040674, 48.740099 ], [ 9.1041222, 48.7401254 ], [ 9.1038747, 48.7403498 ] ] ] ] } },
{ "type": "Feature", "properties": { "fid": 82, "ogc_fid": 82, "gebnutzbez": "Gebaeude", "funktion": "Wohnhaus", "lagebeztxt": "Pfaffenwaldring 74B", "building_id": 82.0, "condition": "Medium", "notes": "Needs minor repairs\"\n\"Some wear and tear\"\n\"Painting required\"", "photo": "DCIM/buildings_20260429154629311.jpg" }, "geometry": { "type": "MultiPolygon", "coordinates": [ [ [ [ 9.1024903, 48.7428336 ], [ 9.1024985, 48.7429128 ], [ 9.1023995, 48.7429174 ], [ 9.1023962, 48.7428857 ], [ 9.1023479, 48.7428879 ], [ 9.102341, 48.7428238 ], [ 9.1024611, 48.7428182 ], [ 9.1024629, 48.7428348 ], [ 9.1024903, 48.7428336 ] ] ] ] } },
{ "type": "Feature", "properties": { "fid": 83, "ogc_fid": 83, "gebnutzbez": "Gebaeude", "funktion": "Wohnhaus", "lagebeztxt": "Gräfin-von-Linden-Weg 7", "building_id": 83.0, "condition": "", "notes": "", "photo": "" }, "geometry": { "type": "MultiPolygon", "coordinates": [ [ [ [ 9.1020953, 48.7397466 ], [ 9.1022475, 48.739741 ], [ 9.1022521, 48.7397949 ], [ 9.1020999, 48.7398005 ], [ 9.1020953, 48.7397466 ] ] ] ] } },
{ "type": "Feature", "properties": { "fid": 84, "ogc_fid": 84, "gebnutzbez": "Gebaeude", "funktion": "Forschungsinstitut", "lagebeztxt": "Allmandring 3/4", "building_id": 84.0, "condition": "", "notes": "", "photo": "" }, "geometry": { "type": "MultiPolygon", "coordinates": [ [ [ [ 9.1015338, 48.7434961 ], [ 9.1015542, 48.7434952 ], [ 9.1015521, 48.7434758 ], [ 9.1015317, 48.7434767 ], [ 9.1015272, 48.7434316 ], [ 9.1016828, 48.7434243 ], [ 9.1016965, 48.743556 ], [ 9.1016761, 48.7435569 ], [ 9.1016805, 48.7436009 ], [ 9.1017009, 48.7436 ], [ 9.1017148, 48.7437317 ], [ 9.1015591, 48.7437388 ], [ 9.1015338, 48.7434961 ] ] ] ] } },
{ "type": "Feature", "properties": { "fid": 85, "ogc_fid": 85, "gebnutzbez": "Gebaeude", "funktion": "Wohnhaus", "lagebeztxt": "Universitätsstraße 82C", "building_id": 85.0, "condition": "Medium", "notes": "Needs minor repairs\"\n\"Some wear and tear\"\n\"Painting required\"", "photo": "DCIM/buildings_20260429160329007.jpg" }, "geometry": { "type": "MultiPolygon", "coordinates": [ [ [ [ 9.1026127, 48.7423582 ], [ 9.1026187, 48.7424137 ], [ 9.10244, 48.742422 ], [ 9.1024336, 48.7423627 ], [ 9.1024883, 48.7423601 ], [ 9.1024873, 48.7423503 ], [ 9.1024983, 48.742342 ], [ 9.1025131, 48.7423412 ], [ 9.102509, 48.7423018 ], [ 9.1026061, 48.7422975 ], [ 9.1026536, 48.7422952 ], [ 9.1026601, 48.742356 ], [ 9.1026127, 48.7423582 ] ] ] ] } },
{ "type": "Feature", "properties": { "fid": 86, "ogc_fid": 86, "gebnutzbez": "Gebaeude", "funktion": "Wohnhaus", "lagebeztxt": "Allmandring 3G", "building_id": 86.0, "condition": "Medium", "notes": "Needs minor repairs\"\n\"Some wear and tear\"\n\"Painting required\"", "photo": "DCIM/buildings_20260428195224577.jpg" }, "geometry": { "type": "MultiPolygon", "coordinates": [ [ [ [ 9.1008652, 48.7425123 ], [ 9.1009659, 48.7425078 ], [ 9.1009903, 48.7427404 ], [ 9.1008897, 48.7427451 ], [ 9.1008886, 48.7427339 ], [ 9.100858, 48.7427353 ], [ 9.100853, 48.742688 ], [ 9.1008836, 48.7426865 ], [ 9.1008764, 48.7426182 ], [ 9.1008458, 48.7426196 ], [ 9.1008408, 48.7425721 ], [ 9.1008714, 48.7425707 ], [ 9.1008652, 48.7425123 ] ] ] ] } },
{ "type": "Feature", "properties": { "fid": 87, "ogc_fid": 87, "gebnutzbez": "Gebaeude", "funktion": "Wohnhaus", "lagebeztxt": "Universitätsstraße 82B", "building_id": 87.0, "condition": "Medium", "notes": "Needs minor repairs\"\n\"Some wear and tear\"\n\"Painting required\"", "photo": "DCIM/buildings_20260429160412477.jpg" }, "geometry": { "type": "MultiPolygon", "coordinates": [ [ [ [ 9.1025979, 48.7422243 ], [ 9.1026061, 48.7422975 ], [ 9.102509, 48.7423018 ], [ 9.1025054, 48.7422684 ], [ 9.1024551, 48.7422708 ], [ 9.1024481, 48.7422066 ], [ 9.1025582, 48.7422014 ], [ 9.1025601, 48.7422188 ], [ 9.1025718, 48.7422256 ], [ 9.1025979, 48.7422243 ] ] ] ] } },
{ "type": "Feature", "properties": { "fid": 88, "ogc_fid": 88, "gebnutzbez": "Gebaeude", "funktion": "Wohnhaus", "lagebeztxt": "Universitätsstraße 86", "building_id": 88.0, "condition": "Medium", "notes": "Needs minor repairs\"\n\"Some wear and tear\"\n\"Painting required\"", "photo": "DCIM/buildings_20260429160152952.jpg" }, "geometry": { "type": "MultiPolygon", "coordinates": [ [ [ [ 9.1023047, 48.7425249 ], [ 9.1023168, 48.742643 ], [ 9.1022323, 48.7426467 ], [ 9.1022358, 48.7426783 ], [ 9.1021441, 48.7426826 ], [ 9.1021407, 48.7426513 ], [ 9.1021442, 48.7426511 ], [ 9.1021377, 48.7425866 ], [ 9.102194, 48.742584 ], [ 9.1021925, 48.7425745 ], [ 9.1022039, 48.742566 ], [ 9.1022184, 48.7425651 ], [ 9.1022147, 48.7425291 ], [ 9.1023047, 48.7425249 ] ] ] ] } },
{ "type": "Feature", "properties": { "fid": 89, "ogc_fid": 89, "gebnutzbez": "Gebaeude", "funktion": "Wohnhaus", "lagebeztxt": "Gräfin-von-Linden-Weg 3", "building_id": 89.0, "condition": "", "notes": "", "photo": "" }, "geometry": { "type": "MultiPolygon", "coordinates": [ [ [ [ 9.1021045, 48.7398544 ], [ 9.1022567, 48.7398487 ], [ 9.1022612, 48.7399026 ], [ 9.1021091, 48.7399083 ], [ 9.1021045, 48.7398544 ] ] ] ] } },
{ "type": "Feature", "properties": { "fid": 90, "ogc_fid": 90, "gebnutzbez": "Gebaeude", "funktion": "Wohnhaus", "lagebeztxt": "Gräfin-von-Linden-Weg 11", "building_id": 90.0, "condition": "", "notes": "", "photo": "" }, "geometry": { "type": "MultiPolygon", "coordinates": [ [ [ [ 9.1020864, 48.7396388 ], [ 9.1022907, 48.7396313 ], [ 9.1022908, 48.7396322 ], [ 9.1022385, 48.7396347 ], [ 9.1022429, 48.7396871 ], [ 9.102091, 48.7396927 ], [ 9.1020864, 48.7396388 ] ] ] ] } },
{ "type": "Feature", "properties": { "fid": 91, "ogc_fid": 91, "gebnutzbez": "Gebaeude", "funktion": "Wohnhaus", "lagebeztxt": "Gräfin-von-Linden-Weg 5", "building_id": 91.0, "condition": "", "notes": "", "photo": "" }, "geometry": { "type": "MultiPolygon", "coordinates": [ [ [ [ 9.1020999, 48.7398005 ], [ 9.1022521, 48.7397949 ], [ 9.1022567, 48.7398487 ], [ 9.1021045, 48.7398544 ], [ 9.1020999, 48.7398005 ] ] ] ] } },
{ "type": "Feature", "properties": { "fid": 92, "ogc_fid": 92, "gebnutzbez": "Gebaeude", "funktion": "Wohnhaus", "lagebeztxt": "Universitätsstraße 82A", "building_id": 92.0, "condition": "Medium", "notes": "", "photo": "DCIM/buildings_20260429160454440.jpg" }, "geometry": { "type": "MultiPolygon", "coordinates": [ [ [ [ 9.1024481, 48.7422066 ], [ 9.1024551, 48.7422708 ], [ 9.1023954, 48.7422736 ], [ 9.1023962, 48.7422833 ], [ 9.1023852, 48.7422919 ], [ 9.1023706, 48.7422921 ], [ 9.1023741, 48.7423285 ], [ 9.1022819, 48.7423323 ], [ 9.1022765, 48.7422786 ], [ 9.1022797, 48.7422786 ], [ 9.1022734, 48.7422144 ], [ 9.1023566, 48.7422107 ], [ 9.102353, 48.7421794 ], [ 9.1024448, 48.742175 ], [ 9.1024481, 48.7422066 ] ] ] ] } },
{ "type": "Feature", "properties": { "fid": 93, "ogc_fid": 93, "gebnutzbez": "Gebaeude", "funktion": "Wohnhaus", "lagebeztxt": "Pfaffenwaldring 76A", "building_id": 93.0, "condition": "Medium", "notes": "", "photo": "DCIM/buildings_20260429154713484.jpg" }, "geometry": { "type": "MultiPolygon", "coordinates": [ [ [ [ 9.1024182, 48.7430957 ], [ 9.1023365, 48.7430995 ], [ 9.1023301, 48.743039 ], [ 9.1025109, 48.7430307 ], [ 9.1025168, 48.7430867 ], [ 9.1025643, 48.7430845 ], [ 9.1025711, 48.743147 ], [ 9.1025235, 48.7431489 ], [ 9.1024242, 48.743153 ], [ 9.1024182, 48.7430957 ] ] ] ] } },
{ "type": "Feature", "properties": { "fid": 94, "ogc_fid": 94, "gebnutzbez": "Gebaeude", "funktion": "Wohnhaus", "lagebeztxt": "Anneliese-Niethammer-Weg 18", "building_id": 94.0, "condition": "", "notes": "", "photo": "" }, "geometry": { "type": "MultiPolygon", "coordinates": [ [ [ [ 9.1028024, 48.7395167 ], [ 9.1026578, 48.739485 ], [ 9.1026839, 48.7394328 ], [ 9.1026968, 48.7394356 ], [ 9.1027161, 48.7393976 ], [ 9.1028346, 48.7394235 ], [ 9.1028158, 48.7394615 ], [ 9.1028286, 48.7394644 ], [ 9.1028024, 48.7395167 ] ] ] ] } },
{ "type": "Feature", "properties": { "fid": 95, "ogc_fid": 95, "gebnutzbez": "Gebaeude", "funktion": "Wohnhaus", "lagebeztxt": "Allmandring 3F", "building_id": 95.0, "condition": "Medium", "notes": "", "photo": "DCIM/buildings_20260428195151484.jpg" }, "geometry": { "type": "MultiPolygon", "coordinates": [ [ [ [ 9.1008897, 48.7427451 ], [ 9.1009903, 48.7427404 ], [ 9.1010147, 48.7429718 ], [ 9.1009142, 48.7429765 ], [ 9.100913, 48.7429654 ], [ 9.1008824, 48.7429668 ], [ 9.1008774, 48.7429194 ], [ 9.1009081, 48.742918 ], [ 9.1009008, 48.7428497 ], [ 9.1008702, 48.7428511 ], [ 9.1008652, 48.7428036 ], [ 9.1008958, 48.7428023 ], [ 9.1008897, 48.7427451 ] ] ] ] } },
{ "type": "Feature", "properties": { "fid": 96, "ogc_fid": 96, "gebnutzbez": "Gebaeude", "funktion": "Wohnhaus", "lagebeztxt": "Universitätsstraße 102C", "building_id": 96.0, "condition": "Medium", "notes": "", "photo": "DCIM/buildings_20260429155328142.jpg" }, "geometry": { "type": "MultiPolygon", "coordinates": [ [ [ [ 9.1029228, 48.7419977 ], [ 9.1029286, 48.7420533 ], [ 9.1027502, 48.7420623 ], [ 9.1027438, 48.7420022 ], [ 9.1027985, 48.7419996 ], [ 9.1027974, 48.7419898 ], [ 9.1028088, 48.7419818 ], [ 9.1028236, 48.7419812 ], [ 9.1028195, 48.7419417 ], [ 9.1029162, 48.7419372 ], [ 9.102964, 48.741935 ], [ 9.1029701, 48.7419956 ], [ 9.1029228, 48.7419977 ] ] ] ] } },
{ "type": "Feature", "properties": { "fid": 97, "ogc_fid": 97, "gebnutzbez": "Gebaeude", "funktion": "Wohnhaus", "lagebeztxt": "Universitätsstraße 94", "building_id": 97.0, "condition": "Medium", "notes": "", "photo": "DCIM/buildings_20260429155846814.jpg" }, "geometry": { "type": "MultiPolygon", "coordinates": [ [ [ [ 9.1019431, 48.7421557 ], [ 9.1019495, 48.7422143 ], [ 9.1017711, 48.7422226 ], [ 9.1017652, 48.7421674 ], [ 9.1017175, 48.7421695 ], [ 9.1017113, 48.7421089 ], [ 9.1017587, 48.7421067 ], [ 9.1017589, 48.7421086 ], [ 9.1018557, 48.7421045 ], [ 9.1018597, 48.7421418 ], [ 9.1018745, 48.7421411 ], [ 9.1018873, 48.7421486 ], [ 9.1018884, 48.7421583 ], [ 9.1019431, 48.7421557 ] ] ] ] } },
{ "type": "Feature", "properties": { "fid": 98, "ogc_fid": 98, "gebnutzbez": "Gebaeude", "funktion": "Wohnhaus", "lagebeztxt": "Pfaffenwaldring 66A", "building_id": 98.0, "condition": "Medium", "notes": "", "photo": "DCIM/buildings_20260429154119217.jpg" }, "geometry": { "type": "MultiPolygon", "coordinates": [ [ [ [ 9.1022189, 48.7433733 ], [ 9.1022306, 48.7434878 ], [ 9.1021463, 48.7434915 ], [ 9.1021499, 48.7435274 ], [ 9.1020564, 48.7435316 ], [ 9.1020532, 48.7435001 ], [ 9.1020465, 48.7434351 ], [ 9.1021327, 48.7434316 ], [ 9.1021269, 48.7433776 ], [ 9.1022189, 48.7433733 ] ] ] ] } },
{ "type": "Feature", "properties": { "fid": 99, "ogc_fid": 99, "gebnutzbez": "Gebaeude", "funktion": "Wohnhaus", "lagebeztxt": "Anneliese-Niethammer-Weg 10", "building_id": 99.0, "condition": "", "notes": "", "photo": "" }, "geometry": { "type": "MultiPolygon", "coordinates": [ [ [ [ 9.1026997, 48.7396959 ], [ 9.102702, 48.7397242 ], [ 9.1025501, 48.7397298 ], [ 9.1025454, 48.7396744 ], [ 9.1025956, 48.7396726 ], [ 9.1025932, 48.7396446 ], [ 9.1025793, 48.7396416 ], [ 9.1025808, 48.7396387 ], [ 9.1027256, 48.7396704 ], [ 9.1027248, 48.739672 ], [ 9.1026796, 48.7396622 ], [ 9.102682, 48.7396965 ], [ 9.1026997, 48.7396959 ] ] ] ] } },
{ "type": "Feature", "properties": { "fid": 100, "ogc_fid": 100, "gebnutzbez": "Gebaeude", "funktion": "Gebäude für Vorratshaltung", "lagebeztxt": "Allmandring 3/2", "building_id": 100.0, "condition": "Good", "notes": "Building in good condition\"\n\"No visible damage\"\n\"Well maintained\"", "photo": "DCIM/buildings_20260428182524331.jpg" }, "geometry": { "type": "MultiPolygon", "coordinates": [ [ [ [ 9.1011892, 48.7437197 ], [ 9.1011806, 48.743637 ], [ 9.1012433, 48.7436343 ], [ 9.1012517, 48.7437168 ], [ 9.1011892, 48.7437197 ] ] ] ] } },
{ "type": "Feature", "properties": { "fid": 101, "ogc_fid": 101, "gebnutzbez": "Gebaeude", "funktion": "Wohnhaus", "lagebeztxt": "Anneliese-Niethammer-Weg 13", "building_id": 101.0, "condition": "", "notes": "", "photo": "" }, "geometry": { "type": "MultiPolygon", "coordinates": [ [ [ [ 9.1030643, 48.73963 ], [ 9.1030907, 48.7395775 ], [ 9.1031038, 48.7395804 ], [ 9.1031228, 48.7395425 ], [ 9.103241, 48.7395684 ], [ 9.1032221, 48.7396061 ], [ 9.103235, 48.7396089 ], [ 9.1032086, 48.7396616 ], [ 9.1030643, 48.73963 ] ] ] ] } },
{ "type": "Feature", "properties": { "fid": 102, "ogc_fid": 102, "gebnutzbez": "Gebaeude", "funktion": "Wohnhaus", "lagebeztxt": "Gräfin-von-Linden-Weg 12", "building_id": 102.0, "condition": "", "notes": "", "photo": "" }, "geometry": { "type": "MultiPolygon", "coordinates": [ [ [ [ 9.1018502, 48.7395032 ], [ 9.101696, 48.7394829 ], [ 9.1017159, 48.739417 ], [ 9.1018702, 48.7394373 ], [ 9.1018502, 48.7395032 ] ] ] ] } },
{ "type": "Feature", "properties": { "fid": 103, "ogc_fid": 103, "gebnutzbez": "Gebaeude", "funktion": "Wohnhaus", "lagebeztxt": "Gräfin-von-Linden-Weg 24", "building_id": 103.0, "condition": "", "notes": "", "photo": "" }, "geometry": { "type": "MultiPolygon", "coordinates": [ [ [ [ 9.101904, 48.7393044 ], [ 9.1018974, 48.7393035 ], [ 9.1018914, 48.7393233 ], [ 9.1018978, 48.7393241 ], [ 9.101884, 48.7393703 ], [ 9.1017432, 48.7393521 ], [ 9.101748, 48.7393367 ], [ 9.1017348, 48.7393349 ], [ 9.1017439, 48.7393038 ], [ 9.1017506, 48.7393047 ], [ 9.1017666, 48.7392521 ], [ 9.10176, 48.7392512 ], [ 9.1017722, 48.7392113 ], [ 9.1018224, 48.7392179 ], [ 9.1018237, 48.7392135 ], [ 9.1018633, 48.7392187 ], [ 9.1018641, 48.7392187 ], [ 9.1018628, 48.7392232 ], [ 9.1019261, 48.7392316 ], [ 9.101904, 48.7393044 ] ] ] ] } },
{ "type": "Feature", "properties": { "fid": 104, "ogc_fid": 104, "gebnutzbez": "Gebaeude", "funktion": "Wohnhaus", "lagebeztxt": "Gräfin-von-Linden-Weg 6", "building_id": 104.0, "condition": "", "notes": "", "photo": "" }, "geometry": { "type": "MultiPolygon", "coordinates": [ [ [ [ 9.1017748, 48.7397552 ], [ 9.1016915, 48.7397443 ], [ 9.1016503, 48.7397389 ], [ 9.1016262, 48.7397355 ], [ 9.1016449, 48.7396739 ], [ 9.1017933, 48.7396935 ], [ 9.1017748, 48.7397552 ] ] ] ] } },
{ "type": "Feature", "properties": { "fid": 105, "ogc_fid": 105, "gebnutzbez": "Gebaeude", "funktion": "Wohnhaus", "lagebeztxt": "Käte-Hamburger-Weg 4", "building_id": 105.0, "condition": "", "notes": "", "photo": "" }, "geometry": { "type": "MultiPolygon", "coordinates": [ [ [ [ 9.1034809, 48.740035 ], [ 9.1033364, 48.7400033 ], [ 9.103362, 48.7399521 ], [ 9.1035065, 48.7399837 ], [ 9.1034809, 48.740035 ] ] ] ] } },
{ "type": "Feature", "properties": { "fid": 106, "ogc_fid": 106, "gebnutzbez": "Gebaeude", "funktion": "Geschäftsgebäude", "lagebeztxt": null, "building_id": 106.0, "condition": "", "notes": "", "photo": "" }, "geometry": { "type": "MultiPolygon", "coordinates": [ [ [ [ 9.1028873, 48.7403059 ], [ 9.1029613, 48.7403084 ], [ 9.1029582, 48.7403471 ], [ 9.1028858, 48.7403254 ], [ 9.1028873, 48.7403059 ] ] ] ] } },
{ "type": "Feature", "properties": { "fid": 107, "ogc_fid": 107, "gebnutzbez": "Gebaeude", "funktion": "Wohnhaus", "lagebeztxt": "Universitätsstraße 80", "building_id": 107.0, "condition": "Medium", "notes": "Needs minor repairs\"\n\"Some wear and tear\"\n\"Painting required\"", "photo": "DCIM/buildings_20260429160516077.jpg" }, "geometry": { "type": "MultiPolygon", "coordinates": [ [ [ [ 9.1022734, 48.7422144 ], [ 9.1022797, 48.7422786 ], [ 9.1022765, 48.7422786 ], [ 9.1022214, 48.7422811 ], [ 9.1022224, 48.7422909 ], [ 9.1022107, 48.7422998 ], [ 9.102196, 48.7423004 ], [ 9.1021996, 48.7423364 ], [ 9.1021081, 48.7423404 ], [ 9.102096, 48.7422226 ], [ 9.1021816, 48.7422186 ], [ 9.1021785, 48.7421872 ], [ 9.1022703, 48.7421832 ], [ 9.1022734, 48.7422144 ] ] ] ] } },
{ "type": "Feature", "properties": { "fid": 108, "ogc_fid": 108, "gebnutzbez": "Gebaeude", "funktion": "Wohnhaus", "lagebeztxt": "Gräfin-von-Linden-Weg 15", "building_id": 108.0, "condition": "", "notes": "", "photo": "" }, "geometry": { "type": "MultiPolygon", "coordinates": [ [ [ [ 9.1021296, 48.7395292 ], [ 9.1022816, 48.7395236 ], [ 9.1022862, 48.7395775 ], [ 9.1021342, 48.7395831 ], [ 9.1021296, 48.7395292 ] ] ] ] } },
{ "type": "Feature", "properties": { "fid": 109, "ogc_fid": 109, "gebnutzbez": "Gebaeude", "funktion": "Wohnhaus", "lagebeztxt": "Gräfin-von-Linden-Weg 2", "building_id": 109.0, "condition": "", "notes": "", "photo": "" }, "geometry": { "type": "MultiPolygon", "coordinates": [ [ [ [ 9.1017291, 48.7399144 ], [ 9.101878, 48.7399026 ], [ 9.1018901, 48.7399661 ], [ 9.1018549, 48.7399689 ], [ 9.1018567, 48.7399788 ], [ 9.1017825, 48.7399847 ], [ 9.1017807, 48.7399748 ], [ 9.101741, 48.739978 ], [ 9.1017353, 48.7399474 ], [ 9.1017291, 48.7399144 ] ] ] ] } },
{ "type": "Feature", "properties": { "fid": 110, "ogc_fid": 110, "gebnutzbez": "Gebaeude", "funktion": "Wohnhaus", "lagebeztxt": "Gräfin-von-Linden-Weg 17", "building_id": 110.0, "condition": "", "notes": "", "photo": "" }, "geometry": { "type": "MultiPolygon", "coordinates": [ [ [ [ 9.1021251, 48.7394754 ], [ 9.102277, 48.7394697 ], [ 9.1022816, 48.7395236 ], [ 9.1021296, 48.7395292 ], [ 9.1021251, 48.7394754 ] ] ] ] } },
{ "type": "Feature", "properties": { "fid": 111, "ogc_fid": 111, "gebnutzbez": "Gebaeude", "funktion": "Wohnhaus", "lagebeztxt": "Pfaffenwaldring 66C", "building_id": 111.0, "condition": "Medium", "notes": "Needs minor repairs\"\n\"Some wear and tear\"\n\"Painting required\"", "photo": "DCIM/buildings_20260429154213287.jpg" }, "geometry": { "type": "MultiPolygon", "coordinates": [ [ [ [ 9.1018842, 48.7432919 ], [ 9.1020648, 48.7432836 ], [ 9.1020712, 48.743344 ], [ 9.1019895, 48.7433478 ], [ 9.1019956, 48.743405 ], [ 9.1018963, 48.7434096 ], [ 9.1018492, 48.7434118 ], [ 9.1018426, 48.74335 ], [ 9.10189, 48.7433479 ], [ 9.1018842, 48.7432919 ] ] ] ] } },
{ "type": "Feature", "properties": { "fid": 112, "ogc_fid": 112, "gebnutzbez": "Gebaeude", "funktion": "Wohnhaus", "lagebeztxt": "Anneliese-Niethammer-Weg 4", "building_id": 112.0, "condition": "", "notes": "", "photo": "" }, "geometry": { "type": "MultiPolygon", "coordinates": [ [ [ [ 9.1027111, 48.739832 ], [ 9.1027157, 48.7398858 ], [ 9.1025638, 48.7398914 ], [ 9.1025593, 48.7398376 ], [ 9.1027111, 48.739832 ] ] ] ] } },
{ "type": "Feature", "properties": { "fid": 113, "ogc_fid": 113, "gebnutzbez": "Gebaeude", "funktion": "Wohnhaus", "lagebeztxt": "Universitätsstraße 88", "building_id": 113.0, "condition": "Medium", "notes": "Needs minor repairs\"\n\"Some wear and tear\"\n\"Painting required\"", "photo": "DCIM/buildings_20260429160124960.jpg" }, "geometry": { "type": "MultiPolygon", "coordinates": [ [ [ [ 9.1021377, 48.7425866 ], [ 9.1021442, 48.7426511 ], [ 9.1021407, 48.7426513 ], [ 9.1020574, 48.7426548 ], [ 9.1020608, 48.7426861 ], [ 9.1019692, 48.7426903 ], [ 9.1019591, 48.7425949 ], [ 9.1020188, 48.7425923 ], [ 9.1020178, 48.7425826 ], [ 9.1020286, 48.7425737 ], [ 9.1020435, 48.7425729 ], [ 9.1020398, 48.7425371 ], [ 9.1021323, 48.7425328 ], [ 9.1021377, 48.7425866 ] ] ] ] } },
{ "type": "Feature", "properties": { "fid": 114, "ogc_fid": 114, "gebnutzbez": "Gebaeude", "funktion": "Wohnhaus", "lagebeztxt": "Käte-Hamburger-Weg 2", "building_id": 114.0, "condition": "", "notes": "", "photo": "" }, "geometry": { "type": "MultiPolygon", "coordinates": [ [ [ [ 9.1034545, 48.7400875 ], [ 9.10331, 48.7400559 ], [ 9.1033364, 48.7400033 ], [ 9.1034809, 48.740035 ], [ 9.1034545, 48.7400875 ] ] ] ] } },
{ "type": "Feature", "properties": { "fid": 115, "ogc_fid": 115, "gebnutzbez": "Gebaeude", "funktion": "Wohnhaus", "lagebeztxt": "Pfaffenwaldring 76C", "building_id": 115.0, "condition": "Medium", "notes": "Needs minor repairs\"\n\"Some wear and tear\"\n\"Painting required\"", "photo": "DCIM/buildings_20260429154811250.jpg" }, "geometry": { "type": "MultiPolygon", "coordinates": [ [ [ [ 9.102192, 48.7431435 ], [ 9.1022857, 48.7431387 ], [ 9.1022921, 48.7431925 ], [ 9.1023783, 48.7431881 ], [ 9.1023859, 48.7432534 ], [ 9.1023897, 48.7432847 ], [ 9.1022961, 48.7432894 ], [ 9.1022923, 48.7432582 ], [ 9.102206, 48.7432626 ], [ 9.102192, 48.7431435 ] ] ] ] } },
{ "type": "Feature", "properties": { "fid": 116, "ogc_fid": 116, "gebnutzbez": "Gebaeude", "funktion": "Wohnhaus", "lagebeztxt": "Gräfin-von-Linden-Weg 8, 10", "building_id": 116.0, "condition": "", "notes": "", "photo": "" }, "geometry": { "type": "MultiPolygon", "coordinates": [ [ [ [ 9.1017933, 48.7396935 ], [ 9.1016449, 48.7396739 ], [ 9.1016596, 48.7396253 ], [ 9.1016877, 48.7395329 ], [ 9.1017026, 48.7394839 ], [ 9.101851, 48.7395038 ], [ 9.1017933, 48.7396935 ] ] ] ] } },
{ "type": "Feature", "properties": { "fid": 117, "ogc_fid": 117, "gebnutzbez": "Gebaeude", "funktion": "Wohnhaus", "lagebeztxt": "Allmandring 10C", "building_id": 117.0, "condition": "Medium", "notes": "Needs minor repairs\"\n\"Some wear and tear\"\n\"Painting required\"", "photo": "DCIM/buildings_20260427184955655.jpg" }, "geometry": { "type": "MultiPolygon", "coordinates": [ [ [ [ 9.1008054, 48.7455242 ], [ 9.1008064, 48.7455287 ], [ 9.1007862, 48.7455293 ], [ 9.1007857, 48.7455249 ], [ 9.1007824, 48.7455251 ], [ 9.1007819, 48.7455192 ], [ 9.1007777, 48.7454721 ], [ 9.1008064, 48.7454707 ], [ 9.1008228, 48.7454697 ], [ 9.100822, 48.7454596 ], [ 9.1008295, 48.7454593 ], [ 9.100859, 48.745458 ], [ 9.1008718, 48.7454575 ], [ 9.1008745, 48.7455048 ], [ 9.1008747, 48.7455102 ], [ 9.1008728, 48.7455103 ], [ 9.1008731, 48.745514 ], [ 9.1008534, 48.7455148 ], [ 9.1008533, 48.7455119 ], [ 9.1008311, 48.7455129 ], [ 9.1008322, 48.7455233 ], [ 9.1008054, 48.7455242 ] ] ] ] } },
{ "type": "Feature", "properties": { "fid": 118, "ogc_fid": 118, "gebnutzbez": "Gebaeude", "funktion": "Bürogebäude", "lagebeztxt": "Allmandring 3A", "building_id": 118.0, "condition": "", "notes": "", "photo": "" }, "geometry": { "type": "MultiPolygon", "coordinates": [ [ [ [ 9.1006692, 48.7444368 ], [ 9.1006233, 48.7439907 ], [ 9.1007914, 48.7439836 ], [ 9.100838, 48.7444292 ], [ 9.1006692, 48.7444368 ] ] ] ] } },
{ "type": "Feature", "properties": { "fid": 119, "ogc_fid": 119, "gebnutzbez": "Gebaeude", "funktion": "Wohnhaus", "lagebeztxt": "Allmandring 8B", "building_id": 119.0, "condition": "Good", "notes": "Only needs new painting and some repairing from outside", "photo": "DCIM/buildings_20260427102214531.jpg" }, "geometry": { "type": "MultiPolygon", "coordinates": [ [ [ [ 9.100819, 48.7450432 ], [ 9.1008104, 48.7449551 ], [ 9.1007686, 48.7449563 ], [ 9.1007649, 48.7449098 ], [ 9.1008058, 48.7449078 ], [ 9.1008044, 48.7448939 ], [ 9.1008489, 48.7448917 ], [ 9.1008471, 48.7448772 ], [ 9.1008914, 48.7448752 ], [ 9.1008885, 48.7448462 ], [ 9.1009792, 48.7448419 ], [ 9.1009916, 48.7449726 ], [ 9.101034, 48.7449706 ], [ 9.1010393, 48.7450185 ], [ 9.1009969, 48.7450204 ], [ 9.1009987, 48.7450352 ], [ 9.1009528, 48.7450372 ], [ 9.1009544, 48.7450516 ], [ 9.1009047, 48.7450538 ], [ 9.1009032, 48.7450394 ], [ 9.100819, 48.7450432 ] ] ] ] } },
{ "type": "Feature", "properties": { "fid": 120, "ogc_fid": 120, "gebnutzbez": "Gebaeude", "funktion": "Wohnhaus", "lagebeztxt": null, "building_id": 120.0, "condition": "Medium", "notes": "", "photo": "DCIM/buildings_20260428195742230.jpg" }, "geometry": { "type": "MultiPolygon", "coordinates": [ [ [ [ 9.100689, 48.7432205 ], [ 9.1006644, 48.7429879 ], [ 9.100765, 48.7429832 ], [ 9.1007711, 48.7430407 ], [ 9.1008017, 48.7430393 ], [ 9.1008068, 48.7430867 ], [ 9.100776, 48.7430881 ], [ 9.1007833, 48.7431563 ], [ 9.1008137, 48.7431548 ], [ 9.1008188, 48.7432023 ], [ 9.1007882, 48.7432038 ], [ 9.1007895, 48.7432161 ], [ 9.100689, 48.7432205 ] ] ] ] } },
{ "type": "Feature", "properties": { "fid": 121, "ogc_fid": 121, "gebnutzbez": "Gebaeude", "funktion": "Wohnhaus", "lagebeztxt": "Allmandring 8C", "building_id": 121.0, "condition": "Good", "notes": "Painting and reai ", "photo": "DCIM/buildings_20260427102414600.jpg" }, "geometry": { "type": "MultiPolygon", "coordinates": [ [ [ [ 9.1006727, 48.744952 ], [ 9.100668, 48.7449053 ], [ 9.1006672, 48.7448998 ], [ 9.1006708, 48.7448997 ], [ 9.1006702, 48.7448955 ], [ 9.1006906, 48.7448947 ], [ 9.1006908, 48.7448991 ], [ 9.1007165, 48.744898 ], [ 9.1007174, 48.7449081 ], [ 9.1007376, 48.7449076 ], [ 9.1007372, 48.7449024 ], [ 9.1007594, 48.7449012 ], [ 9.1007591, 48.744906 ], [ 9.1007644, 48.7449056 ], [ 9.1007649, 48.7449098 ], [ 9.1007686, 48.7449563 ], [ 9.1007197, 48.7449583 ], [ 9.1007194, 48.7449503 ], [ 9.1006727, 48.744952 ] ] ] ] } },
{ "type": "Feature", "properties": { "fid": 122, "ogc_fid": 122, "gebnutzbez": "Gebaeude", "funktion": "Wohnhaus", "lagebeztxt": null, "building_id": 122.0, "condition": "Medium", "notes": "Needs minor repairs\"\n\"Some wear and tear\"\n\"Painting required\"", "photo": "DCIM/buildings_20260428195706477.jpg" }, "geometry": { "type": "MultiPolygon", "coordinates": [ [ [ [ 9.1006399, 48.7427564 ], [ 9.1007407, 48.7427518 ], [ 9.1007466, 48.7428091 ], [ 9.1007772, 48.7428077 ], [ 9.1007822, 48.7428553 ], [ 9.1007516, 48.7428567 ], [ 9.1007588, 48.7429249 ], [ 9.1007895, 48.7429235 ], [ 9.1007944, 48.742971 ], [ 9.1007638, 48.7429724 ], [ 9.100765, 48.7429832 ], [ 9.1006644, 48.7429879 ], [ 9.1006399, 48.7427564 ] ] ] ] } },
{ "type": "Feature", "properties": { "fid": 123, "ogc_fid": 123, "gebnutzbez": "Gebaeude", "funktion": "Wohnhaus", "lagebeztxt": "Allmandring 10D", "building_id": 123.0, "condition": "Medium", "notes": "Needs minor repairs\"\n\"Some wear and tear\"\n\"Painting required\"", "photo": "DCIM/buildings_20260427185032865.jpg" }, "geometry": { "type": "MultiPolygon", "coordinates": [ [ [ [ 9.1005667, 48.7455431 ], [ 9.1005576, 48.7454554 ], [ 9.100508, 48.7454577 ], [ 9.1005031, 48.7454092 ], [ 9.1005492, 48.7454069 ], [ 9.100548, 48.7453923 ], [ 9.1005903, 48.7453909 ], [ 9.1005887, 48.7453758 ], [ 9.1006347, 48.7453745 ], [ 9.100632, 48.7453458 ], [ 9.100724, 48.7453413 ], [ 9.1007361, 48.7454737 ], [ 9.1007777, 48.7454721 ], [ 9.1007819, 48.7455192 ], [ 9.1007387, 48.7455212 ], [ 9.1007399, 48.745537 ], [ 9.1007012, 48.7455385 ], [ 9.1007029, 48.7455514 ], [ 9.1006502, 48.745554 ], [ 9.1006494, 48.7455402 ], [ 9.1005667, 48.7455431 ] ] ] ] } },
{ "type": "Feature", "properties": { "fid": 124, "ogc_fid": 124, "gebnutzbez": "Gebaeude", "funktion": "Garage", "lagebeztxt": null, "building_id": 124.0, "condition": "Good", "notes": "Building in good condition\"\n\"No visible damage\"\n\"Well maintained\"", "photo": "DCIM/buildings_20260428200132036.jpg" }, "geometry": { "type": "MultiPolygon", "coordinates": [ [ [ [ 9.1006908, 48.7432405 ], [ 9.1007916, 48.743236 ], [ 9.1007945, 48.7432629 ], [ 9.1006941, 48.7432674 ], [ 9.1006908, 48.7432405 ] ] ] ] } },
{ "type": "Feature", "properties": { "fid": 125, "ogc_fid": 125, "gebnutzbez": "Gebaeude", "funktion": "Wohnhaus", "lagebeztxt": null, "building_id": 125.0, "condition": "Medium", "notes": "Needs minor repairs\"\n\"Some wear and tear\"\n\"Painting required\"", "photo": "DCIM/buildings_20260428195606269.jpg" }, "geometry": { "type": "MultiPolygon", "coordinates": [ [ [ [ 9.1006154, 48.7425238 ], [ 9.1007161, 48.7425191 ], [ 9.1007222, 48.7425775 ], [ 9.1007528, 48.7425761 ], [ 9.1007577, 48.7426236 ], [ 9.1007272, 48.742625 ], [ 9.1007344, 48.7426934 ], [ 9.1007649, 48.742692 ], [ 9.1007702, 48.7427394 ], [ 9.1007394, 48.7427408 ], [ 9.1007407, 48.7427518 ], [ 9.1006399, 48.7427564 ], [ 9.1006154, 48.7425238 ] ] ] ] } },
{ "type": "Feature", "properties": { "fid": 126, "ogc_fid": 126, "gebnutzbez": "Gebaeude", "funktion": "Hochschulgebäude (Fachhochschule, Universität)", "lagebeztxt": null, "building_id": 126.0, "condition": "Good", "notes": "Building in good condition\"\n\"No visible damage\"\n\"Well maintained\"", "photo": "DCIM/buildings_20260429161458939.jpg" }, "geometry": { "type": "MultiPolygon", "coordinates": [ [ [ [ 9.1010676, 48.740874 ], [ 9.1013634, 48.7408604 ], [ 9.1013659, 48.7408189 ], [ 9.1015917, 48.7408255 ], [ 9.1015814, 48.7409852 ], [ 9.1015663, 48.7409862 ], [ 9.1015615, 48.7410547 ], [ 9.1015768, 48.7410543 ], [ 9.1015508, 48.7414409 ], [ 9.1015355, 48.741442 ], [ 9.1015306, 48.7415101 ], [ 9.1015451, 48.7415093 ], [ 9.1015402, 48.7415963 ], [ 9.1016648, 48.7416169 ], [ 9.1016202, 48.7417371 ], [ 9.1016162, 48.7417365 ], [ 9.1016156, 48.7417379 ], [ 9.1016956, 48.7417513 ], [ 9.1016902, 48.7417549 ], [ 9.1016848, 48.7417585 ], [ 9.1016792, 48.741762 ], [ 9.1016737, 48.7417655 ], [ 9.101668, 48.741769 ], [ 9.1016623, 48.7417724 ], [ 9.1016565, 48.7417757 ], [ 9.1016507, 48.741779 ], [ 9.1016448, 48.7417823 ], [ 9.1016388, 48.7417855 ], [ 9.1016327, 48.7417886 ], [ 9.1016266, 48.7417917 ], [ 9.1016205, 48.7417948 ], [ 9.1016143, 48.7417977 ], [ 9.101608, 48.7418007 ], [ 9.1016017, 48.7418036 ], [ 9.1015953, 48.7418064 ], [ 9.1015889, 48.7418092 ], [ 9.1015824, 48.7418119 ], [ 9.1015758, 48.7418145 ], [ 9.1015692, 48.7418171 ], [ 9.1015626, 48.7418197 ], [ 9.1015559, 48.7418222 ], [ 9.1015491, 48.7418246 ], [ 9.1015423, 48.741827 ], [ 9.1015355, 48.7418293 ], [ 9.1015435, 48.7419082 ], [ 9.1015206, 48.7419093 ], [ 9.1015292, 48.7419909 ], [ 9.1015521, 48.7419898 ], [ 9.1015915, 48.7423663 ], [ 9.1014906, 48.7423473 ], [ 9.1014873, 48.7423971 ], [ 9.1012627, 48.7423906 ], [ 9.1012711, 48.7422633 ], [ 9.1012768, 48.7421766 ], [ 9.101084, 48.7421518 ], [ 9.1010307, 48.7422323 ], [ 9.1009915, 48.7422913 ], [ 9.1009771, 48.7422869 ], [ 9.1009625, 48.7422825 ], [ 9.100948, 48.7422782 ], [ 9.1009333, 48.742274 ], [ 9.1009187, 48.7422698 ], [ 9.100904, 48.7422657 ], [ 9.1008893, 48.7422616 ], [ 9.1008745, 48.7422577 ], [ 9.1008597, 48.7422537 ], [ 9.1008448, 48.7422499 ], [ 9.1008299, 48.7422461 ], [ 9.100815, 48.7422424 ], [ 9.1008, 48.7422387 ], [ 9.100785, 48.7422351 ], [ 9.10077, 48.7422316 ], [ 9.1007549, 48.7422282 ], [ 9.1007398, 48.7422248 ], [ 9.1007247, 48.7422215 ], [ 9.1007263, 48.7422177 ], [ 9.1007012, 48.7422127 ], [ 9.1007426, 48.742083 ], [ 9.1011942, 48.7420622 ], [ 9.1011818, 48.7419455 ], [ 9.1012059, 48.7419444 ], [ 9.1012051, 48.7419363 ], [ 9.1012008, 48.7419365 ], [ 9.1011979, 48.7419127 ], [ 9.1012318, 48.7419114 ], [ 9.1012348, 48.7419348 ], [ 9.1012295, 48.7419351 ], [ 9.1012304, 48.7419433 ], [ 9.1012493, 48.7419424 ], [ 9.1012278, 48.741739 ], [ 9.1013094, 48.7417352 ], [ 9.1013148, 48.7416764 ], [ 9.1011542, 48.7416838 ], [ 9.1011136, 48.7412991 ], [ 9.1011407, 48.7412978 ], [ 9.1011452, 48.7412352 ], [ 9.1011083, 48.7412342 ], [ 9.1010928, 48.7410812 ], [ 9.1010895, 48.7410812 ], [ 9.1010874, 48.7410623 ], [ 9.1010676, 48.740874 ] ] ] ] } },
{ "type": "Feature", "properties": { "fid": 127, "ogc_fid": 127, "gebnutzbez": "Gebaeude", "funktion": "Betriebsgebäude", "lagebeztxt": null, "building_id": 127.0, "condition": "Medium", "notes": "Needs minor repairs\"\n\"Some wear and tear\"\n\"Painting required\"", "photo": "DCIM/buildings_20260429161819980.jpg" }, "geometry": { "type": "MultiPolygon", "coordinates": [ [ [ [ 9.1005419, 48.7408934 ], [ 9.101067, 48.7408694 ], [ 9.1010676, 48.740874 ], [ 9.1010874, 48.7410623 ], [ 9.1005624, 48.7410866 ], [ 9.1005419, 48.7408934 ] ] ] ] } },
{ "type": "Feature", "properties": { "fid": 128, "ogc_fid": 128, "gebnutzbez": "Gebaeude", "funktion": "Betriebsgebäude", "lagebeztxt": "Allmandring 5/1", "building_id": 128.0, "condition": "Good", "notes": "Building in good condition\"\n\"No visible damage\"\n\"Well maintained\"", "photo": "DCIM/buildings_20260428182740241.jpg" }, "geometry": { "type": "MultiPolygon", "coordinates": [ [ [ [ 9.1006624, 48.7436616 ], [ 9.1007398, 48.7436581 ], [ 9.1007485, 48.7437408 ], [ 9.1006708, 48.7437443 ], [ 9.1006624, 48.7436616 ] ] ] ] } },
{ "type": "Feature", "properties": { "fid": 129, "ogc_fid": 129, "gebnutzbez": "Gebaeude", "funktion": "Wohnhaus", "lagebeztxt": "Allmandring 12A", "building_id": 129.0, "condition": "", "notes": "", "photo": "" }, "geometry": { "type": "MultiPolygon", "coordinates": [ [ [ [ 9.1006173, 48.7452214 ], [ 9.1007557, 48.745215 ], [ 9.1007908, 48.7452134 ], [ 9.1007901, 48.7452024 ], [ 9.1008405, 48.7451999 ], [ 9.1008463, 48.7452539 ], [ 9.1008434, 48.7452542 ], [ 9.1008436, 48.7452579 ], [ 9.1008242, 48.7452587 ], [ 9.1008242, 48.7452545 ], [ 9.1008031, 48.7452555 ], [ 9.1008035, 48.7452661 ], [ 9.1008011, 48.7452664 ], [ 9.1008016, 48.7452699 ], [ 9.100781, 48.745271 ], [ 9.1007808, 48.7452666 ], [ 9.1007571, 48.7452677 ], [ 9.1007582, 48.7452724 ], [ 9.1007376, 48.7452734 ], [ 9.1007371, 48.7452686 ], [ 9.1007124, 48.7452697 ], [ 9.1007127, 48.7452742 ], [ 9.1006936, 48.7452751 ], [ 9.1006931, 48.7452706 ], [ 9.1006691, 48.7452717 ], [ 9.1006693, 48.7452767 ], [ 9.1006492, 48.7452774 ], [ 9.1006486, 48.7452723 ], [ 9.1006219, 48.7452734 ], [ 9.1006173, 48.7452214 ] ] ] ] } },
{ "type": "Feature", "properties": { "fid": 130, "ogc_fid": 130, "gebnutzbez": "Gebaeude", "funktion": "Forschungsinstitut", "lagebeztxt": "Allmandring 30C", "building_id": 130.0, "condition": "Good", "notes": "Building in good condition\"\n\"No visible damage\"\n\"Well maintained\"", "photo": "DCIM/buildings_20260429170205170.jpg" }, "geometry": { "type": "MultiPolygon", "coordinates": [ [ [ [ 9.0946831, 48.7410086 ], [ 9.0938911, 48.7410453 ], [ 9.093884, 48.7409807 ], [ 9.0937423, 48.7409874 ], [ 9.0937377, 48.7409877 ], [ 9.0937371, 48.7409839 ], [ 9.0937097, 48.7407219 ], [ 9.0939104, 48.7407126 ], [ 9.0939809, 48.7407094 ], [ 9.0939823, 48.7407236 ], [ 9.0941015, 48.7407181 ], [ 9.0941002, 48.7407038 ], [ 9.0941053, 48.7407035 ], [ 9.0946972, 48.7406765 ], [ 9.0947116, 48.7408128 ], [ 9.0946138, 48.7408174 ], [ 9.0946267, 48.740939 ], [ 9.0946754, 48.7409367 ], [ 9.0946758, 48.7409391 ], [ 9.0946831, 48.7410086 ] ] ] ] } },
{ "type": "Feature", "properties": { "fid": 131, "ogc_fid": 131, "gebnutzbez": "Gebaeude", "funktion": "Wohnhaus", "lagebeztxt": "Allmandring 22B", "building_id": 131.0, "condition": "Good", "notes": "Building in good condition\"\n\"No visible damage\"\n\"Well maintained\"", "photo": "DCIM/buildings_20260427184054522.jpg" }, "geometry": { "type": "MultiPolygon", "coordinates": [ [ [ [ 9.0980596, 48.744781 ], [ 9.0980369, 48.7447821 ], [ 9.0980376, 48.7447868 ], [ 9.0980177, 48.7447876 ], [ 9.0980172, 48.7447829 ], [ 9.0980136, 48.7447831 ], [ 9.0980132, 48.7447782 ], [ 9.0980079, 48.7447259 ], [ 9.0980508, 48.7447245 ], [ 9.0980527, 48.7447387 ], [ 9.0981003, 48.7447365 ], [ 9.0981048, 48.7447837 ], [ 9.0981053, 48.74479 ], [ 9.0981025, 48.7447901 ], [ 9.0981029, 48.7447948 ], [ 9.0980821, 48.7447955 ], [ 9.0980816, 48.7447909 ], [ 9.0980604, 48.7447917 ], [ 9.0980596, 48.744781 ] ] ] ] } },
{ "type": "Feature", "properties": { "fid": 132, "ogc_fid": 132, "gebnutzbez": "Gebaeude", "funktion": "Forschungsinstitut", "lagebeztxt": "Allmandring 19", "building_id": 132.0, "condition": "Medium", "notes": "Needs minor repairs\"\n\"Some wear and tear\"\n\"Painting required\"", "photo": "DCIM/buildings_20260428185204847.jpg" }, "geometry": { "type": "MultiPolygon", "coordinates": [ [ [ [ 9.0966378, 48.743496 ], [ 9.0966101, 48.743498 ], [ 9.0966103, 48.7435244 ], [ 9.0965179, 48.7435245 ], [ 9.0965175, 48.7434371 ], [ 9.0964772, 48.7432254 ], [ 9.0965486, 48.7432195 ], [ 9.096548, 48.7432289 ], [ 9.0967418, 48.7432113 ], [ 9.0967887, 48.7431314 ], [ 9.0968752, 48.7431532 ], [ 9.0968289, 48.7432336 ], [ 9.0968327, 48.7432346 ], [ 9.0968332, 48.7432335 ], [ 9.0968547, 48.7432392 ], [ 9.0968706, 48.7432435 ], [ 9.096867, 48.7432495 ], [ 9.0969342, 48.7432669 ], [ 9.0969308, 48.7432124 ], [ 9.0970653, 48.7432464 ], [ 9.0970399, 48.7432902 ], [ 9.0971695, 48.7433229 ], [ 9.097151, 48.743355 ], [ 9.0972032, 48.743368 ], [ 9.0972021, 48.7433699 ], [ 9.097206, 48.7433709 ], [ 9.0971797, 48.7434169 ], [ 9.0969522, 48.7433597 ], [ 9.0969511, 48.7433594 ], [ 9.0969501, 48.7433591 ], [ 9.0969491, 48.7433587 ], [ 9.0969482, 48.7433582 ], [ 9.0969472, 48.7433578 ], [ 9.0969463, 48.7433573 ], [ 9.0969453, 48.7433567 ], [ 9.0969444, 48.743356 ], [ 9.0969435, 48.7433553 ], [ 9.0969427, 48.7433546 ], [ 9.096942, 48.7433538 ], [ 9.0969414, 48.743353 ], [ 9.0969408, 48.7433522 ], [ 9.0969403, 48.7433513 ], [ 9.0969399, 48.7433504 ], [ 9.0969396, 48.7433496 ], [ 9.0969394, 48.7433487 ], [ 9.0969392, 48.7433478 ], [ 9.0969363, 48.7433028 ], [ 9.096833, 48.7432764 ], [ 9.0968084, 48.7432701 ], [ 9.0967805, 48.7433169 ], [ 9.0967726, 48.7434001 ], [ 9.0967179, 48.7433979 ], [ 9.0967132, 48.7434155 ], [ 9.0967431, 48.7434164 ], [ 9.0967387, 48.7434833 ], [ 9.0966915, 48.7434821 ], [ 9.0966915, 48.7434811 ], [ 9.0966378, 48.743496 ] ] ] ] } },
{ "type": "Feature", "properties": { "fid": 133, "ogc_fid": 133, "gebnutzbez": "Gebaeude", "funktion": "Wohnhaus", "lagebeztxt": "Allmandring 22A", "building_id": 133.0, "condition": "Good", "notes": "Building in good condition\"\n\"No visible damage\"\n\"Well maintained\"", "photo": "DCIM/buildings_20260427184025857.jpg" }, "geometry": { "type": "MultiPolygon", "coordinates": [ [ [ [ 9.098159, 48.7448844 ], [ 9.098148, 48.7447813 ], [ 9.0981048, 48.7447837 ], [ 9.0981003, 48.7447365 ], [ 9.0981427, 48.7447346 ], [ 9.0981403, 48.7447194 ], [ 9.0981837, 48.7447173 ], [ 9.0981821, 48.744705 ], [ 9.098227, 48.7447025 ], [ 9.0982254, 48.7446865 ], [ 9.0983164, 48.7446822 ], [ 9.0983292, 48.7447994 ], [ 9.0983751, 48.7447971 ], [ 9.0983784, 48.7448443 ], [ 9.0983346, 48.7448469 ], [ 9.0983363, 48.7448611 ], [ 9.0982909, 48.7448636 ], [ 9.0982922, 48.7448777 ], [ 9.098159, 48.7448844 ] ] ] ] } },
{ "type": "Feature", "properties": { "fid": 134, "ogc_fid": 134, "gebnutzbez": "Gebaeude", "funktion": "Gebäude für Vorratshaltung", "lagebeztxt": null, "building_id": 134.0, "condition": "", "notes": "", "photo": "" }, "geometry": { "type": "MultiPolygon", "coordinates": [ [ [ [ 9.0980338, 48.7409361 ], [ 9.0978861, 48.7409434 ], [ 9.0978801, 48.7408965 ], [ 9.0978611, 48.7407147 ], [ 9.0978574, 48.7406792 ], [ 9.0979393, 48.7406755 ], [ 9.0980062, 48.7406724 ], [ 9.0980338, 48.7409361 ] ] ] ] } },
{ "type": "Feature", "properties": { "fid": 135, "ogc_fid": 135, "gebnutzbez": "Gebaeude", "funktion": "Wohnhaus", "lagebeztxt": null, "building_id": 135.0, "condition": "", "notes": "", "photo": "" }, "geometry": { "type": "MultiPolygon", "coordinates": [ [ [ [ 9.0986664, 48.7417774 ], [ 9.0986528, 48.7416476 ], [ 9.0986507, 48.7416278 ], [ 9.0986502, 48.7416222 ], [ 9.0988445, 48.7416127 ], [ 9.0988615, 48.7417689 ], [ 9.0986664, 48.7417774 ] ] ] ] } },
{ "type": "Feature", "properties": { "fid": 136, "ogc_fid": 136, "gebnutzbez": "Gebaeude", "funktion": "Betriebsgebäude", "lagebeztxt": null, "building_id": 136.0, "condition": "", "notes": "", "photo": "" }, "geometry": { "type": "MultiPolygon", "coordinates": [ [ [ [ 9.0980858, 48.7409749 ], [ 9.0980669, 48.7409755 ], [ 9.098051, 48.7409761 ], [ 9.0980464, 48.7409356 ], [ 9.0980816, 48.7409342 ], [ 9.0980858, 48.7409749 ] ] ] ] } },
{ "type": "Feature", "properties": { "fid": 137, "ogc_fid": 137, "gebnutzbez": "Gebaeude", "funktion": "Wohnhaus", "lagebeztxt": "Allmandring 22D", "building_id": 137.0, "condition": "Good", "notes": "Building in good condition\"\n\"No visible damage\"\n\"Well maintained\"", "photo": "DCIM/buildings_20260427184214744.jpg" }, "geometry": { "type": "MultiPolygon", "coordinates": [ [ [ [ 9.0979319, 48.7443946 ], [ 9.0979332, 48.7444089 ], [ 9.0980182, 48.7444054 ], [ 9.098026, 48.7444929 ], [ 9.098071, 48.7444912 ], [ 9.098076, 48.7445384 ], [ 9.0980316, 48.7445405 ], [ 9.0980325, 48.7445542 ], [ 9.0979894, 48.744556 ], [ 9.0979912, 48.7445709 ], [ 9.0979459, 48.7445733 ], [ 9.0979491, 48.7446013 ], [ 9.0978615, 48.7446054 ], [ 9.0978478, 48.744485 ], [ 9.0978021, 48.7444869 ], [ 9.0977971, 48.74443 ], [ 9.0978414, 48.7444282 ], [ 9.09784, 48.7444135 ], [ 9.0978837, 48.7444117 ], [ 9.0978824, 48.7443966 ], [ 9.0979319, 48.7443946 ] ] ] ] } },
{ "type": "Feature", "properties": { "fid": 138, "ogc_fid": 138, "gebnutzbez": "Gebaeude", "funktion": "Wohnhaus", "lagebeztxt": "Allmandring 24A", "building_id": 138.0, "condition": "Medium", "notes": "Needs minor repairs\"\n\"Some wear and tear\"\n\"Painting required\"", "photo": "DCIM/buildings_20260428190451651.jpg" }, "geometry": { "type": "MultiPolygon", "coordinates": [ [ [ [ 9.0972275, 48.7442171 ], [ 9.0973936, 48.7442094 ], [ 9.0973951, 48.7442245 ], [ 9.0974527, 48.7442219 ], [ 9.0974511, 48.7442069 ], [ 9.0975189, 48.7442037 ], [ 9.0975305, 48.7443136 ], [ 9.0974675, 48.7443165 ], [ 9.0974717, 48.7443547 ], [ 9.0974945, 48.7443537 ], [ 9.0974994, 48.7443997 ], [ 9.0973332, 48.7444072 ], [ 9.0973316, 48.7443921 ], [ 9.097274, 48.7443936 ], [ 9.0972756, 48.7444087 ], [ 9.0972076, 48.7444119 ], [ 9.0971961, 48.7443018 ], [ 9.0972588, 48.7442989 ], [ 9.0972548, 48.744261 ], [ 9.097232, 48.744262 ], [ 9.0972275, 48.7442171 ] ] ] ] } },
{ "type": "Feature", "properties": { "fid": 139, "ogc_fid": 139, "gebnutzbez": "Gebaeude", "funktion": "Parkhaus", "lagebeztxt": "Nobelstraße 12", "building_id": 139.0, "condition": "Good", "notes": "", "photo": "DCIM/buildings_20260429162928020.jpg" }, "geometry": { "type": "MultiPolygon", "coordinates": [ [ [ [ 9.0991298, 48.7405247 ], [ 9.0998636, 48.7404908 ], [ 9.0998639, 48.7404935 ], [ 9.0998693, 48.7405398 ], [ 9.099934, 48.7405371 ], [ 9.099937, 48.740537 ], [ 9.099998, 48.74111 ], [ 9.0993132, 48.7411418 ], [ 9.0993112, 48.7411243 ], [ 9.0992585, 48.7411267 ], [ 9.0992224, 48.7411547 ], [ 9.0992016, 48.7411556 ], [ 9.0991855, 48.7411466 ], [ 9.0991837, 48.7411327 ], [ 9.0992195, 48.7411047 ], [ 9.0992407, 48.7411035 ], [ 9.0992561, 48.7411124 ], [ 9.0993099, 48.7411099 ], [ 9.0993081, 48.7410929 ], [ 9.099191, 48.7410978 ], [ 9.0991298, 48.7405247 ] ] ] ] } },
{ "type": "Feature", "properties": { "fid": 140, "ogc_fid": 140, "gebnutzbez": "Gebaeude", "funktion": "Wohnhaus", "lagebeztxt": "Allmandring 24B", "building_id": 140.0, "condition": "Good", "notes": "Building in good condition\"\n\"No visible damage\"\n\"Well maintained\"", "photo": "DCIM/buildings_20260428190808669.jpg" }, "geometry": { "type": "MultiPolygon", "coordinates": [ [ [ [ 9.0969907, 48.7444859 ], [ 9.0971569, 48.744477 ], [ 9.0971587, 48.7444921 ], [ 9.0972159, 48.7444907 ], [ 9.0972144, 48.7444757 ], [ 9.0972823, 48.7444726 ], [ 9.0972939, 48.7445825 ], [ 9.0972312, 48.7445855 ], [ 9.0972352, 48.7446235 ], [ 9.0972581, 48.7446224 ], [ 9.0972628, 48.7446675 ], [ 9.0970963, 48.744675 ], [ 9.0970948, 48.74466 ], [ 9.0970373, 48.7446625 ], [ 9.0970389, 48.7446776 ], [ 9.0969709, 48.7446808 ], [ 9.0969594, 48.7445707 ], [ 9.097022, 48.7445678 ], [ 9.097018, 48.7445299 ], [ 9.0969954, 48.744531 ], [ 9.0969907, 48.7444859 ] ] ] ] } },
{ "type": "Feature", "properties": { "fid": 141, "ogc_fid": 141, "gebnutzbez": "Gebaeude", "funktion": "Forschungsinstitut", "lagebeztxt": "Nobelstraße 12I", "building_id": 141.0, "condition": "Good", "notes": "Building in good condition\"\n\"No visible damage\"\n\"Well maintained\"", "photo": "DCIM/buildings_20260429163233818.jpg" }, "geometry": { "type": "MultiPolygon", "coordinates": [ [ [ [ 9.0989797, 48.7411883 ], [ 9.0987606, 48.7411983 ], [ 9.0987582, 48.7411766 ], [ 9.0987574, 48.7411641 ], [ 9.0981085, 48.741194 ], [ 9.0980858, 48.7409749 ], [ 9.0980816, 48.7409342 ], [ 9.0980464, 48.7409356 ], [ 9.0980338, 48.7409361 ], [ 9.0980062, 48.7406724 ], [ 9.0980346, 48.7406711 ], [ 9.0980531, 48.7406702 ], [ 9.0980434, 48.7405795 ], [ 9.0980393, 48.7405797 ], [ 9.0980389, 48.7405752 ], [ 9.0980112, 48.7403153 ], [ 9.0980079, 48.7402846 ], [ 9.0980111, 48.7402849 ], [ 9.0988521, 48.7403631 ], [ 9.0988653, 48.7404864 ], [ 9.0986987, 48.7404943 ], [ 9.0985651, 48.7405005 ], [ 9.0984017, 48.7405082 ], [ 9.0984051, 48.7405436 ], [ 9.0984062, 48.7405557 ], [ 9.0984328, 48.7405545 ], [ 9.098869, 48.7405346 ], [ 9.098888, 48.740713 ], [ 9.0988543, 48.7407144 ], [ 9.0988592, 48.7407609 ], [ 9.098911, 48.7407584 ], [ 9.098935, 48.7407574 ], [ 9.0989797, 48.7411883 ] ] ] ] } },
{ "type": "Feature", "properties": { "fid": 142, "ogc_fid": 142, "gebnutzbez": "Gebaeude", "funktion": "Betriebsgebäude", "lagebeztxt": null, "building_id": 142.0, "condition": "", "notes": "", "photo": "" }, "geometry": { "type": "MultiPolygon", "coordinates": [ [ [ [ 9.0991133, 48.7415628 ], [ 9.0991166, 48.7415975 ], [ 9.0990633, 48.7416 ], [ 9.0990642, 48.7416077 ], [ 9.099028, 48.7416094 ], [ 9.0990133, 48.7416002 ], [ 9.0990083, 48.7415544 ], [ 9.0990199, 48.7415538 ], [ 9.0990178, 48.7415346 ], [ 9.0990062, 48.7415351 ], [ 9.0990057, 48.7415296 ], [ 9.0989649, 48.7415315 ], [ 9.0989581, 48.7415317 ], [ 9.0989428, 48.7413877 ], [ 9.0989291, 48.7412581 ], [ 9.0993453, 48.7412388 ], [ 9.0993744, 48.7415124 ], [ 9.0992808, 48.7415167 ], [ 9.0992848, 48.7415567 ], [ 9.0992701, 48.7415576 ], [ 9.09927, 48.7415558 ], [ 9.0991133, 48.7415628 ] ] ] ] } },
{ "type": "Feature", "properties": { "fid": 143, "ogc_fid": 143, "gebnutzbez": "Gebaeude", "funktion": "Wohnhaus", "lagebeztxt": null, "building_id": 143.0, "condition": "", "notes": "", "photo": "" }, "geometry": { "type": "MultiPolygon", "coordinates": [ [ [ [ 9.0983006, 48.7445584 ], [ 9.0984389, 48.7445522 ], [ 9.0984754, 48.7445506 ], [ 9.0984747, 48.7445392 ], [ 9.0985258, 48.7445369 ], [ 9.0985296, 48.7445835 ], [ 9.09853, 48.7445897 ], [ 9.0985254, 48.7445898 ], [ 9.0985257, 48.7445939 ], [ 9.0985066, 48.7445944 ], [ 9.0985065, 48.744591 ], [ 9.0984854, 48.744592 ], [ 9.0984864, 48.7446028 ], [ 9.0984826, 48.7446031 ], [ 9.0984828, 48.7446071 ], [ 9.0984637, 48.7446078 ], [ 9.0984635, 48.744604 ], [ 9.0984397, 48.7446051 ], [ 9.09844, 48.7446089 ], [ 9.098419, 48.7446101 ], [ 9.0984186, 48.7446061 ], [ 9.0983939, 48.7446074 ], [ 9.0983943, 48.744611 ], [ 9.098375, 48.7446118 ], [ 9.0983746, 48.7446083 ], [ 9.0983493, 48.7446096 ], [ 9.0983497, 48.7446128 ], [ 9.0983278, 48.7446137 ], [ 9.0983274, 48.7446108 ], [ 9.0983067, 48.7446119 ], [ 9.0983006, 48.7445584 ] ] ] ] } },
{ "type": "Feature", "properties": { "fid": 144, "ogc_fid": 144, "gebnutzbez": "Gebaeude", "funktion": "Forschungsinstitut", "lagebeztxt": "Nobelstraße 12G", "building_id": 144.0, "condition": "Good", "notes": "Building in good condition\"\n\"No visible damage\"\n\"Well maintained\"", "photo": "DCIM/buildings_20260429163853365.jpg" }, "geometry": { "type": "MultiPolygon", "coordinates": [ [ [ [ 9.0969101, 48.7409055 ], [ 9.0967184, 48.7409145 ], [ 9.0967198, 48.7409276 ], [ 9.0967183, 48.7409277 ], [ 9.0966397, 48.7409313 ], [ 9.0965501, 48.74088 ], [ 9.0966277, 48.7408209 ], [ 9.0967478, 48.740815 ], [ 9.0967493, 48.7408289 ], [ 9.096786, 48.7408271 ], [ 9.0967799, 48.7407726 ], [ 9.0967106, 48.7407329 ], [ 9.0966253, 48.7407371 ], [ 9.0966129, 48.7406186 ], [ 9.0967266, 48.7406133 ], [ 9.0967741, 48.740577 ], [ 9.0967616, 48.7404539 ], [ 9.0967331, 48.7404552 ], [ 9.0967349, 48.740473 ], [ 9.0965294, 48.7404821 ], [ 9.0965279, 48.7404822 ], [ 9.0965222, 48.7404255 ], [ 9.0964581, 48.7403885 ], [ 9.0964571, 48.7403883 ], [ 9.0964943, 48.7403598 ], [ 9.0964824, 48.7402443 ], [ 9.0964836, 48.7402444 ], [ 9.0964849, 48.7402445 ], [ 9.0964862, 48.7402445 ], [ 9.0964874, 48.7402445 ], [ 9.0966474, 48.7402373 ], [ 9.0966501, 48.7402638 ], [ 9.096808, 48.7402567 ], [ 9.096815, 48.7403222 ], [ 9.0968435, 48.7403209 ], [ 9.0968423, 48.7403093 ], [ 9.097027, 48.7403006 ], [ 9.0970292, 48.7403241 ], [ 9.0971461, 48.7403188 ], [ 9.0971636, 48.740486 ], [ 9.0971246, 48.7404878 ], [ 9.0970855, 48.7405174 ], [ 9.0970404, 48.7404915 ], [ 9.0969304, 48.7404966 ], [ 9.096938, 48.7405691 ], [ 9.0969941, 48.740601 ], [ 9.0971078, 48.740596 ], [ 9.0971121, 48.74064 ], [ 9.097128, 48.7406493 ], [ 9.0971142, 48.7406607 ], [ 9.0971186, 48.7407047 ], [ 9.0970057, 48.7407096 ], [ 9.0969575, 48.7407472 ], [ 9.0969672, 48.7408383 ], [ 9.0970065, 48.7408366 ], [ 9.0970813, 48.7408794 ], [ 9.0970172, 48.7409275 ], [ 9.0969731, 48.7409294 ], [ 9.0969128, 48.7409321 ], [ 9.0969101, 48.7409055 ] ] ] ] } },
{ "type": "Feature", "properties": { "fid": 145, "ogc_fid": 145, "gebnutzbez": "Gebaeude", "funktion": "Gebäude für Vorratshaltung", "lagebeztxt": null, "building_id": 145.0, "condition": "", "notes": "", "photo": "" }, "geometry": { "type": "MultiPolygon", "coordinates": [ [ [ [ 9.0944486, 48.7405657 ], [ 9.0943101, 48.7405722 ], [ 9.0943095, 48.7405603 ], [ 9.0944475, 48.7405539 ], [ 9.0944486, 48.7405657 ] ] ] ] } },
{ "type": "Feature", "properties": { "fid": 146, "ogc_fid": 146, "gebnutzbez": "Gebaeude", "funktion": "Wohnhaus", "lagebeztxt": "Allmandring 14A", "building_id": 146.0, "condition": "Good", "notes": "Building in good condition\"\n\"No visible damage\"\n\"Well maintained\"", "photo": "DCIM/buildings_20260427182734118.jpg" }, "geometry": { "type": "MultiPolygon", "coordinates": [ [ [ [ 9.0996809, 48.7449045 ], [ 9.0996718, 48.7448178 ], [ 9.0996327, 48.7448193 ], [ 9.0996278, 48.7447719 ], [ 9.0996681, 48.74477 ], [ 9.0996666, 48.7447559 ], [ 9.0997095, 48.7447539 ], [ 9.099708, 48.7447386 ], [ 9.0997519, 48.7447366 ], [ 9.0997489, 48.7447071 ], [ 9.0998395, 48.7447031 ], [ 9.0998528, 48.7448341 ], [ 9.0998963, 48.7448324 ], [ 9.0999024, 48.7448799 ], [ 9.0998561, 48.7448821 ], [ 9.0998574, 48.7448956 ], [ 9.0998175, 48.744898 ], [ 9.0998189, 48.7449124 ], [ 9.099767, 48.7449146 ], [ 9.0997656, 48.7449006 ], [ 9.0996809, 48.7449045 ] ] ] ] } },
{ "type": "Feature", "properties": { "fid": 147, "ogc_fid": 147, "gebnutzbez": "Gebaeude", "funktion": "Wohnhaus", "lagebeztxt": "Allmandring 8D", "building_id": 147.0, "condition": "Good", "notes": "Building in good condition\"\n\"No visible damage\"\n\"Well maintained\"", "photo": "DCIM/buildings_20260427102633278.jpg" }, "geometry": { "type": "MultiPolygon", "coordinates": [ [ [ [ 9.100534, 48.7448229 ], [ 9.1006186, 48.7448191 ], [ 9.1006272, 48.7449071 ], [ 9.100668, 48.7449053 ], [ 9.1006727, 48.744952 ], [ 9.1006331, 48.744954 ], [ 9.1006348, 48.7449686 ], [ 9.1005913, 48.7449708 ], [ 9.1005927, 48.7449858 ], [ 9.100549, 48.744988 ], [ 9.1005522, 48.745017 ], [ 9.1004594, 48.7450211 ], [ 9.1004464, 48.74489 ], [ 9.1004057, 48.7448917 ], [ 9.1004003, 48.744843 ], [ 9.1004417, 48.7448413 ], [ 9.1004404, 48.7448272 ], [ 9.1004845, 48.7448252 ], [ 9.1004828, 48.7448105 ], [ 9.1005322, 48.7448084 ], [ 9.100534, 48.7448229 ] ] ] ] } },
{ "type": "Feature", "properties": { "fid": 148, "ogc_fid": 148, "gebnutzbez": "Gebaeude", "funktion": "Hochschulgebäude (Fachhochschule, Universität)", "lagebeztxt": "Allmandring 5B", "building_id": 148.0, "condition": "Good", "notes": "Building in good condition\"\n\"No visible damage\"\n\"Well maintained\"", "photo": "DCIM/buildings_20260428180628192.jpg" }, "geometry": { "type": "MultiPolygon", "coordinates": [ [ [ [ 9.0999765, 48.7437236 ], [ 9.0999747, 48.7437075 ], [ 9.0999728, 48.7436899 ], [ 9.0999312, 48.7436918 ], [ 9.099933, 48.7437095 ], [ 9.0998284, 48.7437141 ], [ 9.0997836, 48.7432898 ], [ 9.0998881, 48.743285 ], [ 9.0998899, 48.7433025 ], [ 9.0999319, 48.7433006 ], [ 9.0999301, 48.7432831 ], [ 9.0999284, 48.7432669 ], [ 9.1005212, 48.7432396 ], [ 9.1005213, 48.7432414 ], [ 9.1005208, 48.7432415 ], [ 9.1005362, 48.7433892 ], [ 9.1003891, 48.743396 ], [ 9.100343, 48.7433981 ], [ 9.1003594, 48.7435556 ], [ 9.1004059, 48.7435535 ], [ 9.1005531, 48.7435468 ], [ 9.1005685, 48.7436943 ], [ 9.100569, 48.7436943 ], [ 9.1005691, 48.7436961 ], [ 9.0999765, 48.7437236 ] ] ] ] } },
{ "type": "Feature", "properties": { "fid": 149, "ogc_fid": 149, "gebnutzbez": "Gebaeude", "funktion": "Wohnhaus", "lagebeztxt": "Allmandring 18D", "building_id": 149.0, "condition": "", "notes": "", "photo": "" }, "geometry": { "type": "MultiPolygon", "coordinates": [ [ [ [ 9.0982991, 48.7445429 ], [ 9.0982177, 48.7445467 ], [ 9.098219, 48.7445568 ], [ 9.0981683, 48.744559 ], [ 9.0981627, 48.7445053 ], [ 9.0981684, 48.7445049 ], [ 9.098168, 48.7445009 ], [ 9.0981873, 48.7445002 ], [ 9.0981876, 48.744504 ], [ 9.098207, 48.7445029 ], [ 9.0982061, 48.7444926 ], [ 9.0982118, 48.7444922 ], [ 9.0982112, 48.7444876 ], [ 9.0982319, 48.7444867 ], [ 9.0982322, 48.7444905 ], [ 9.0982563, 48.7444894 ], [ 9.0982556, 48.7444854 ], [ 9.098275, 48.7444845 ], [ 9.0982756, 48.744489 ], [ 9.0983001, 48.7444874 ], [ 9.0982999, 48.7444837 ], [ 9.0983213, 48.7444824 ], [ 9.0983209, 48.7444871 ], [ 9.0983451, 48.7444858 ], [ 9.0983445, 48.7444815 ], [ 9.0983652, 48.744481 ], [ 9.0983656, 48.7444848 ], [ 9.0983908, 48.7444835 ], [ 9.0983902, 48.7444797 ], [ 9.0984097, 48.7444788 ], [ 9.0984104, 48.7444833 ], [ 9.0984319, 48.7444828 ], [ 9.0984371, 48.7445362 ], [ 9.0982991, 48.7445429 ] ] ] ] } },
{ "type": "Feature", "properties": { "fid": 150, "ogc_fid": 150, "gebnutzbez": "Gebaeude", "funktion": "Forschungsinstitut", "lagebeztxt": "Nobelstraße 12E", "building_id": 150.0, "condition": "Good", "notes": "Building in good condition\"\n\"No visible damage\"\n\"Well maintained\"", "photo": "DCIM/buildings_20260429165251964.jpg" }, "geometry": { "type": "MultiPolygon", "coordinates": [ [ [ [ 9.0975327, 48.7417129 ], [ 9.0975443, 48.7418232 ], [ 9.0975331, 48.7418427 ], [ 9.097112, 48.7417387 ], [ 9.0971083, 48.7417036 ], [ 9.0969898, 48.7417091 ], [ 9.0969868, 48.741679 ], [ 9.0968865, 48.7416836 ], [ 9.0968831, 48.7416537 ], [ 9.0967828, 48.7416581 ], [ 9.0967788, 48.7416218 ], [ 9.0964944, 48.741635 ], [ 9.0964689, 48.7413921 ], [ 9.0966561, 48.7413835 ], [ 9.0967533, 48.741379 ], [ 9.0967511, 48.7413576 ], [ 9.0967504, 48.7413522 ], [ 9.0967748, 48.7413511 ], [ 9.0968292, 48.7413486 ], [ 9.0970608, 48.7413378 ], [ 9.0970761, 48.7413261 ], [ 9.0971128, 48.7413471 ], [ 9.0971135, 48.7413547 ], [ 9.0971638, 48.7413524 ], [ 9.0971696, 48.7414056 ], [ 9.0971718, 48.7414284 ], [ 9.0972247, 48.7414593 ], [ 9.0972796, 48.7414568 ], [ 9.0972777, 48.7414407 ], [ 9.0972745, 48.7414114 ], [ 9.0972851, 48.7414032 ], [ 9.0974881, 48.7413941 ], [ 9.0974937, 48.7414439 ], [ 9.0974946, 48.7414527 ], [ 9.0974761, 48.7414536 ], [ 9.0974774, 48.7414672 ], [ 9.0974782, 48.7414762 ], [ 9.097496, 48.7414754 ], [ 9.0975809, 48.741463 ], [ 9.0975837, 48.741488 ], [ 9.0975102, 48.7414988 ], [ 9.0975327, 48.7417129 ] ] ] ] } },
{ "type": "Feature", "properties": { "fid": 151, "ogc_fid": 151, "gebnutzbez": "Gebaeude", "funktion": "Forschungsinstitut", "lagebeztxt": "Allmandring 30A", "building_id": 151.0, "condition": "Good", "notes": "Building in good condition\"\n\"No visible damage\"\n\"Well maintained\"", "photo": "DCIM/buildings_20260429170434672.jpg" }, "geometry": { "type": "MultiPolygon", "coordinates": [ [ [ [ 9.0941015, 48.7407181 ], [ 9.0939823, 48.7407236 ], [ 9.0939809, 48.7407094 ], [ 9.0939104, 48.7407126 ], [ 9.0939008, 48.7406266 ], [ 9.093833, 48.7406297 ], [ 9.0938282, 48.7405826 ], [ 9.0936957, 48.7405887 ], [ 9.0936626, 48.7402701 ], [ 9.0947538, 48.74022 ], [ 9.094763, 48.7403087 ], [ 9.0948386, 48.740305 ], [ 9.094844, 48.7403545 ], [ 9.0947683, 48.7403585 ], [ 9.0947873, 48.7405383 ], [ 9.0944475, 48.7405539 ], [ 9.0943095, 48.7405603 ], [ 9.0940235, 48.7405736 ], [ 9.0940283, 48.7406185 ], [ 9.0940962, 48.7406153 ], [ 9.0941053, 48.7407035 ], [ 9.0941002, 48.7407038 ], [ 9.0941015, 48.7407181 ] ] ] ] } },
{ "type": "Feature", "properties": { "fid": 152, "ogc_fid": 152, "gebnutzbez": "Gebaeude", "funktion": "Gebäude für Vorratshaltung", "lagebeztxt": null, "building_id": 152.0, "condition": "Good", "notes": "Building in good condition\"\n\"No visible damage\"\n\"Well maintained\"", "photo": "DCIM/buildings_20260429163346977.jpg" }, "geometry": { "type": "MultiPolygon", "coordinates": [ [ [ [ 9.0990634, 48.7401088 ], [ 9.0990554, 48.7400368 ], [ 9.0991366, 48.7400327 ], [ 9.0991446, 48.7401049 ], [ 9.0990634, 48.7401088 ] ] ] ] } },
{ "type": "Feature", "properties": { "fid": 153, "ogc_fid": 153, "gebnutzbez": "Gebaeude", "funktion": "Hochschulgebäude (Fachhochschule, Universität)", "lagebeztxt": null, "building_id": 153.0, "condition": "Good", "notes": "Building in good condition\"\n\"No visible damage\"\n\"Well maintained\"", "photo": "DCIM/buildings_20260429164756935.jpg" }, "geometry": { "type": "MultiPolygon", "coordinates": [ [ [ [ 9.1002584, 48.7421053 ], [ 9.1007426, 48.742083 ], [ 9.1007012, 48.7422127 ], [ 9.1007263, 48.7422177 ], [ 9.1007247, 48.7422215 ], [ 9.1007121, 48.742219 ], [ 9.1006995, 48.7422167 ], [ 9.1006868, 48.7422144 ], [ 9.1006742, 48.7422121 ], [ 9.1006615, 48.74221 ], [ 9.1006488, 48.7422079 ], [ 9.100636, 48.7422059 ], [ 9.1006233, 48.7422039 ], [ 9.1006105, 48.742202 ], [ 9.1005977, 48.7422001 ], [ 9.1005848, 48.7421984 ], [ 9.100572, 48.7421967 ], [ 9.1005591, 48.742195 ], [ 9.1005462, 48.7421934 ], [ 9.1005333, 48.7421919 ], [ 9.1005204, 48.7421905 ], [ 9.1005075, 48.7421891 ], [ 9.1004945, 48.7421878 ], [ 9.1004815, 48.7421865 ], [ 9.1004685, 48.7421854 ], [ 9.1004556, 48.7421843 ], [ 9.1004425, 48.7421832 ], [ 9.1004295, 48.7421822 ], [ 9.1004165, 48.7421813 ], [ 9.1004034, 48.7421805 ], [ 9.1003904, 48.7421797 ], [ 9.1003773, 48.742179 ], [ 9.1003643, 48.7421783 ], [ 9.1003512, 48.7421777 ], [ 9.1003381, 48.7421772 ], [ 9.100325, 48.7421768 ], [ 9.1003119, 48.7421764 ], [ 9.1002988, 48.7421761 ], [ 9.1002857, 48.7421758 ], [ 9.1002726, 48.7421756 ], [ 9.1002595, 48.7421755 ], [ 9.1002464, 48.7421755 ], [ 9.1002333, 48.7421755 ], [ 9.1002202, 48.7421756 ], [ 9.1002071, 48.7421757 ], [ 9.100194, 48.742176 ], [ 9.1001809, 48.7421763 ], [ 9.1001678, 48.7421766 ], [ 9.1001547, 48.742177 ], [ 9.1001416, 48.7421775 ], [ 9.1001285, 48.7421781 ], [ 9.1001306, 48.7421741 ], [ 9.1001564, 48.7421729 ], [ 9.1001448, 48.7420639 ], [ 9.1002538, 48.7420588 ], [ 9.1002584, 48.7421053 ] ] ] ] } },
{ "type": "Feature", "properties": { "fid": 154, "ogc_fid": 154, "gebnutzbez": "Gebaeude", "funktion": "Wohnhaus", "lagebeztxt": "Allmandring 24C", "building_id": 154.0, "condition": "Good", "notes": "", "photo": "DCIM/buildings_20260428190926558.jpg" }, "geometry": { "type": "MultiPolygon", "coordinates": [ [ [ [ 9.0965867, 48.7443545 ], [ 9.0967532, 48.7443481 ], [ 9.0967546, 48.7443635 ], [ 9.0968121, 48.7443606 ], [ 9.0968106, 48.7443454 ], [ 9.0968787, 48.7443423 ], [ 9.0968893, 48.7444526 ], [ 9.0968266, 48.7444553 ], [ 9.096832, 48.7444933 ], [ 9.0968548, 48.7444923 ], [ 9.0968594, 48.7445374 ], [ 9.0966925, 48.7445449 ], [ 9.096691, 48.7445299 ], [ 9.0966337, 48.7445322 ], [ 9.0966354, 48.7445473 ], [ 9.0965672, 48.7445506 ], [ 9.0965559, 48.7444404 ], [ 9.0966186, 48.7444375 ], [ 9.0966144, 48.7443998 ], [ 9.0965917, 48.7444008 ], [ 9.0965867, 48.7443545 ] ] ] ] } },
{ "type": "Feature", "properties": { "fid": 155, "ogc_fid": 155, "gebnutzbez": "Gebaeude", "funktion": "Wohnhaus", "lagebeztxt": "Allmandring 26C", "building_id": 155.0, "condition": "Good", "notes": "Building in good condition\"\n\"No visible damage\"\n\"Well maintained\"", "photo": "DCIM/buildings_20260428191156000.jpg" }, "geometry": { "type": "MultiPolygon", "coordinates": [ [ [ [ 9.095709, 48.7440152 ], [ 9.0958591, 48.7440033 ], [ 9.0958569, 48.7439922 ], [ 9.0959418, 48.7439855 ], [ 9.0959496, 48.744029 ], [ 9.0959326, 48.7440304 ], [ 9.0959395, 48.7440661 ], [ 9.0958934, 48.74407 ], [ 9.0958963, 48.7440992 ], [ 9.0959602, 48.7440963 ], [ 9.0959629, 48.7441221 ], [ 9.0959797, 48.7441213 ], [ 9.0959858, 48.7441762 ], [ 9.0959197, 48.744179 ], [ 9.0959186, 48.744168 ], [ 9.095734, 48.7441763 ], [ 9.0957353, 48.7441877 ], [ 9.0956688, 48.7441908 ], [ 9.0956628, 48.7441359 ], [ 9.0956798, 48.7441351 ], [ 9.0956773, 48.7441121 ], [ 9.095659, 48.7441137 ], [ 9.0956477, 48.7440533 ], [ 9.0956307, 48.7440547 ], [ 9.0956226, 48.7440109 ], [ 9.0957069, 48.7440041 ], [ 9.095709, 48.7440152 ] ] ] ] } },
{ "type": "Feature", "properties": { "fid": 156, "ogc_fid": 156, "gebnutzbez": "Gebaeude", "funktion": "Forschungsinstitut", "lagebeztxt": "Allmandring 31", "building_id": 156.0, "condition": "Good", "notes": "Building in good condition\"\n\"No visible damage\"\n\"Well maintained\"", "photo": "DCIM/buildings_20260428193451503.jpg" }, "geometry": { "type": "MultiPolygon", "coordinates": [ [ [ [ 9.0970658, 48.7424543 ], [ 9.0970812, 48.7426079 ], [ 9.0966367, 48.7426283 ], [ 9.0966155, 48.7424341 ], [ 9.0961273, 48.7424564 ], [ 9.0961044, 48.742238 ], [ 9.0963967, 48.7422243 ], [ 9.0967087, 48.7422098 ], [ 9.0967074, 48.7421988 ], [ 9.0967045, 48.7421971 ], [ 9.0967016, 48.7421953 ], [ 9.0966988, 48.7421934 ], [ 9.096696, 48.7421915 ], [ 9.0966933, 48.7421896 ], [ 9.0966907, 48.7421876 ], [ 9.0966882, 48.7421855 ], [ 9.0966858, 48.7421835 ], [ 9.0966834, 48.7421813 ], [ 9.0966812, 48.7421792 ], [ 9.096679, 48.742177 ], [ 9.0966769, 48.7421747 ], [ 9.0966749, 48.7421725 ], [ 9.096673, 48.7421702 ], [ 9.0966712, 48.7421678 ], [ 9.0966694, 48.7421655 ], [ 9.0966678, 48.7421631 ], [ 9.0966663, 48.7421606 ], [ 9.0966648, 48.7421582 ], [ 9.0966635, 48.7421557 ], [ 9.0966622, 48.7421532 ], [ 9.0966611, 48.7421507 ], [ 9.09666, 48.7421482 ], [ 9.0966591, 48.7421456 ], [ 9.0966583, 48.7421431 ], [ 9.0966575, 48.7421405 ], [ 9.0966569, 48.7421379 ], [ 9.0966563, 48.7421353 ], [ 9.0966559, 48.7421327 ], [ 9.0966556, 48.74213 ], [ 9.0966553, 48.7421274 ], [ 9.0966552, 48.7421248 ], [ 9.0966552, 48.7421222 ], [ 9.0966553, 48.7421195 ], [ 9.0966555, 48.7421169 ], [ 9.0966557, 48.7421143 ], [ 9.0966561, 48.7421117 ], [ 9.0966566, 48.7421091 ], [ 9.0966572, 48.7421065 ], [ 9.0966579, 48.7421039 ], [ 9.0966588, 48.7421013 ], [ 9.0966597, 48.7420987 ], [ 9.0966607, 48.7420962 ], [ 9.0966618, 48.7420937 ], [ 9.096663, 48.7420912 ], [ 9.0966643, 48.7420887 ], [ 9.0966657, 48.7420862 ], [ 9.0966672, 48.7420838 ], [ 9.0966688, 48.7420814 ], [ 9.0966705, 48.742079 ], [ 9.0966723, 48.7420767 ], [ 9.0966741, 48.7420743 ], [ 9.0966761, 48.7420721 ], [ 9.0966782, 48.7420698 ], [ 9.0966803, 48.7420676 ], [ 9.0966825, 48.7420654 ], [ 9.0966849, 48.7420633 ], [ 9.0966873, 48.7420612 ], [ 9.0966898, 48.7420591 ], [ 9.0966923, 48.7420571 ], [ 9.096695, 48.7420552 ], [ 9.0966977, 48.7420533 ], [ 9.0967005, 48.7420514 ], [ 9.0967033, 48.7420496 ], [ 9.0967063, 48.7420478 ], [ 9.0967093, 48.7420461 ], [ 9.0967124, 48.7420444 ], [ 9.0967155, 48.7420428 ], [ 9.0967187, 48.7420412 ], [ 9.096722, 48.7420397 ], [ 9.0967252, 48.7420288 ], [ 9.0963738, 48.7419834 ], [ 9.0962267, 48.7419644 ], [ 9.0957835, 48.7419071 ], [ 9.0958252, 48.7417662 ], [ 9.0962686, 48.7418235 ], [ 9.0971396, 48.7419358 ], [ 9.0970981, 48.7420765 ], [ 9.0969361, 48.7420555 ], [ 9.0969327, 48.7420668 ], [ 9.0969349, 48.742069 ], [ 9.0969369, 48.7420713 ], [ 9.0969389, 48.7420735 ], [ 9.0969408, 48.7420759 ], [ 9.0969426, 48.7420782 ], [ 9.0969443, 48.7420806 ], [ 9.0969459, 48.742083 ], [ 9.0969474, 48.7420854 ], [ 9.0969488, 48.7420878 ], [ 9.0969502, 48.7420903 ], [ 9.0969514, 48.7420928 ], [ 9.0969525, 48.7420953 ], [ 9.0969536, 48.7420979 ], [ 9.0969545, 48.7421004 ], [ 9.0969553, 48.742103 ], [ 9.0969561, 48.7421056 ], [ 9.0969567, 48.7421082 ], [ 9.0969572, 48.7421108 ], [ 9.0969577, 48.7421134 ], [ 9.096958, 48.742116 ], [ 9.0969582, 48.7421186 ], [ 9.0969584, 48.7421212 ], [ 9.0969584, 48.7421239 ], [ 9.0969583, 48.7421265 ], [ 9.0969581, 48.7421291 ], [ 9.0969578, 48.7421317 ], [ 9.0969575, 48.7421343 ], [ 9.096957, 48.7421369 ], [ 9.0969564, 48.7421395 ], [ 9.0969557, 48.7421421 ], [ 9.0969549, 48.7421447 ], [ 9.096954, 48.7421472 ], [ 9.096953, 48.7421498 ], [ 9.0969519, 48.7421523 ], [ 9.0969508, 48.7421548 ], [ 9.0969495, 48.7421573 ], [ 9.0969481, 48.7421598 ], [ 9.0969466, 48.7421622 ], [ 9.0969451, 48.7421646 ], [ 9.0969434, 48.742167 ], [ 9.0969416, 48.7421694 ], [ 9.0969398, 48.7421717 ], [ 9.0969379, 48.742174 ], [ 9.0969358, 48.7421762 ], [ 9.0969337, 48.7421785 ], [ 9.0969315, 48.7421806 ], [ 9.0969293, 48.7421828 ], [ 9.0969269, 48.7421849 ], [ 9.0969244, 48.742187 ], [ 9.0969219, 48.742189 ], [ 9.0969224, 48.7422001 ], [ 9.0971665, 48.7421889 ], [ 9.0975268, 48.7421726 ], [ 9.0975495, 48.742391 ], [ 9.0973512, 48.742401 ], [ 9.0972285, 48.7424064 ], [ 9.0970605, 48.7424131 ], [ 9.0970658, 48.7424543 ] ] ] ] } },
{ "type": "Feature", "properties": { "fid": 157, "ogc_fid": 157, "gebnutzbez": "Gebaeude", "funktion": "Forschungsinstitut", "lagebeztxt": "Nobelstraße 12C, 12A, 12B", "building_id": 157.0, "condition": "Medium", "notes": "Needs minor repairs\"\n\"Some wear and tear\"\n\"Painting required\"", "photo": "DCIM/buildings_20260429162527358.jpg" }, "geometry": { "type": "MultiPolygon", "coordinates": [ [ [ [ 9.099987, 48.7421439 ], [ 9.0998768, 48.7421491 ], [ 9.0998673, 48.7420643 ], [ 9.0995855, 48.742077 ], [ 9.099591, 48.7421309 ], [ 9.0993536, 48.7421417 ], [ 9.0993332, 48.7419485 ], [ 9.0988878, 48.7419687 ], [ 9.0988942, 48.7420319 ], [ 9.0989057, 48.7420313 ], [ 9.0989149, 48.7421201 ], [ 9.0986868, 48.7421303 ], [ 9.0986774, 48.7420417 ], [ 9.0986895, 48.7420411 ], [ 9.0986727, 48.7418833 ], [ 9.0986652, 48.7418123 ], [ 9.0986615, 48.7417776 ], [ 9.0986645, 48.7417775 ], [ 9.0986664, 48.7417774 ], [ 9.0988615, 48.7417689 ], [ 9.0988664, 48.7417688 ], [ 9.0988747, 48.741846 ], [ 9.0989471, 48.7418428 ], [ 9.0989457, 48.7418302 ], [ 9.0992629, 48.7418155 ], [ 9.0992609, 48.741796 ], [ 9.0992499, 48.7417966 ], [ 9.0992394, 48.7416943 ], [ 9.0991277, 48.7416994 ], [ 9.0991166, 48.7415975 ], [ 9.0991133, 48.7415628 ], [ 9.09927, 48.7415558 ], [ 9.0992701, 48.7415576 ], [ 9.0992704, 48.7415607 ], [ 9.0992504, 48.7415616 ], [ 9.0992514, 48.7415708 ], [ 9.0992543, 48.7415985 ], [ 9.0993511, 48.7415941 ], [ 9.0993519, 48.7415933 ], [ 9.0993528, 48.7415925 ], [ 9.0993537, 48.7415918 ], [ 9.0993547, 48.7415912 ], [ 9.0993558, 48.7415905 ], [ 9.099357, 48.74159 ], [ 9.0993582, 48.7415894 ], [ 9.0993594, 48.741589 ], [ 9.0993607, 48.7415886 ], [ 9.099362, 48.7415882 ], [ 9.0993634, 48.7415879 ], [ 9.0993648, 48.7415877 ], [ 9.0993662, 48.7415875 ], [ 9.0993676, 48.7415874 ], [ 9.0993691, 48.7415874 ], [ 9.0993705, 48.7415874 ], [ 9.0993719, 48.7415875 ], [ 9.0993733, 48.7415877 ], [ 9.0993747, 48.7415879 ], [ 9.0993761, 48.7415882 ], [ 9.0993774, 48.7415885 ], [ 9.0993787, 48.7415889 ], [ 9.09938, 48.7415894 ], [ 9.0993812, 48.7415899 ], [ 9.0993823, 48.7415904 ], [ 9.0993834, 48.7415911 ], [ 9.0993845, 48.7415917 ], [ 9.0993854, 48.7415924 ], [ 9.0994058, 48.7415915 ], [ 9.099729, 48.7415767 ], [ 9.0997298, 48.7415843 ], [ 9.0997303, 48.7415888 ], [ 9.0997845, 48.7415862 ], [ 9.0997784, 48.7415311 ], [ 9.0997946, 48.7415303 ], [ 9.0997734, 48.7413412 ], [ 9.09969, 48.7413453 ], [ 9.0995711, 48.7413508 ], [ 9.0995573, 48.7412196 ], [ 9.0995607, 48.7412194 ], [ 9.0996353, 48.7412163 ], [ 9.0996324, 48.7411926 ], [ 9.0999329, 48.7411786 ], [ 9.0999494, 48.7413332 ], [ 9.0999257, 48.7413343 ], [ 9.0999463, 48.7415244 ], [ 9.1000182, 48.7415212 ], [ 9.1000334, 48.7416672 ], [ 9.0997366, 48.741681 ], [ 9.0994474, 48.7416945 ], [ 9.099468, 48.741888 ], [ 9.0994791, 48.7419917 ], [ 9.099538, 48.7419889 ], [ 9.0995366, 48.7419764 ], [ 9.0999658, 48.7419564 ], [ 9.0999764, 48.7420593 ], [ 9.0999779, 48.7420591 ], [ 9.099987, 48.7421439 ] ] ] ] } },
{ "type": "Feature", "properties": { "fid": 158, "ogc_fid": 158, "gebnutzbez": "Gebaeude", "funktion": "Bürogebäude", "lagebeztxt": "Nobelstraße 19", "building_id": 158.0, "condition": "", "notes": "", "photo": "" }, "geometry": { "type": "MultiPolygon", "coordinates": [ [ [ [ 9.0972252, 48.73954 ], [ 9.0973186, 48.7395358 ], [ 9.0972845, 48.7391848 ], [ 9.0975962, 48.7391713 ], [ 9.0976897, 48.7391671 ], [ 9.0977101, 48.7393711 ], [ 9.0977225, 48.7394975 ], [ 9.0977495, 48.7397654 ], [ 9.0970257, 48.7397975 ], [ 9.0969387, 48.7398013 ], [ 9.0969145, 48.739556 ], [ 9.0968786, 48.7392032 ], [ 9.0971901, 48.7391893 ], [ 9.0972252, 48.73954 ] ], [ [ 9.0974113, 48.7395109 ], [ 9.0976295, 48.7395012 ], [ 9.0976192, 48.7393981 ], [ 9.0974005, 48.7394077 ], [ 9.0974113, 48.7395109 ] ], [ [ 9.0974811, 48.7395909 ], [ 9.0974937, 48.7397151 ], [ 9.097588, 48.7397108 ], [ 9.0975754, 48.7395867 ], [ 9.0974811, 48.7395909 ] ], [ [ 9.0971064, 48.7396071 ], [ 9.0971149, 48.73969 ], [ 9.0972717, 48.739683 ], [ 9.0972632, 48.7396001 ], [ 9.0971064, 48.7396071 ] ] ] ] } },
{ "type": "Feature", "properties": { "fid": 159, "ogc_fid": 159, "gebnutzbez": "Gebaeude", "funktion": "Wohnhaus", "lagebeztxt": "Allmandring 22C", "building_id": 159.0, "condition": "Good", "notes": "Building in good condition\"\n\"No visible damage\"\n\"Well maintained\"", "photo": "DCIM/buildings_20260427184121751.jpg" }, "geometry": { "type": "MultiPolygon", "coordinates": [ [ [ [ 9.0977918, 48.7448023 ], [ 9.0977817, 48.7447153 ], [ 9.0977383, 48.7447171 ], [ 9.0977332, 48.7446694 ], [ 9.0977766, 48.7446673 ], [ 9.0977749, 48.7446527 ], [ 9.0978203, 48.7446504 ], [ 9.0978183, 48.7446352 ], [ 9.0978644, 48.7446327 ], [ 9.0978615, 48.7446054 ], [ 9.0979491, 48.7446013 ], [ 9.0979626, 48.7447279 ], [ 9.0980079, 48.7447259 ], [ 9.0980132, 48.7447782 ], [ 9.0979704, 48.7447805 ], [ 9.0979724, 48.7447947 ], [ 9.0979259, 48.7447974 ], [ 9.097927, 48.7448126 ], [ 9.097879, 48.744814 ], [ 9.0978783, 48.7447987 ], [ 9.0977918, 48.7448023 ] ] ] ] } },
{ "type": "Feature", "properties": { "fid": 160, "ogc_fid": 160, "gebnutzbez": "Gebaeude", "funktion": "Wohnhaus", "lagebeztxt": "Allmandring 3I", "building_id": 160.0, "condition": "Medium", "notes": "Needs minor repairs\"\n\"Some wear and tear\"\n\"Painting required\"", "photo": "DCIM/buildings_20260428194723623.jpg" }, "geometry": { "type": "MultiPolygon", "coordinates": [ [ [ [ 9.1003251, 48.7425373 ], [ 9.1004258, 48.7425326 ], [ 9.1004503, 48.7427652 ], [ 9.1003497, 48.7427699 ], [ 9.1003486, 48.7427588 ], [ 9.100318, 48.7427603 ], [ 9.1003132, 48.7427128 ], [ 9.1003436, 48.7427114 ], [ 9.1003364, 48.7426431 ], [ 9.1003058, 48.7426445 ], [ 9.1003008, 48.742597 ], [ 9.1003314, 48.7425957 ], [ 9.1003251, 48.7425373 ] ] ] ] } },
{ "type": "Feature", "properties": { "fid": 161, "ogc_fid": 161, "gebnutzbez": "Gebaeude", "funktion": "Wohnhaus", "lagebeztxt": "Allmandring 24D", "building_id": 161.0, "condition": "Good", "notes": "Building in good condition\"\n\"No visible damage\"\n\"Well maintained\"", "photo": "DCIM/buildings_20260428190731087.jpg" }, "geometry": { "type": "MultiPolygon", "coordinates": [ [ [ [ 9.0968234, 48.7440871 ], [ 9.0969898, 48.7440794 ], [ 9.0969913, 48.7440947 ], [ 9.0970488, 48.7440919 ], [ 9.0970472, 48.7440767 ], [ 9.0971152, 48.7440737 ], [ 9.0971268, 48.7441837 ], [ 9.0970638, 48.7441866 ], [ 9.0970681, 48.7442245 ], [ 9.0970908, 48.7442235 ], [ 9.0970955, 48.7442685 ], [ 9.0969295, 48.7442763 ], [ 9.0969277, 48.7442609 ], [ 9.0968701, 48.7442634 ], [ 9.0968718, 48.7442786 ], [ 9.0968038, 48.7442819 ], [ 9.0967923, 48.7441716 ], [ 9.096855, 48.7441687 ], [ 9.096851, 48.7441309 ], [ 9.096828, 48.7441319 ], [ 9.0968234, 48.7440871 ] ] ] ] } },
{ "type": "Feature", "properties": { "fid": 162, "ogc_fid": 162, "gebnutzbez": "Gebaeude", "funktion": "Wohnhaus", "lagebeztxt": null, "building_id": 162.0, "condition": "", "notes": "", "photo": "" }, "geometry": { "type": "MultiPolygon", "coordinates": [ [ [ [ 9.1000917, 48.7449124 ], [ 9.1002743, 48.7449053 ], [ 9.1002793, 48.7449538 ], [ 9.100252, 48.7449549 ], [ 9.1002524, 48.7449594 ], [ 9.1002326, 48.7449601 ], [ 9.1002323, 48.7449556 ], [ 9.1002081, 48.7449567 ], [ 9.1002085, 48.7449611 ], [ 9.1001874, 48.744962 ], [ 9.1001871, 48.7449575 ], [ 9.1001628, 48.7449583 ], [ 9.1001635, 48.7449628 ], [ 9.1001421, 48.7449638 ], [ 9.1001418, 48.7449592 ], [ 9.1001171, 48.7449602 ], [ 9.1001173, 48.7449647 ], [ 9.1000965, 48.7449655 ], [ 9.1000961, 48.744961 ], [ 9.1000738, 48.7449619 ], [ 9.1000744, 48.7449664 ], [ 9.1000519, 48.7449674 ], [ 9.1000516, 48.7449629 ], [ 9.1000504, 48.7449629 ], [ 9.100046, 48.7449141 ], [ 9.1000917, 48.7449124 ] ] ] ] } },
{ "type": "Feature", "properties": { "fid": 163, "ogc_fid": 163, "gebnutzbez": "Gebaeude", "funktion": "Betriebsgebäude", "lagebeztxt": null, "building_id": 163.0, "condition": "", "notes": "", "photo": "" }, "geometry": { "type": "MultiPolygon", "coordinates": [ [ [ [ 9.0942755, 48.7402176 ], [ 9.094277, 48.7402319 ], [ 9.0942054, 48.7402352 ], [ 9.0942039, 48.7402208 ], [ 9.0942755, 48.7402176 ] ] ] ] } },
{ "type": "Feature", "properties": { "fid": 164, "ogc_fid": 164, "gebnutzbez": "Gebaeude", "funktion": "Wohnhaus", "lagebeztxt": "Allmandring 12C", "building_id": 164.0, "condition": "Good", "notes": "Building in good condition\"\n\"No visible damage\"\n\"Well maintained\"", "photo": "DCIM/buildings_20260427185231773.jpg" }, "geometry": { "type": "MultiPolygon", "coordinates": [ [ [ [ 9.1002703, 48.7452903 ], [ 9.1003611, 48.7452858 ], [ 9.1003751, 48.7454162 ], [ 9.1004193, 48.7454142 ], [ 9.1004245, 48.7454617 ], [ 9.1003795, 48.7454642 ], [ 9.1003812, 48.7454781 ], [ 9.1003375, 48.7454805 ], [ 9.100339, 48.7454952 ], [ 9.1002891, 48.7454976 ], [ 9.1002873, 48.7454827 ], [ 9.1002026, 48.7454867 ], [ 9.1001932, 48.745399 ], [ 9.1001498, 48.7454011 ], [ 9.1001442, 48.7453534 ], [ 9.1001874, 48.7453512 ], [ 9.1001856, 48.7453373 ], [ 9.1002296, 48.7453355 ], [ 9.1002281, 48.7453209 ], [ 9.100273, 48.7453185 ], [ 9.1002703, 48.7452903 ] ] ] ] } },
{ "type": "Feature", "properties": { "fid": 165, "ogc_fid": 165, "gebnutzbez": "Gebaeude", "funktion": "Wohnhaus", "lagebeztxt": "Allmandring 10B", "building_id": 165.0, "condition": "Good", "notes": "Building in good condition\"\n\"No visible damage\"\n\"Well maintained\"", "photo": "DCIM/buildings_20260427184930315.jpg" }, "geometry": { "type": "MultiPolygon", "coordinates": [ [ [ [ 9.1009296, 48.7455895 ], [ 9.1009181, 48.7455032 ], [ 9.1008745, 48.7455048 ], [ 9.1008718, 48.7454575 ], [ 9.1009137, 48.7454552 ], [ 9.1009123, 48.7454434 ], [ 9.100912, 48.7454411 ], [ 9.100955, 48.7454394 ], [ 9.1009533, 48.7454237 ], [ 9.1009985, 48.745422 ], [ 9.1009952, 48.7453946 ], [ 9.1010887, 48.7453911 ], [ 9.1011017, 48.7455207 ], [ 9.1011474, 48.7455187 ], [ 9.1011513, 48.7455657 ], [ 9.1011062, 48.7455681 ], [ 9.1011087, 48.7455832 ], [ 9.1010645, 48.7455847 ], [ 9.1010667, 48.7455997 ], [ 9.1010158, 48.7456001 ], [ 9.1010151, 48.7455866 ], [ 9.1009296, 48.7455895 ] ] ] ] } },
{ "type": "Feature", "properties": { "fid": 166, "ogc_fid": 166, "gebnutzbez": "Gebaeude", "funktion": "Wohnhaus", "lagebeztxt": "Allmandring 8E", "building_id": 166.0, "condition": "Good ", "notes": "Painting required ", "photo": "DCIM/buildings_20260427102902505.jpg" }, "geometry": { "type": "MultiPolygon", "coordinates": [ [ [ [ 9.1000889, 48.7448959 ], [ 9.1000805, 48.7448182 ], [ 9.1001305, 48.7448159 ], [ 9.1001325, 48.744832 ], [ 9.1001696, 48.7448302 ], [ 9.1001676, 48.744814 ], [ 9.1002191, 48.7448118 ], [ 9.1002205, 48.7448279 ], [ 9.1002585, 48.7448263 ], [ 9.100257, 48.7448105 ], [ 9.1003073, 48.7448083 ], [ 9.1003094, 48.744824 ], [ 9.1003527, 48.744822 ], [ 9.1003532, 48.7448266 ], [ 9.1003976, 48.7448246 ], [ 9.1004003, 48.744843 ], [ 9.1004057, 48.7448917 ], [ 9.1003536, 48.7448942 ], [ 9.1003525, 48.7448847 ], [ 9.1002721, 48.7448881 ], [ 9.1000889, 48.7448959 ] ] ] ] } },
{ "type": "Feature", "properties": { "fid": 167, "ogc_fid": 167, "gebnutzbez": "Gebaeude", "funktion": "Wohnhaus", "lagebeztxt": "Pfaffenwaldring 54", "building_id": 167.0, "condition": "", "notes": "", "photo": "" }, "geometry": { "type": "MultiPolygon", "coordinates": [ [ [ [ 9.1018797, 48.7452917 ], [ 9.1019101, 48.7455843 ], [ 9.1014611, 48.7456048 ], [ 9.1014304, 48.7453125 ], [ 9.1018797, 48.7452917 ] ], [ [ 9.1017892, 48.7453564 ], [ 9.1015366, 48.7453681 ], [ 9.1015545, 48.7455376 ], [ 9.1018068, 48.7455259 ], [ 9.1017892, 48.7453564 ] ] ] ] } },
{ "type": "Feature", "properties": { "fid": 168, "ogc_fid": 168, "gebnutzbez": "Gebaeude", "funktion": "Wohnhaus", "lagebeztxt": "Allmandring 26A", "building_id": 168.0, "condition": "Good", "notes": "Building in good condition\"\n\"No visible damage\"\n\"Well maintained\"", "photo": "DCIM/buildings_20260428191609676.jpg" }, "geometry": { "type": "MultiPolygon", "coordinates": [ [ [ [ 9.0963635, 48.7439446 ], [ 9.0965145, 48.7439375 ], [ 9.0965134, 48.7439264 ], [ 9.0965983, 48.7439225 ], [ 9.0966028, 48.7439662 ], [ 9.0965857, 48.7439671 ], [ 9.0965925, 48.7440277 ], [ 9.0965737, 48.7440286 ], [ 9.0965776, 48.7440512 ], [ 9.0965944, 48.7440499 ], [ 9.0966047, 48.7441046 ], [ 9.0965388, 48.7441101 ], [ 9.0965366, 48.7440988 ], [ 9.0963528, 48.7441135 ], [ 9.0963549, 48.7441248 ], [ 9.0962892, 48.7441301 ], [ 9.0962788, 48.7440753 ], [ 9.0962956, 48.7440739 ], [ 9.0962911, 48.7440483 ], [ 9.0963549, 48.7440432 ], [ 9.0963496, 48.7440139 ], [ 9.0963029, 48.744016 ], [ 9.0962992, 48.7439801 ], [ 9.0962821, 48.743981 ], [ 9.0962774, 48.7439373 ], [ 9.0963623, 48.7439333 ], [ 9.0963635, 48.7439446 ] ] ] ] } },
{ "type": "Feature", "properties": { "fid": 169, "ogc_fid": 169, "gebnutzbez": "Gebaeude", "funktion": "Wohnhaus", "lagebeztxt": "Allmandring 10A", "building_id": 169.0, "condition": "Good", "notes": "Building in good condition\"\n\"No visible damage\"\n\"Well maintained\"", "photo": "DCIM/buildings_20260427184848689.jpg" }, "geometry": { "type": "MultiPolygon", "coordinates": [ [ [ [ 9.1010711, 48.745196 ], [ 9.1011554, 48.7451923 ], [ 9.1011647, 48.7452812 ], [ 9.1012084, 48.7452795 ], [ 9.1012125, 48.7453268 ], [ 9.1011694, 48.7453289 ], [ 9.1011711, 48.7453424 ], [ 9.1011261, 48.7453443 ], [ 9.1011281, 48.7453594 ], [ 9.1010857, 48.745361 ], [ 9.1010887, 48.7453911 ], [ 9.1009952, 48.7453946 ], [ 9.1009821, 48.7452627 ], [ 9.1009375, 48.7452647 ], [ 9.1009327, 48.7452178 ], [ 9.1009778, 48.7452156 ], [ 9.1009761, 48.7452004 ], [ 9.1010208, 48.7451983 ], [ 9.1010195, 48.7451842 ], [ 9.1010698, 48.7451819 ], [ 9.1010711, 48.745196 ] ] ] ] } },
{ "type": "Feature", "properties": { "fid": 170, "ogc_fid": 170, "gebnutzbez": "Gebaeude", "funktion": "Gebäude für Vorratshaltung", "lagebeztxt": "Nobelstraße 12M", "building_id": 170.0, "condition": "Good", "notes": "Building in good condition\"\n\"No visible damage\"\n\"Well maintained\"", "photo": "DCIM/buildings_20260429165200153.jpg" }, "geometry": { "type": "MultiPolygon", "coordinates": [ [ [ [ 9.0978333, 48.7417708 ], [ 9.0977984, 48.7417725 ], [ 9.0977988, 48.7417759 ], [ 9.0977953, 48.7417758 ], [ 9.0977917, 48.7417756 ], [ 9.0977882, 48.7417753 ], [ 9.0977847, 48.741775 ], [ 9.0977812, 48.7417746 ], [ 9.0977777, 48.7417741 ], [ 9.0977742, 48.7417735 ], [ 9.0977707, 48.7417729 ], [ 9.0977673, 48.7417723 ], [ 9.0977639, 48.7417715 ], [ 9.0977606, 48.7417707 ], [ 9.0977573, 48.7417699 ], [ 9.097754, 48.7417689 ], [ 9.0977508, 48.7417679 ], [ 9.0977476, 48.7417669 ], [ 9.0977444, 48.7417658 ], [ 9.0977414, 48.7417646 ], [ 9.0977383, 48.7417633 ], [ 9.0977354, 48.741762 ], [ 9.0977324, 48.7417607 ], [ 9.0977296, 48.7417593 ], [ 9.0977268, 48.7417578 ], [ 9.0977241, 48.7417563 ], [ 9.0977214, 48.7417547 ], [ 9.0977188, 48.7417531 ], [ 9.0977163, 48.7417514 ], [ 9.0977139, 48.7417497 ], [ 9.0977115, 48.7417479 ], [ 9.0977092, 48.7417461 ], [ 9.097707, 48.7417443 ], [ 9.0977049, 48.7417424 ], [ 9.0977029, 48.7417404 ], [ 9.097701, 48.7417387 ], [ 9.0976992, 48.7417369 ], [ 9.0976974, 48.7417351 ], [ 9.0976957, 48.7417333 ], [ 9.0976941, 48.7417314 ], [ 9.0976926, 48.7417295 ], [ 9.0976912, 48.7417276 ], [ 9.0976898, 48.7417256 ], [ 9.0976885, 48.7417237 ], [ 9.0976873, 48.7417217 ], [ 9.0976862, 48.7417197 ], [ 9.0976852, 48.7417176 ], [ 9.0976842, 48.7417156 ], [ 9.0976833, 48.7417135 ], [ 9.0976826, 48.7417114 ], [ 9.0976819, 48.7417093 ], [ 9.0976813, 48.7417072 ], [ 9.0976807, 48.7417051 ], [ 9.0976803, 48.741703 ], [ 9.09768, 48.7417009 ], [ 9.0976866, 48.7417006 ], [ 9.0976966, 48.7417001 ], [ 9.0976931, 48.7416675 ], [ 9.0979935, 48.7416534 ], [ 9.097997, 48.7416859 ], [ 9.0979376, 48.7416887 ], [ 9.0979376, 48.7416911 ], [ 9.0979375, 48.7416934 ], [ 9.0979373, 48.7416958 ], [ 9.097937, 48.7416982 ], [ 9.0979367, 48.7417006 ], [ 9.0979362, 48.7417029 ], [ 9.0979356, 48.7417053 ], [ 9.0979349, 48.7417076 ], [ 9.0979342, 48.74171 ], [ 9.0979333, 48.7417123 ], [ 9.0979323, 48.7417146 ], [ 9.0979313, 48.7417169 ], [ 9.0979301, 48.7417191 ], [ 9.0979289, 48.7417214 ], [ 9.0979275, 48.7417236 ], [ 9.0979261, 48.7417258 ], [ 9.0979246, 48.7417279 ], [ 9.0979229, 48.7417301 ], [ 9.0979213, 48.7417322 ], [ 9.0979195, 48.7417343 ], [ 9.0979176, 48.7417363 ], [ 9.0979157, 48.7417383 ], [ 9.0979137, 48.7417403 ], [ 9.0979116, 48.7417422 ], [ 9.0979094, 48.7417441 ], [ 9.0979071, 48.7417459 ], [ 9.0979047, 48.7417478 ], [ 9.0979023, 48.7417495 ], [ 9.0978998, 48.7417512 ], [ 9.0978972, 48.7417529 ], [ 9.0978946, 48.7417545 ], [ 9.0978919, 48.7417561 ], [ 9.0978891, 48.7417576 ], [ 9.0978863, 48.7417591 ], [ 9.0978834, 48.7417605 ], [ 9.0978804, 48.7417618 ], [ 9.0978774, 48.7417631 ], [ 9.0978743, 48.7417644 ], [ 9.0978712, 48.7417656 ], [ 9.097868, 48.7417667 ], [ 9.0978648, 48.7417677 ], [ 9.0978615, 48.7417687 ], [ 9.0978582, 48.7417697 ], [ 9.0978548, 48.7417706 ], [ 9.0978515, 48.7417714 ], [ 9.097848, 48.7417721 ], [ 9.0978446, 48.7417728 ], [ 9.0978411, 48.7417734 ], [ 9.0978376, 48.741774 ], [ 9.0978341, 48.7417745 ], [ 9.0978333, 48.7417708 ] ] ] ] } },
{ "type": "Feature", "properties": { "fid": 171, "ogc_fid": 171, "gebnutzbez": "Gebaeude", "funktion": "Wohnhaus", "lagebeztxt": "Allmandring 16A", "building_id": 171.0, "condition": "Good", "notes": "Building in good condition\"\n\"No visible damage\"\n\"Well maintained\"", "photo": "DCIM/buildings_20260427183010978.jpg" }, "geometry": { "type": "MultiPolygon", "coordinates": [ [ [ [ 9.0992614, 48.7451355 ], [ 9.0992477, 48.7450054 ], [ 9.0992022, 48.7450066 ], [ 9.0991971, 48.7449583 ], [ 9.099239, 48.7449568 ], [ 9.0992373, 48.744941 ], [ 9.0992805, 48.7449385 ], [ 9.0992792, 48.7449245 ], [ 9.0993256, 48.7449224 ], [ 9.0993245, 48.7449087 ], [ 9.0994137, 48.7449057 ], [ 9.0994256, 48.745022 ], [ 9.0994704, 48.7450197 ], [ 9.0994767, 48.7450677 ], [ 9.0994317, 48.7450705 ], [ 9.0994336, 48.7450844 ], [ 9.0993911, 48.7450868 ], [ 9.0993927, 48.7451006 ], [ 9.0993499, 48.7451027 ], [ 9.0993525, 48.7451315 ], [ 9.0992614, 48.7451355 ] ] ] ] } },
{ "type": "Feature", "properties": { "fid": 172, "ogc_fid": 172, "gebnutzbez": "Gebaeude", "funktion": "Wohnhaus", "lagebeztxt": "Allmandring 18B", "building_id": 172.0, "condition": "Good", "notes": "Building in good condition\"\n\"No visible damage\"\n\"Well maintained\"", "photo": "DCIM/buildings_20260427183543695.jpg" }, "geometry": { "type": "MultiPolygon", "coordinates": [ [ [ [ 9.0988489, 48.7446004 ], [ 9.0988695, 48.7445993 ], [ 9.0988691, 48.7445958 ], [ 9.098891, 48.7445946 ], [ 9.098891, 48.7445982 ], [ 9.0988943, 48.7445983 ], [ 9.0988949, 48.7446042 ], [ 9.0988996, 48.7446526 ], [ 9.0988472, 48.7446548 ], [ 9.098846, 48.7446435 ], [ 9.098802, 48.7446455 ], [ 9.0987964, 48.7445975 ], [ 9.0987958, 48.7445938 ], [ 9.0988008, 48.7445929 ], [ 9.0988, 48.7445889 ], [ 9.0988203, 48.7445875 ], [ 9.098821, 48.744592 ], [ 9.0988474, 48.7445903 ], [ 9.0988489, 48.7446004 ] ] ] ] } },
{ "type": "Feature", "properties": { "fid": 173, "ogc_fid": 173, "gebnutzbez": "Gebaeude", "funktion": "Wohnhaus", "lagebeztxt": "Allmandring 18C", "building_id": 173.0, "condition": "Good", "notes": "Building in good condition\"\n\"No visible damage\"\n\"Well maintained\"", "photo": "DCIM/buildings_20260427183611298.jpg" }, "geometry": { "type": "MultiPolygon", "coordinates": [ [ [ [ 9.0986614, 48.744517 ], [ 9.0987453, 48.7445134 ], [ 9.0987549, 48.7446001 ], [ 9.0987964, 48.7445975 ], [ 9.098802, 48.7446455 ], [ 9.0987592, 48.7446472 ], [ 9.0987614, 48.7446634 ], [ 9.0987172, 48.7446657 ], [ 9.098719, 48.7446798 ], [ 9.0986755, 48.7446818 ], [ 9.0986792, 48.7447104 ], [ 9.098587, 48.7447154 ], [ 9.0985742, 48.7445824 ], [ 9.0985296, 48.7445835 ], [ 9.0985258, 48.7445369 ], [ 9.0985665, 48.7445355 ], [ 9.0985658, 48.7445215 ], [ 9.0986108, 48.7445195 ], [ 9.0986098, 48.7445056 ], [ 9.0986603, 48.7445032 ], [ 9.0986614, 48.744517 ] ] ] ] } },
{ "type": "Feature", "properties": { "fid": 174, "ogc_fid": 174, "gebnutzbez": "Gebaeude", "funktion": "Wohnhaus", "lagebeztxt": "Allmandring 26D", "building_id": 174.0, "condition": "Good", "notes": "Building in good condition\"\n\"No visible damage\"\n\"Well maintained\"", "photo": "DCIM/buildings_20260428191349814.jpg" }, "geometry": { "type": "MultiPolygon", "coordinates": [ [ [ [ 9.0958448, 48.7437007 ], [ 9.0959945, 48.7436884 ], [ 9.0959923, 48.7436774 ], [ 9.0960769, 48.7436704 ], [ 9.096085, 48.7437141 ], [ 9.0960682, 48.7437154 ], [ 9.0960749, 48.7437512 ], [ 9.0960288, 48.7437549 ], [ 9.0960316, 48.7437842 ], [ 9.0960954, 48.7437814 ], [ 9.0960983, 48.7438071 ], [ 9.0961151, 48.7438063 ], [ 9.0961211, 48.7438614 ], [ 9.0960549, 48.7438645 ], [ 9.0960536, 48.7438533 ], [ 9.0958691, 48.7438617 ], [ 9.0958703, 48.7438729 ], [ 9.0958041, 48.743876 ], [ 9.0957981, 48.7438209 ], [ 9.095815, 48.7438201 ], [ 9.0958123, 48.7437972 ], [ 9.095794, 48.7437986 ], [ 9.095783, 48.7437385 ], [ 9.095766, 48.7437399 ], [ 9.0957582, 48.7436962 ], [ 9.0958427, 48.7436894 ], [ 9.0958448, 48.7437007 ] ] ] ] } },
{ "type": "Feature", "properties": { "fid": 175, "ogc_fid": 175, "gebnutzbez": "Gebaeude", "funktion": "Gartenhaus", "lagebeztxt": "Allmandring 12/1", "building_id": 175.0, "condition": "", "notes": "", "photo": "" }, "geometry": { "type": "MultiPolygon", "coordinates": [ [ [ [ 9.0999956, 48.7451649 ], [ 9.0999527, 48.7451558 ], [ 9.0999499, 48.7451624 ], [ 9.0998454, 48.7451398 ], [ 9.0998458, 48.7451388 ], [ 9.0998681, 48.7450909 ], [ 9.0999276, 48.745103 ], [ 9.0999189, 48.7451212 ], [ 9.0999614, 48.7451299 ], [ 9.099968, 48.7451166 ], [ 9.100014, 48.7451258 ], [ 9.0999956, 48.7451649 ] ] ] ] } },
{ "type": "Feature", "properties": { "fid": 176, "ogc_fid": 176, "gebnutzbez": "Gebaeude", "funktion": "Wohnhaus", "lagebeztxt": "Allmandring 20D", "building_id": 176.0, "condition": "Good", "notes": "Building in good condition\"\n\"No visible damage\"\n\"Well maintained\"", "photo": "DCIM/buildings_20260427183715272.jpg" }, "geometry": { "type": "MultiPolygon", "coordinates": [ [ [ [ 9.0985297, 48.7450135 ], [ 9.0985162, 48.7448821 ], [ 9.0984728, 48.7448845 ], [ 9.0984672, 48.7448376 ], [ 9.0985112, 48.7448354 ], [ 9.0985094, 48.7448197 ], [ 9.0985538, 48.7448176 ], [ 9.0985526, 48.7448028 ], [ 9.0986041, 48.7448013 ], [ 9.0986048, 48.7448149 ], [ 9.0986885, 48.7448115 ], [ 9.0986976, 48.7448982 ], [ 9.0987423, 48.7448964 ], [ 9.0987463, 48.7449446 ], [ 9.0987028, 48.7449465 ], [ 9.098705, 48.7449617 ], [ 9.0986615, 48.7449641 ], [ 9.0986628, 48.7449793 ], [ 9.0986185, 48.7449812 ], [ 9.0986218, 48.7450098 ], [ 9.0985297, 48.7450135 ] ] ] ] } },
{ "type": "Feature", "properties": { "fid": 177, "ogc_fid": 177, "gebnutzbez": "Gebaeude", "funktion": "Betriebsgebäude", "lagebeztxt": "Allmandring 25A", "building_id": 177.0, "condition": "", "notes": "", "photo": "" }, "geometry": { "type": "MultiPolygon", "coordinates": [ [ [ [ 9.0963606, 48.742721 ], [ 9.096372, 48.7428379 ], [ 9.0963066, 48.7428407 ], [ 9.0963073, 48.7428481 ], [ 9.0963036, 48.7428483 ], [ 9.0963024, 48.7428338 ], [ 9.0962216, 48.7428369 ], [ 9.0962114, 48.7427345 ], [ 9.0962921, 48.7427311 ], [ 9.0962906, 48.7427165 ], [ 9.0962942, 48.7427163 ], [ 9.0962949, 48.7427237 ], [ 9.0963606, 48.742721 ] ] ] ] } },
{ "type": "Feature", "properties": { "fid": 178, "ogc_fid": 178, "gebnutzbez": "Gebaeude", "funktion": "Wohnhaus", "lagebeztxt": "Allmandring 20A", "building_id": 178.0, "condition": "Good", "notes": "Building in good condition\"\n\"No visible damage\"\n\"Well maintained\"", "photo": "DCIM/buildings_20260427183847908.jpg" }, "geometry": { "type": "MultiPolygon", "coordinates": [ [ [ [ 9.0988291, 48.7452897 ], [ 9.0988183, 48.7451902 ], [ 9.0987755, 48.7451922 ], [ 9.0987709, 48.7451443 ], [ 9.0988135, 48.7451424 ], [ 9.0988119, 48.7451273 ], [ 9.0988574, 48.7451254 ], [ 9.0988559, 48.7451102 ], [ 9.0988996, 48.7451082 ], [ 9.0988983, 48.7450935 ], [ 9.0989879, 48.7450895 ], [ 9.0989993, 48.7452045 ], [ 9.0990429, 48.745203 ], [ 9.0990472, 48.745251 ], [ 9.0990021, 48.7452531 ], [ 9.0990035, 48.7452679 ], [ 9.0989597, 48.7452701 ], [ 9.0989613, 48.7452841 ], [ 9.0988291, 48.7452897 ] ] ] ] } },
{ "type": "Feature", "properties": { "fid": 179, "ogc_fid": 179, "gebnutzbez": "Gebaeude", "funktion": "Wohnhaus", "lagebeztxt": null, "building_id": 179.0, "condition": "Medium", "notes": "Needs minor repairs\"\n\"Some wear and tear\"\n\"Painting required\"", "photo": "DCIM/buildings_20260428195525220.jpg" }, "geometry": { "type": "MultiPolygon", "coordinates": [ [ [ [ 9.1001244, 48.7430141 ], [ 9.1001, 48.7427812 ], [ 9.1002006, 48.7427766 ], [ 9.1002067, 48.7428342 ], [ 9.1002373, 48.7428327 ], [ 9.1002423, 48.7428802 ], [ 9.1002117, 48.7428817 ], [ 9.100219, 48.7429498 ], [ 9.1002495, 48.7429485 ], [ 9.1002546, 48.742996 ], [ 9.100224, 48.7429973 ], [ 9.1002253, 48.7430097 ], [ 9.1001244, 48.7430141 ] ] ] ] } },
{ "type": "Feature", "properties": { "fid": 180, "ogc_fid": 180, "gebnutzbez": "Gebaeude", "funktion": "Wohnhaus", "lagebeztxt": null, "building_id": 180.0, "condition": "Medium", "notes": "Needs minor repairs\"\n\"Some wear and tear\"\n\"Painting required\"", "photo": "DCIM/buildings_20260428195429027.jpg" }, "geometry": { "type": "MultiPolygon", "coordinates": [ [ [ [ 9.1000757, 48.7425483 ], [ 9.1001759, 48.7425443 ], [ 9.1001822, 48.7426025 ], [ 9.1002126, 48.7426012 ], [ 9.1002178, 48.7426487 ], [ 9.1001872, 48.74265 ], [ 9.1001944, 48.7427183 ], [ 9.100225, 48.7427168 ], [ 9.10023, 48.7427643 ], [ 9.1001995, 48.7427658 ], [ 9.1002006, 48.7427766 ], [ 9.1001, 48.7427812 ], [ 9.1000757, 48.7425483 ] ] ] ] } },
{ "type": "Feature", "properties": { "fid": 181, "ogc_fid": 181, "gebnutzbez": "Gebaeude", "funktion": "Wohnhaus", "lagebeztxt": "Allmandring 16B", "building_id": 181.0, "condition": "Good", "notes": "Building in good condition\"\n\"No visible damage\"\n\"Well maintained\"", "photo": "DCIM/buildings_20260427183044454.jpg" }, "geometry": { "type": "MultiPolygon", "coordinates": [ [ [ [ 9.0991906, 48.7453316 ], [ 9.0991833, 48.7452446 ], [ 9.0991372, 48.7452465 ], [ 9.0991326, 48.7451985 ], [ 9.0991783, 48.7451962 ], [ 9.0991773, 48.7451828 ], [ 9.0992203, 48.7451805 ], [ 9.0992189, 48.7451658 ], [ 9.0992639, 48.745163 ], [ 9.0992614, 48.7451355 ], [ 9.0993525, 48.7451315 ], [ 9.0993664, 48.74526 ], [ 9.099409, 48.745258 ], [ 9.0994138, 48.7453072 ], [ 9.0993682, 48.7453093 ], [ 9.0993698, 48.7453236 ], [ 9.0993267, 48.7453255 ], [ 9.0993282, 48.745341 ], [ 9.0992784, 48.7453432 ], [ 9.0992767, 48.7453278 ], [ 9.0991906, 48.7453316 ] ] ] ] } },
{ "type": "Feature", "properties": { "fid": 182, "ogc_fid": 182, "gebnutzbez": "Gebaeude", "funktion": "Wohnhaus", "lagebeztxt": "Allmandring 3H", "building_id": 182.0, "condition": "Bad", "notes": "\"Needs major repair\"\n\"Damaged facade\"\n\"Poor condition\"\n\"Structural issues visible\"", "photo": "DCIM/buildings_20260428194941433.jpg" }, "geometry": { "type": "MultiPolygon", "coordinates": [ [ [ [ 9.1003742, 48.7430026 ], [ 9.100373, 48.7429902 ], [ 9.1003422, 48.7429916 ], [ 9.1003372, 48.7429443 ], [ 9.100368, 48.7429428 ], [ 9.1003608, 48.7428746 ], [ 9.1003302, 48.742876 ], [ 9.1003252, 48.7428285 ], [ 9.1003558, 48.7428271 ], [ 9.1003497, 48.7427699 ], [ 9.1004503, 48.7427652 ], [ 9.100475, 48.7429979 ], [ 9.1003742, 48.7430026 ] ] ] ] } },
{ "type": "Feature", "properties": { "fid": 183, "ogc_fid": 183, "gebnutzbez": "Gebaeude", "funktion": "Wohnhaus", "lagebeztxt": "Allmandring 20C", "building_id": 183.0, "condition": "Good", "notes": "Building in good condition\"\n\"No visible damage\"\n\"Well maintained\"", "photo": "DCIM/buildings_20260427183743541.jpg" }, "geometry": { "type": "MultiPolygon", "coordinates": [ [ [ [ 9.0984616, 48.7452087 ], [ 9.0984532, 48.7451218 ], [ 9.0984081, 48.7451232 ], [ 9.0984031, 48.7450756 ], [ 9.098448, 48.7450735 ], [ 9.0984462, 48.7450589 ], [ 9.0984893, 48.7450564 ], [ 9.098488, 48.7450429 ], [ 9.0985328, 48.7450408 ], [ 9.0985297, 48.7450135 ], [ 9.0986218, 48.7450098 ], [ 9.0986358, 48.7451404 ], [ 9.0986777, 48.7451385 ], [ 9.0986816, 48.7451848 ], [ 9.0986401, 48.7451865 ], [ 9.0986415, 48.7452012 ], [ 9.0985968, 48.745203 ], [ 9.0985982, 48.7452173 ], [ 9.0985469, 48.7452187 ], [ 9.0985464, 48.7452052 ], [ 9.0984616, 48.7452087 ] ] ] ] } },
{ "type": "Feature", "properties": { "fid": 184, "ogc_fid": 184, "gebnutzbez": "Gebaeude", "funktion": "Wohnhaus", "lagebeztxt": "Allmandring 20B", "building_id": 184.0, "condition": "Good", "notes": "Building in good condition\"\n\"No visible damage\"\n\"Well maintained\"", "photo": "DCIM/buildings_20260427183809265.jpg" }, "geometry": { "type": "MultiPolygon", "coordinates": [ [ [ [ 9.0987056, 48.7451901 ], [ 9.0987057, 48.7451925 ], [ 9.0986854, 48.7451935 ], [ 9.098685, 48.7451894 ], [ 9.0986822, 48.7451896 ], [ 9.0986816, 48.7451848 ], [ 9.0986777, 48.7451385 ], [ 9.0987261, 48.7451362 ], [ 9.0987272, 48.7451462 ], [ 9.0987709, 48.7451443 ], [ 9.0987755, 48.7451922 ], [ 9.098776, 48.745197 ], [ 9.0987725, 48.7451971 ], [ 9.0987729, 48.7452012 ], [ 9.0987539, 48.745202 ], [ 9.0987535, 48.7451981 ], [ 9.0987264, 48.7451993 ], [ 9.0987253, 48.7451892 ], [ 9.0987056, 48.7451901 ] ] ] ] } },
{ "type": "Feature", "properties": { "fid": 185, "ogc_fid": 185, "gebnutzbez": "Gebaeude", "funktion": "Wohnhaus", "lagebeztxt": "Allmandring 12E", "building_id": 185.0, "condition": "Good ", "notes": "Building in good condition\"\n\"No visible damage\"\n\"Well maintained\"", "photo": "DCIM/buildings_20260427185331635.jpg" }, "geometry": { "type": "MultiPolygon", "coordinates": [ [ [ [ 9.0998371, 48.7454205 ], [ 9.0998282, 48.7453355 ], [ 9.0997866, 48.7453374 ], [ 9.0997813, 48.7452877 ], [ 9.0998231, 48.7452857 ], [ 9.0998216, 48.745271 ], [ 9.0998643, 48.7452689 ], [ 9.0998626, 48.7452544 ], [ 9.099908, 48.7452517 ], [ 9.0999035, 48.7452216 ], [ 9.0999938, 48.7452175 ], [ 9.1000089, 48.7453477 ], [ 9.1000476, 48.7453455 ], [ 9.1000536, 48.7453948 ], [ 9.1000129, 48.7453966 ], [ 9.1000147, 48.7454117 ], [ 9.099972, 48.7454142 ], [ 9.0999738, 48.7454284 ], [ 9.0999232, 48.7454305 ], [ 9.0999218, 48.7454168 ], [ 9.0998371, 48.7454205 ] ] ] ] } },
{ "type": "Feature", "properties": { "fid": 186, "ogc_fid": 186, "gebnutzbez": "Gebaeude", "funktion": "Wohnhaus", "lagebeztxt": "Allmandring 26B", "building_id": 186.0, "condition": "Good", "notes": "Building in good condition\"\n\"No visible damage\"\n\"Well maintained\"", "photo": "DCIM/buildings_20260428191541674.jpg" }, "geometry": { "type": "MultiPolygon", "coordinates": [ [ [ [ 9.0961129, 48.744269 ], [ 9.0962637, 48.744262 ], [ 9.0962626, 48.7442507 ], [ 9.0963474, 48.7442468 ], [ 9.0963518, 48.7442908 ], [ 9.0963349, 48.7442915 ], [ 9.0963419, 48.7443519 ], [ 9.0963229, 48.7443529 ], [ 9.0963268, 48.7443756 ], [ 9.0963437, 48.7443743 ], [ 9.096354, 48.7444289 ], [ 9.096288, 48.7444345 ], [ 9.0962858, 48.7444232 ], [ 9.0961023, 48.7444377 ], [ 9.0961044, 48.7444489 ], [ 9.0960383, 48.7444545 ], [ 9.0960281, 48.7443997 ], [ 9.096045, 48.7443983 ], [ 9.0960402, 48.7443726 ], [ 9.0961037, 48.7443674 ], [ 9.0960985, 48.7443383 ], [ 9.0960518, 48.7443403 ], [ 9.0960484, 48.7443047 ], [ 9.0960314, 48.7443054 ], [ 9.0960271, 48.7442614 ], [ 9.0961118, 48.7442578 ], [ 9.0961129, 48.744269 ] ] ] ] } },
{ "type": "Feature", "properties": { "fid": 187, "ogc_fid": 187, "gebnutzbez": "Gebaeude", "funktion": "Wohnhaus", "lagebeztxt": null, "building_id": 187.0, "condition": "", "notes": "", "photo": "" }, "geometry": { "type": "MultiPolygon", "coordinates": [ [ [ [ 9.1010866, 48.7450068 ], [ 9.101088, 48.7450162 ], [ 9.1010393, 48.7450185 ], [ 9.101034, 48.7449706 ], [ 9.1010333, 48.7449652 ], [ 9.1010358, 48.7449652 ], [ 9.1010348, 48.7449605 ], [ 9.1010556, 48.7449597 ], [ 9.1010557, 48.7449644 ], [ 9.1010781, 48.7449637 ], [ 9.1010769, 48.7449531 ], [ 9.1010807, 48.7449526 ], [ 9.1010805, 48.7449483 ], [ 9.1010991, 48.7449476 ], [ 9.1010997, 48.744952 ], [ 9.1011247, 48.744951 ], [ 9.1011246, 48.7449461 ], [ 9.1011438, 48.7449452 ], [ 9.101144, 48.74495 ], [ 9.1011689, 48.7449488 ], [ 9.1011684, 48.7449442 ], [ 9.1011884, 48.7449432 ], [ 9.1011884, 48.7449479 ], [ 9.1012346, 48.7449454 ], [ 9.1012341, 48.7449407 ], [ 9.1012528, 48.7449395 ], [ 9.1012534, 48.7449449 ], [ 9.1012579, 48.7449446 ], [ 9.1012604, 48.7449691 ], [ 9.1012636, 48.7449986 ], [ 9.1011746, 48.7450026 ], [ 9.1010866, 48.7450068 ] ] ] ] } },
{ "type": "Feature", "properties": { "fid": 188, "ogc_fid": 188, "gebnutzbez": "Gebaeude", "funktion": "Wohnhaus", "lagebeztxt": "Allmandring 8A", "building_id": 188.0, "condition": "", "notes": "", "photo": "" }, "geometry": { "type": "MultiPolygon", "coordinates": [ [ [ [ 9.1013155, 48.7450661 ], [ 9.1013161, 48.7450706 ], [ 9.1012976, 48.7450714 ], [ 9.1012972, 48.7450668 ], [ 9.1012721, 48.745068 ], [ 9.1012727, 48.7450725 ], [ 9.1012527, 48.7450734 ], [ 9.1012522, 48.7450689 ], [ 9.1012283, 48.74507 ], [ 9.1012288, 48.7450745 ], [ 9.1012088, 48.7450755 ], [ 9.1012082, 48.745071 ], [ 9.1011822, 48.7450722 ], [ 9.1011763, 48.745019 ], [ 9.1014474, 48.7450065 ], [ 9.1014533, 48.7450599 ], [ 9.1014502, 48.74506 ], [ 9.1014507, 48.7450645 ], [ 9.1014275, 48.7450656 ], [ 9.1014269, 48.7450611 ], [ 9.1014052, 48.745062 ], [ 9.101406, 48.7450665 ], [ 9.101386, 48.7450674 ], [ 9.1013853, 48.7450629 ], [ 9.1013615, 48.745064 ], [ 9.1013619, 48.7450685 ], [ 9.1013418, 48.7450694 ], [ 9.1013415, 48.7450649 ], [ 9.1013155, 48.7450661 ] ] ] ] } },
{ "type": "Feature", "properties": { "fid": 189, "ogc_fid": 189, "gebnutzbez": "Gebaeude", "funktion": "Forschungsinstitut", "lagebeztxt": null, "building_id": 189.0, "condition": "Medium", "notes": "Building in good condition\"\n\"No visible damage\"\n\"Well maintained\"", "photo": "DCIM/buildings_20260429164956927.jpg" }, "geometry": { "type": "MultiPolygon", "coordinates": [ [ [ [ 9.0984354, 48.7420475 ], [ 9.098439, 48.7420836 ], [ 9.098264, 48.7420914 ], [ 9.098259, 48.7420439 ], [ 9.0982453, 48.7419128 ], [ 9.0982103, 48.7419144 ], [ 9.0982114, 48.7419241 ], [ 9.0978689, 48.7419399 ], [ 9.0978664, 48.7419158 ], [ 9.0978613, 48.7418667 ], [ 9.0978613, 48.7418661 ], [ 9.0978521, 48.7418666 ], [ 9.0978487, 48.7418369 ], [ 9.0978947, 48.7418345 ], [ 9.0978915, 48.7418064 ], [ 9.0980086, 48.7418003 ], [ 9.097997, 48.7416859 ], [ 9.0979935, 48.7416534 ], [ 9.0979934, 48.7416515 ], [ 9.0982897, 48.7416379 ], [ 9.0983356, 48.7416358 ], [ 9.098437, 48.7416311 ], [ 9.0984564, 48.7418159 ], [ 9.0984379, 48.7418168 ], [ 9.0984386, 48.741824 ], [ 9.0986652, 48.7418123 ], [ 9.0986727, 48.7418833 ], [ 9.0986227, 48.7418856 ], [ 9.0986238, 48.7418965 ], [ 9.0984425, 48.7419047 ], [ 9.098442, 48.7419009 ], [ 9.0984207, 48.7419018 ], [ 9.0984354, 48.7420475 ] ] ] ] } },
{ "type": "Feature", "properties": { "fid": 190, "ogc_fid": 190, "gebnutzbez": "Gebaeude", "funktion": "Wohnhaus", "lagebeztxt": "Allmandring 14B", "building_id": 190.0, "condition": "Good", "notes": "Building in good condition\"\n\"No visible damage\"\n\"Well maintained\"", "photo": "DCIM/buildings_20260427182825749.jpg" }, "geometry": { "type": "MultiPolygon", "coordinates": [ [ [ [ 9.0995822, 48.7448112 ], [ 9.0995366, 48.7448134 ], [ 9.0995305, 48.7447655 ], [ 9.0995299, 48.7447604 ], [ 9.0995327, 48.7447602 ], [ 9.0995323, 48.7447558 ], [ 9.0995545, 48.7447548 ], [ 9.0995549, 48.7447584 ], [ 9.0995804, 48.7447574 ], [ 9.0995821, 48.7447679 ], [ 9.0996025, 48.744767 ], [ 9.099602, 48.7447625 ], [ 9.0996226, 48.7447616 ], [ 9.0996232, 48.7447666 ], [ 9.0996273, 48.7447664 ], [ 9.0996278, 48.7447719 ], [ 9.0996327, 48.7448193 ], [ 9.0995833, 48.7448215 ], [ 9.0995822, 48.7448112 ] ] ] ] } },
{ "type": "Feature", "properties": { "fid": 191, "ogc_fid": 191, "gebnutzbez": "Gebaeude", "funktion": "Wohnhaus", "lagebeztxt": "Allmandring 16C", "building_id": 191.0, "condition": "", "notes": "", "photo": "" }, "geometry": { "type": "MultiPolygon", "coordinates": [ [ [ [ 9.099067, 48.7449755 ], [ 9.0991552, 48.7449713 ], [ 9.099154, 48.7449605 ], [ 9.0991971, 48.7449583 ], [ 9.0992022, 48.7450066 ], [ 9.0992028, 48.7450122 ], [ 9.0991994, 48.7450123 ], [ 9.0992001, 48.7450177 ], [ 9.0991801, 48.7450181 ], [ 9.0991795, 48.7450125 ], [ 9.0991598, 48.7450132 ], [ 9.0991608, 48.7450252 ], [ 9.0991586, 48.7450252 ], [ 9.099159, 48.7450288 ], [ 9.0991397, 48.7450295 ], [ 9.0991396, 48.7450261 ], [ 9.0991144, 48.745027 ], [ 9.0991146, 48.745031 ], [ 9.0990939, 48.7450317 ], [ 9.0990935, 48.7450283 ], [ 9.0990684, 48.7450292 ], [ 9.0990689, 48.7450327 ], [ 9.0990475, 48.7450335 ], [ 9.0990474, 48.7450302 ], [ 9.099024, 48.745031 ], [ 9.0990241, 48.7450345 ], [ 9.0990019, 48.745035 ], [ 9.0990017, 48.745032 ], [ 9.0989776, 48.7450328 ], [ 9.0989779, 48.7450363 ], [ 9.0989573, 48.7450368 ], [ 9.098957, 48.7450335 ], [ 9.0989315, 48.7450343 ], [ 9.0989266, 48.7449822 ], [ 9.099067, 48.7449755 ] ] ] ] } },
{ "type": "Feature", "properties": { "fid": 192, "ogc_fid": 192, "gebnutzbez": "Gebaeude", "funktion": "Wohnhaus", "lagebeztxt": "Allmandring 12D", "building_id": 192.0, "condition": "Good", "notes": "Building in good condition\"\n\"No visible damage\"\n\"Well maintained\"", "photo": "DCIM/buildings_20260427185309631.jpg" }, "geometry": { "type": "MultiPolygon", "coordinates": [ [ [ [ 9.1000982, 48.7453971 ], [ 9.1000766, 48.7453981 ], [ 9.1000771, 48.7454021 ], [ 9.1000566, 48.7454033 ], [ 9.100056, 48.745399 ], [ 9.1000541, 48.745399 ], [ 9.1000537, 48.7453954 ], [ 9.1000536, 48.7453948 ], [ 9.1000476, 48.7453455 ], [ 9.1001012, 48.7453433 ], [ 9.1001023, 48.7453547 ], [ 9.1001442, 48.7453534 ], [ 9.1001498, 48.7454011 ], [ 9.1001503, 48.7454059 ], [ 9.1001456, 48.745406 ], [ 9.1001463, 48.7454097 ], [ 9.1001258, 48.7454107 ], [ 9.1001254, 48.7454067 ], [ 9.1000992, 48.7454078 ], [ 9.1000982, 48.7453971 ] ] ] ] } },
{ "type": "Feature", "properties": { "fid": 193, "ogc_fid": 193, "gebnutzbez": "Gebaeude", "funktion": "Wohnhaus", "lagebeztxt": "Allmandring 12B", "building_id": 193.0, "condition": "", "notes": "", "photo": "" }, "geometry": { "type": "MultiPolygon", "coordinates": [ [ [ [ 9.1003449, 48.7450934 ], [ 9.1004292, 48.7450895 ], [ 9.1004389, 48.7451773 ], [ 9.1004812, 48.7451753 ], [ 9.1004864, 48.7452226 ], [ 9.1004446, 48.7452245 ], [ 9.1004465, 48.7452388 ], [ 9.1004018, 48.7452408 ], [ 9.1004036, 48.745256 ], [ 9.1003572, 48.7452584 ], [ 9.1003611, 48.7452858 ], [ 9.1002703, 48.7452903 ], [ 9.1002566, 48.7451601 ], [ 9.1002123, 48.7451617 ], [ 9.1002071, 48.7451136 ], [ 9.100252, 48.7451113 ], [ 9.1002504, 48.7450977 ], [ 9.1002954, 48.7450957 ], [ 9.1002937, 48.7450811 ], [ 9.1003434, 48.7450788 ], [ 9.1003449, 48.7450934 ] ] ] ] } },
{ "type": "Feature", "properties": { "fid": 194, "ogc_fid": 194, "gebnutzbez": "Gebaeude", "funktion": "Wohnhaus", "lagebeztxt": null, "building_id": 194.0, "condition": "", "notes": "", "photo": "" }, "geometry": { "type": "MultiPolygon", "coordinates": [ [ [ [ 9.100633, 48.7451523 ], [ 9.1006565, 48.7451512 ], [ 9.1006557, 48.7451461 ], [ 9.1006773, 48.7451452 ], [ 9.1006777, 48.7451502 ], [ 9.1007007, 48.7451491 ], [ 9.1007002, 48.7451442 ], [ 9.1007221, 48.7451432 ], [ 9.1007225, 48.745148 ], [ 9.1007486, 48.745147 ], [ 9.1007535, 48.7451989 ], [ 9.1006154, 48.7452052 ], [ 9.1005349, 48.7452087 ], [ 9.1005361, 48.74522 ], [ 9.1004864, 48.7452226 ], [ 9.1004812, 48.7451753 ], [ 9.1004808, 48.7451705 ], [ 9.1004841, 48.7451704 ], [ 9.1004835, 48.7451656 ], [ 9.1005034, 48.7451646 ], [ 9.1005034, 48.7451686 ], [ 9.1005246, 48.7451677 ], [ 9.1005232, 48.7451562 ], [ 9.1005268, 48.745156 ], [ 9.1005263, 48.745152 ], [ 9.1005451, 48.7451513 ], [ 9.1005454, 48.7451562 ], [ 9.1005678, 48.7451552 ], [ 9.1005671, 48.7451502 ], [ 9.100587, 48.7451493 ], [ 9.1005876, 48.7451543 ], [ 9.1006124, 48.7451532 ], [ 9.1006122, 48.7451482 ], [ 9.1006328, 48.7451472 ], [ 9.100633, 48.7451523 ] ] ] ] } },
{ "type": "Feature", "properties": { "fid": 195, "ogc_fid": 195, "gebnutzbez": "Gebaeude", "funktion": "Wohnhaus", "lagebeztxt": "Allmandring 18A", "building_id": 195.0, "condition": "Good", "notes": "Building in good condition\"\n\"No visible damage\"\n\"Well maintained\"", "photo": "DCIM/buildings_20260427183508550.jpg" }, "geometry": { "type": "MultiPolygon", "coordinates": [ [ [ [ 9.0989497, 48.7447672 ], [ 9.09894, 48.7446506 ], [ 9.0988996, 48.7446526 ], [ 9.0988949, 48.7446042 ], [ 9.0989344, 48.7446022 ], [ 9.0989328, 48.744587 ], [ 9.0989753, 48.7445851 ], [ 9.0989737, 48.7445706 ], [ 9.0991089, 48.7445651 ], [ 9.099121, 48.7446669 ], [ 9.0991663, 48.744665 ], [ 9.0991701, 48.744713 ], [ 9.0991258, 48.7447155 ], [ 9.0991272, 48.7447296 ], [ 9.0990832, 48.744732 ], [ 9.0990849, 48.7447468 ], [ 9.0990403, 48.7447492 ], [ 9.0990417, 48.7447629 ], [ 9.0989497, 48.7447672 ] ] ] ] } },
{ "type": "Feature", "properties": { "fid": 196, "ogc_fid": 196, "gebnutzbez": "Gebaeude", "funktion": "Betriebsgebäude", "lagebeztxt": "Allmandring 7/1", "building_id": 196.0, "condition": "Good", "notes": "", "photo": "DCIM/buildings_20260428183318257.jpg" }, "geometry": { "type": "MultiPolygon", "coordinates": [ [ [ [ 9.0996223, 48.7437698 ], [ 9.0996226, 48.7437731 ], [ 9.0995918, 48.7437745 ], [ 9.0995916, 48.7437712 ], [ 9.0995521, 48.7437729 ], [ 9.0995401, 48.7436563 ], [ 9.0996491, 48.7436512 ], [ 9.0996615, 48.7437681 ], [ 9.0996223, 48.7437698 ] ] ] ] } },
{ "type": "Feature", "properties": { "fid": 197, "ogc_fid": 197, "gebnutzbez": "Gebaeude", "funktion": "Forschungsinstitut", "lagebeztxt": "Nobelstraße 13E", "building_id": 197.0, "condition": "Good", "notes": "Building in good condition\"\n\"No visible damage\"\n\"Well maintained\"", "photo": "DCIM/buildings_20260429163122575.jpg" }, "geometry": { "type": "MultiPolygon", "coordinates": [ [ [ [ 9.0999147, 48.7401321 ], [ 9.0999148, 48.7401331 ], [ 9.0999148, 48.740134 ], [ 9.0999146, 48.740135 ], [ 9.0999144, 48.7401359 ], [ 9.099914, 48.7401369 ], [ 9.0999136, 48.7401378 ], [ 9.099913, 48.7401387 ], [ 9.0999124, 48.7401395 ], [ 9.0999116, 48.7401403 ], [ 9.0999108, 48.7401411 ], [ 9.0999099, 48.7401419 ], [ 9.0999089, 48.7401426 ], [ 9.0999078, 48.7401432 ], [ 9.0999067, 48.7401438 ], [ 9.0999055, 48.7401443 ], [ 9.0999042, 48.7401448 ], [ 9.0999029, 48.7401452 ], [ 9.0999016, 48.7401456 ], [ 9.0999002, 48.7401459 ], [ 9.0998988, 48.7401461 ], [ 9.0998974, 48.7401462 ], [ 9.0998959, 48.7401463 ], [ 9.0998945, 48.7401463 ], [ 9.099893, 48.7401463 ], [ 9.0997475, 48.7401372 ], [ 9.0994365, 48.7401188 ], [ 9.0994351, 48.7401186 ], [ 9.0994337, 48.7401185 ], [ 9.0994324, 48.7401182 ], [ 9.099431, 48.7401179 ], [ 9.0994297, 48.7401175 ], [ 9.0994285, 48.7401171 ], [ 9.0994273, 48.7401166 ], [ 9.0994261, 48.7401161 ], [ 9.0994251, 48.7401155 ], [ 9.099424, 48.7401149 ], [ 9.0994231, 48.7401142 ], [ 9.0994222, 48.7401134 ], [ 9.0994214, 48.7401127 ], [ 9.0994207, 48.7401119 ], [ 9.0994201, 48.740111 ], [ 9.0994195, 48.7401102 ], [ 9.0994191, 48.7401093 ], [ 9.0994188, 48.7401084 ], [ 9.0994185, 48.7401075 ], [ 9.0994184, 48.7401065 ], [ 9.0993926, 48.7398678 ], [ 9.0993822, 48.7397719 ], [ 9.0993739, 48.7396952 ], [ 9.0993736, 48.7396944 ], [ 9.0993733, 48.7396935 ], [ 9.0993731, 48.7396927 ], [ 9.0993731, 48.7396918 ], [ 9.0993731, 48.739691 ], [ 9.0993732, 48.7396901 ], [ 9.0993734, 48.7396893 ], [ 9.0993737, 48.7396885 ], [ 9.0993741, 48.7396877 ], [ 9.0993745, 48.7396869 ], [ 9.0993751, 48.7396861 ], [ 9.0993758, 48.7396854 ], [ 9.0993765, 48.7396847 ], [ 9.0993773, 48.739684 ], [ 9.0993781, 48.7396834 ], [ 9.0993791, 48.7396828 ], [ 9.0993801, 48.7396823 ], [ 9.0993811, 48.7396818 ], [ 9.0993822, 48.7396813 ], [ 9.0993834, 48.739681 ], [ 9.0993846, 48.7396806 ], [ 9.0993858, 48.7396804 ], [ 9.0993871, 48.7396802 ], [ 9.0993883, 48.73968 ], [ 9.0993896, 48.7396799 ], [ 9.0993909, 48.7396799 ], [ 9.0993922, 48.73968 ], [ 9.0993935, 48.7396801 ], [ 9.0994823, 48.7396759 ], [ 9.099842, 48.7396591 ], [ 9.0998435, 48.7396591 ], [ 9.099845, 48.7396591 ], [ 9.0998465, 48.7396593 ], [ 9.099848, 48.7396594 ], [ 9.0998494, 48.7396597 ], [ 9.0998508, 48.73966 ], [ 9.0998522, 48.7396604 ], [ 9.0998536, 48.7396608 ], [ 9.0998548, 48.7396613 ], [ 9.0998561, 48.7396619 ], [ 9.0998573, 48.7396625 ], [ 9.0998584, 48.7396632 ], [ 9.0998594, 48.7396639 ], [ 9.0998604, 48.7396646 ], [ 9.0998613, 48.7396654 ], [ 9.0998621, 48.7396663 ], [ 9.0998629, 48.7396671 ], [ 9.0998635, 48.739668 ], [ 9.0998641, 48.7396689 ], [ 9.0998645, 48.7396699 ], [ 9.0998649, 48.7396708 ], [ 9.0998651, 48.7396718 ], [ 9.0999147, 48.7401321 ] ] ] ] } },
{ "type": "Feature", "properties": { "fid": 198, "ogc_fid": 198, "gebnutzbez": "Gebaeude", "funktion": "Forschungsinstitut", "lagebeztxt": "Allmandring 13", "building_id": 198.0, "condition": "Good", "notes": "Building in good condition\"\n\"No visible damage\"\n\"Well maintained\"", "photo": "DCIM/buildings_20260428183707471.jpg" }, "geometry": { "type": "MultiPolygon", "coordinates": [ [ [ [ 9.098384, 48.7437996 ], [ 9.0983891, 48.7438489 ], [ 9.0984047, 48.7439978 ], [ 9.097912, 48.7440204 ], [ 9.0978434, 48.7433605 ], [ 9.098336, 48.7433382 ], [ 9.098384, 48.7437996 ] ] ] ] } },
{ "type": "Feature", "properties": { "fid": 199, "ogc_fid": 199, "gebnutzbez": "Gebaeude", "funktion": "Hochschulgebäude (Fachhochschule, Universität)", "lagebeztxt": null, "building_id": 199.0, "condition": "Good", "notes": "Building in good condition\"\n\"No visible damage\"\n\"Well maintained\"", "photo": "DCIM/buildings_20260429161133972.jpg" }, "geometry": { "type": "MultiPolygon", "coordinates": [ [ [ [ 9.1028026, 48.7415591 ], [ 9.1028145, 48.7415591 ], [ 9.1028158, 48.7415591 ], [ 9.1028157, 48.7416354 ], [ 9.1028157, 48.741691 ], [ 9.102441, 48.7416912 ], [ 9.1024408, 48.7415594 ], [ 9.1028026, 48.7415591 ] ] ] ] } },
{ "type": "Feature", "properties": { "fid": 200, "ogc_fid": 200, "gebnutzbez": "Gebaeude", "funktion": "Forschungsinstitut", "lagebeztxt": "Nobelstraße 12N", "building_id": 200.0, "condition": "Good", "notes": "Building in good condition\"\n\"No visible damage\"\n\"Well maintained\"", "photo": "DCIM/buildings_20260429163915912.jpg" }, "geometry": { "type": "MultiPolygon", "coordinates": [ [ [ [ 9.0961752, 48.739986 ], [ 9.0961774, 48.7399853 ], [ 9.0961797, 48.7399846 ], [ 9.096182, 48.7399839 ], [ 9.0961844, 48.7399833 ], [ 9.0961867, 48.7399828 ], [ 9.0961892, 48.7399824 ], [ 9.0961916, 48.739982 ], [ 9.0961941, 48.7399817 ], [ 9.0961966, 48.7399814 ], [ 9.096199, 48.7399812 ], [ 9.0962016, 48.7399811 ], [ 9.0962041, 48.7399811 ], [ 9.0962066, 48.7399811 ], [ 9.0962091, 48.7399812 ], [ 9.0962116, 48.7399814 ], [ 9.0962141, 48.7399816 ], [ 9.0962165, 48.7399819 ], [ 9.096219, 48.7399822 ], [ 9.0962214, 48.7399827 ], [ 9.0962238, 48.7399832 ], [ 9.0962262, 48.7399837 ], [ 9.0962285, 48.7399844 ], [ 9.0962308, 48.7399851 ], [ 9.096233, 48.7399858 ], [ 9.0962352, 48.7399866 ], [ 9.0962374, 48.7399875 ], [ 9.0962394, 48.7399884 ], [ 9.0962415, 48.7399894 ], [ 9.0962434, 48.7399905 ], [ 9.0962453, 48.7399916 ], [ 9.0962471, 48.7399927 ], [ 9.0962489, 48.7399939 ], [ 9.0962505, 48.7399952 ], [ 9.0962521, 48.7399964 ], [ 9.0962536, 48.7399978 ], [ 9.096255, 48.7399991 ], [ 9.0962564, 48.7400005 ], [ 9.0962576, 48.740002 ], [ 9.0962588, 48.7400035 ], [ 9.0962598, 48.740005 ], [ 9.0962608, 48.7400065 ], [ 9.0962617, 48.7400081 ], [ 9.0962624, 48.7400097 ], [ 9.0962631, 48.7400113 ], [ 9.0962635, 48.7400125 ], [ 9.0962638, 48.7400137 ], [ 9.0962641, 48.7400149 ], [ 9.0962643, 48.7400161 ], [ 9.096266, 48.7400861 ], [ 9.096267, 48.7401165 ], [ 9.0962672, 48.7401177 ], [ 9.0962674, 48.7401189 ], [ 9.0962677, 48.7401201 ], [ 9.0962681, 48.7401213 ], [ 9.0962686, 48.7401224 ], [ 9.0962692, 48.7401236 ], [ 9.0962698, 48.7401247 ], [ 9.0962705, 48.7401258 ], [ 9.0962713, 48.7401269 ], [ 9.0962722, 48.740128 ], [ 9.0962731, 48.7401291 ], [ 9.0962741, 48.7401301 ], [ 9.096335, 48.7401843 ], [ 9.0963365, 48.7401856 ], [ 9.0963381, 48.7401869 ], [ 9.0963397, 48.7401882 ], [ 9.0963415, 48.7401894 ], [ 9.0963433, 48.7401906 ], [ 9.0963451, 48.7401917 ], [ 9.0963471, 48.7401928 ], [ 9.0963491, 48.7401938 ], [ 9.0963511, 48.7401948 ], [ 9.0963532, 48.7401957 ], [ 9.0963843, 48.7402079 ], [ 9.0964718, 48.7402421 ], [ 9.0964735, 48.7402426 ], [ 9.0964752, 48.7402431 ], [ 9.0964769, 48.7402435 ], [ 9.0964787, 48.7402439 ], [ 9.0964806, 48.7402441 ], [ 9.0964824, 48.7402443 ], [ 9.0964943, 48.7403598 ], [ 9.0964571, 48.7403883 ], [ 9.0963621, 48.7403651 ], [ 9.0963286, 48.7403569 ], [ 9.0963184, 48.7403564 ], [ 9.0963083, 48.7403559 ], [ 9.0962981, 48.7403553 ], [ 9.0962879, 48.7403546 ], [ 9.0962777, 48.7403538 ], [ 9.0962676, 48.740353 ], [ 9.0962575, 48.7403521 ], [ 9.0962473, 48.7403512 ], [ 9.0962372, 48.7403501 ], [ 9.0962272, 48.740349 ], [ 9.0962171, 48.7403479 ], [ 9.096207, 48.7403466 ], [ 9.096197, 48.7403453 ], [ 9.096187, 48.740344 ], [ 9.096177, 48.7403425 ], [ 9.096167, 48.740341 ], [ 9.0961642, 48.7403404 ], [ 9.0959787, 48.740301 ], [ 9.0959725, 48.7402996 ], [ 9.0959663, 48.7402981 ], [ 9.0959602, 48.7402965 ], [ 9.0959541, 48.7402949 ], [ 9.095948, 48.7402932 ], [ 9.095942, 48.7402914 ], [ 9.095936, 48.7402896 ], [ 9.0959301, 48.7402877 ], [ 9.0959242, 48.7402858 ], [ 9.0959184, 48.7402838 ], [ 9.0959126, 48.7402817 ], [ 9.0959069, 48.7402795 ], [ 9.0959012, 48.7402774 ], [ 9.0958956, 48.7402751 ], [ 9.09589, 48.7402728 ], [ 9.0958845, 48.7402704 ], [ 9.0958791, 48.740268 ], [ 9.0958737, 48.7402655 ], [ 9.0958684, 48.7402629 ], [ 9.0958631, 48.7402603 ], [ 9.0958579, 48.7402577 ], [ 9.0958528, 48.7402549 ], [ 9.0958477, 48.7402522 ], [ 9.0958427, 48.7402493 ], [ 9.0958378, 48.7402465 ], [ 9.0958329, 48.7402435 ], [ 9.0958299, 48.7402416 ], [ 9.0958269, 48.7402396 ], [ 9.095824, 48.7402376 ], [ 9.0958212, 48.7402355 ], [ 9.0958185, 48.7402334 ], [ 9.0958159, 48.7402312 ], [ 9.0958133, 48.740229 ], [ 9.0958108, 48.7402268 ], [ 9.0958084, 48.7402245 ], [ 9.0958061, 48.7402222 ], [ 9.0958039, 48.7402198 ], [ 9.0958017, 48.7402174 ], [ 9.0957997, 48.740215 ], [ 9.0957977, 48.7402125 ], [ 9.0957959, 48.74021 ], [ 9.0957941, 48.7402075 ], [ 9.0957924, 48.7402049 ], [ 9.0957908, 48.7402023 ], [ 9.0957894, 48.7401997 ], [ 9.095788, 48.7401971 ], [ 9.0957867, 48.7401944 ], [ 9.0957855, 48.7401918 ], [ 9.0957844, 48.7401891 ], [ 9.0957835, 48.7401864 ], [ 9.0957826, 48.7401836 ], [ 9.0957818, 48.7401809 ], [ 9.0957811, 48.7401782 ], [ 9.0957806, 48.7401754 ], [ 9.0957801, 48.7401726 ], [ 9.0957797, 48.7401699 ], [ 9.0957795, 48.7401671 ], [ 9.0957793, 48.7401643 ], [ 9.0957793, 48.7401615 ], [ 9.0957793, 48.7401587 ], [ 9.0957795, 48.7401559 ], [ 9.0957798, 48.7401532 ], [ 9.0957801, 48.7401504 ], [ 9.0957806, 48.7401476 ], [ 9.0957812, 48.7401449 ], [ 9.0957819, 48.7401421 ], [ 9.0957826, 48.7401394 ], [ 9.0957835, 48.7401367 ], [ 9.0957845, 48.7401339 ], [ 9.0957856, 48.7401313 ], [ 9.0957868, 48.7401286 ], [ 9.0957881, 48.7401259 ], [ 9.0957895, 48.7401233 ], [ 9.0957909, 48.7401207 ], [ 9.0957925, 48.7401181 ], [ 9.0957942, 48.7401156 ], [ 9.095796, 48.740113 ], [ 9.0957978, 48.7401105 ], [ 9.0957998, 48.7401081 ], [ 9.0958019, 48.7401056 ], [ 9.095804, 48.7401032 ], [ 9.0958062, 48.7401009 ], [ 9.0958085, 48.7400986 ], [ 9.095811, 48.7400963 ], [ 9.0958134, 48.740094 ], [ 9.095816, 48.7400918 ], [ 9.0958187, 48.7400897 ], [ 9.0958214, 48.7400875 ], [ 9.0958242, 48.7400855 ], [ 9.0958271, 48.7400834 ], [ 9.0958301, 48.7400815 ], [ 9.0958331, 48.7400795 ], [ 9.0958362, 48.7400777 ], [ 9.0958394, 48.7400758 ], [ 9.0958437, 48.7400735 ], [ 9.0958481, 48.7400711 ], [ 9.0958526, 48.7400689 ], [ 9.0958571, 48.7400666 ], [ 9.0958616, 48.7400645 ], [ 9.0958663, 48.7400623 ], [ 9.0958709, 48.7400603 ], [ 9.0958757, 48.7400583 ], [ 9.0958805, 48.7400563 ], [ 9.0958853, 48.7400544 ], [ 9.0958902, 48.7400526 ], [ 9.0958951, 48.7400508 ], [ 9.0959001, 48.7400491 ], [ 9.0959051, 48.7400474 ], [ 9.0959102, 48.7400458 ], [ 9.0959153, 48.7400442 ], [ 9.0959204, 48.7400427 ], [ 9.0959256, 48.7400413 ], [ 9.0959308, 48.7400399 ], [ 9.0959361, 48.7400386 ], [ 9.0959414, 48.7400373 ], [ 9.0959467, 48.7400361 ], [ 9.095952, 48.740035 ], [ 9.0959574, 48.7400339 ], [ 9.0959628, 48.7400329 ], [ 9.0959683, 48.7400319 ], [ 9.0961752, 48.739986 ] ] ] ] } },
{ "type": "Feature", "properties": { "fid": 201, "ogc_fid": 201, "gebnutzbez": "Gebaeude", "funktion": "Hochschulgebäude (Fachhochschule, Universität)", "lagebeztxt": null, "building_id": 201.0, "condition": "Good", "notes": "Building in good condition\"\n\"No visible damage\"\n\"Well maintained\"", "photo": "DCIM/buildings_20260429161211774.jpg" }, "geometry": { "type": "MultiPolygon", "coordinates": [ [ [ [ 9.1023714, 48.7417214 ], [ 9.1019969, 48.7417218 ], [ 9.1019967, 48.7415901 ], [ 9.1023714, 48.7415896 ], [ 9.1023714, 48.7417214 ] ] ] ] } },
{ "type": "Feature", "properties": { "fid": 202, "ogc_fid": 202, "gebnutzbez": "Gebaeude", "funktion": "Hochschulgebäude (Fachhochschule, Universität)", "lagebeztxt": null, "building_id": 202.0, "condition": "Good", "notes": "Building in good condition\"\n\"No visible damage\"\n\"Well maintained\"", "photo": "DCIM/buildings_20260429161349566.jpg" }, "geometry": { "type": "MultiPolygon", "coordinates": [ [ [ [ 9.1032597, 48.741503 ], [ 9.1032597, 48.7416351 ], [ 9.1028847, 48.7416353 ], [ 9.1028851, 48.7415033 ], [ 9.1032597, 48.741503 ] ] ] ] } },
{ "type": "Feature", "properties": { "fid": 203, "ogc_fid": 203, "gebnutzbez": "Gebaeude", "funktion": "Wohnheim", "lagebeztxt": "Allmandring 26G", "building_id": 203.0, "condition": "Good", "notes": "Building in good condition\"\n\"No visible damage\"\n\"Well maintained\"", "photo": "DCIM/buildings_20260428191748489.jpg" }, "geometry": { "type": "MultiPolygon", "coordinates": [ [ [ [ 9.0953324, 48.7436968 ], [ 9.0953856, 48.743703 ], [ 9.0954919, 48.7437156 ], [ 9.0954798, 48.7438039 ], [ 9.0954755, 48.7438357 ], [ 9.0954685, 48.7438872 ], [ 9.0951408, 48.7438185 ], [ 9.0952061, 48.7436819 ], [ 9.0953324, 48.7436968 ] ] ] ] } },
{ "type": "Feature", "properties": { "fid": 204, "ogc_fid": 204, "gebnutzbez": "Gebaeude", "funktion": "Wohnheim", "lagebeztxt": "Allmandring 26H", "building_id": 204.0, "condition": "Good", "notes": "Building in good condition\"\n\"No visible damage\"\n\"Well maintained\"", "photo": "DCIM/buildings_20260428192456617.jpg" }, "geometry": { "type": "MultiPolygon", "coordinates": [ [ [ [ 9.0948442, 48.7437612 ], [ 9.0948897, 48.7437805 ], [ 9.0949972, 48.743826 ], [ 9.0949056, 48.7439554 ], [ 9.0945941, 48.7438592 ], [ 9.0946471, 48.7438138 ], [ 9.0946721, 48.7437924 ], [ 9.0947533, 48.7437226 ], [ 9.0948442, 48.7437612 ] ] ] ] } },
{ "type": "Feature", "properties": { "fid": 205, "ogc_fid": 205, "gebnutzbez": "Gebaeude", "funktion": "Hochschulgebäude (Fachhochschule, Universität)", "lagebeztxt": "Nobelstraße 8", "building_id": 205.0, "condition": "Good", "notes": "Building in good condition\"\n\"No visible damage\"\n\"Well maintained\"", "photo": "DCIM/buildings_20260429161245693.jpg" }, "geometry": { "type": "MultiPolygon", "coordinates": [ [ [ [ 9.1023107, 48.741335 ], [ 9.1023019, 48.7413465 ], [ 9.102279, 48.741375 ], [ 9.1022542, 48.7414032 ], [ 9.102228, 48.7414304 ], [ 9.1022004, 48.7414573 ], [ 9.1021695, 48.7414498 ], [ 9.1021239, 48.7414379 ], [ 9.1021081, 48.7414334 ], [ 9.102079, 48.7414248 ], [ 9.1020347, 48.7414107 ], [ 9.1019923, 48.7413958 ], [ 9.1019915, 48.7413956 ], [ 9.1019512, 48.7413771 ], [ 9.1019159, 48.7413545 ], [ 9.1018862, 48.7413284 ], [ 9.101863, 48.7412999 ], [ 9.1018472, 48.7412689 ], [ 9.1018387, 48.7412371 ], [ 9.1018361, 48.7412044 ], [ 9.1018368, 48.7411721 ], [ 9.1018404, 48.7411398 ], [ 9.1018473, 48.7411076 ], [ 9.1018572, 48.7410758 ], [ 9.10187, 48.7410444 ], [ 9.101886, 48.7410136 ], [ 9.101905, 48.7409836 ], [ 9.1019268, 48.7409547 ], [ 9.1019512, 48.7409265 ], [ 9.1019784, 48.7408993 ], [ 9.1020084, 48.7408734 ], [ 9.1020405, 48.7408488 ], [ 9.1020748, 48.7408258 ], [ 9.1021115, 48.7408042 ], [ 9.1021504, 48.7407842 ], [ 9.1021909, 48.740766 ], [ 9.102233, 48.7407494 ], [ 9.1022767, 48.7407345 ], [ 9.102322, 48.7407218 ], [ 9.1023689, 48.7407107 ], [ 9.1024075, 48.740703 ], [ 9.1024163, 48.740726 ], [ 9.1024245, 48.7407519 ], [ 9.1024313, 48.7407755 ], [ 9.1024372, 48.7408 ], [ 9.1024437, 48.7408322 ], [ 9.1024483, 48.7408645 ], [ 9.1024506, 48.7408884 ], [ 9.1024508, 48.7408905 ], [ 9.1024522, 48.7409131 ], [ 9.1024522, 48.7409186 ], [ 9.1024525, 48.7409456 ], [ 9.1024509, 48.7409779 ], [ 9.1024476, 48.7410093 ], [ 9.1024426, 48.7410426 ], [ 9.1024376, 48.7410669 ], [ 9.1024333, 48.7410855 ], [ 9.102424, 48.7411174 ], [ 9.1024133, 48.741149 ], [ 9.1024009, 48.7411799 ], [ 9.1023867, 48.7412114 ], [ 9.1023749, 48.7412347 ], [ 9.1023592, 48.7412625 ], [ 9.1023404, 48.7412923 ], [ 9.1023342, 48.741302 ], [ 9.1023239, 48.7413172 ], [ 9.1023107, 48.741335 ] ], [ [ 9.102163, 48.7413087 ], [ 9.102308, 48.7413345 ], [ 9.1023212, 48.7413164 ], [ 9.1023315, 48.7413015 ], [ 9.1021771, 48.7412741 ], [ 9.102163, 48.7413087 ] ], [ [ 9.1020555, 48.7412525 ], [ 9.1019512, 48.7412339 ], [ 9.1019576, 48.7412542 ], [ 9.1019687, 48.741274 ], [ 9.1020419, 48.741287 ], [ 9.1020555, 48.7412525 ] ], [ [ 9.1020516, 48.7411615 ], [ 9.1022276, 48.7411929 ], [ 9.1022443, 48.7411521 ], [ 9.1020681, 48.7411208 ], [ 9.1020516, 48.7411615 ] ], [ [ 9.1023102, 48.7408062 ], [ 9.1022674, 48.7408219 ], [ 9.102236, 48.7408352 ], [ 9.1022095, 48.7408477 ], [ 9.1023563, 48.7408738 ], [ 9.1023432, 48.7407963 ], [ 9.1023102, 48.7408062 ] ] ] ] } },
{ "type": "Feature", "properties": { "fid": 206, "ogc_fid": 206, "gebnutzbez": "Gebaeude", "funktion": "Wohnheim", "lagebeztxt": "Allmandring 26F", "building_id": 206.0, "condition": "Good", "notes": "Building in good condition\"\n\"No visible damage\"\n\"Well maintained\"", "photo": "DCIM/buildings_20260428191852232.jpg" }, "geometry": { "type": "MultiPolygon", "coordinates": [ [ [ [ 9.0949646, 48.7434659 ], [ 9.0950102, 48.7434852 ], [ 9.0951183, 48.7435308 ], [ 9.0950261, 48.7436604 ], [ 9.0947149, 48.743564 ], [ 9.0947685, 48.743518 ], [ 9.0948537, 48.7434448 ], [ 9.0948736, 48.7434276 ], [ 9.0949646, 48.7434659 ] ] ] ] } },
{ "type": "Feature", "properties": { "fid": 207, "ogc_fid": 207, "gebnutzbez": "Gebaeude", "funktion": "Wohnheim", "lagebeztxt": "Allmandring 26I", "building_id": 207.0, "condition": "Good", "notes": "Building in good condition\"\n\"No visible damage\"\n\"Well maintained\"", "photo": "DCIM/buildings_20260428192547141.jpg" }, "geometry": { "type": "MultiPolygon", "coordinates": [ [ [ [ 9.0952741, 48.7440027 ], [ 9.0953276, 48.744009 ], [ 9.0954337, 48.7440215 ], [ 9.0954216, 48.7441099 ], [ 9.0954173, 48.7441412 ], [ 9.0954102, 48.7441931 ], [ 9.0950827, 48.7441241 ], [ 9.0951478, 48.7439878 ], [ 9.0952741, 48.7440027 ] ] ] ] } },
{ "type": "Feature", "properties": { "fid": 208, "ogc_fid": 208, "gebnutzbez": "Gebaeude", "funktion": "Wohnheim", "lagebeztxt": "Allmandring 26L", "building_id": 208.0, "condition": "Good", "notes": "Building in good condition\"\n\"No visible damage\"\n\"Well maintained\"", "photo": "DCIM/buildings_20260428192707378.jpg" }, "geometry": { "type": "MultiPolygon", "coordinates": [ [ [ [ 9.0950898, 48.7442937 ], [ 9.0952159, 48.7443084 ], [ 9.0952692, 48.7443147 ], [ 9.0953755, 48.7443271 ], [ 9.0953521, 48.744499 ], [ 9.0950242, 48.7444301 ], [ 9.0950898, 48.7442937 ] ] ] ] } },
{ "type": "Feature", "properties": { "fid": 209, "ogc_fid": 209, "gebnutzbez": "Gebaeude", "funktion": "Forschungsinstitut", "lagebeztxt": "Allmandring 30D", "building_id": 209.0, "condition": "Good", "notes": "Building in good condition\"\n\"No visible damage\"\n\"Well maintained\"", "photo": "DCIM/buildings_20260429170224437.jpg" }, "geometry": { "type": "MultiPolygon", "coordinates": [ [ [ [ 9.0947633, 48.740935 ], [ 9.0946758, 48.7409391 ], [ 9.0946754, 48.7409367 ], [ 9.0946267, 48.740939 ], [ 9.0946138, 48.7408174 ], [ 9.0947116, 48.7408128 ], [ 9.0946972, 48.7406765 ], [ 9.0949404, 48.7406651 ], [ 9.0949456, 48.740713 ], [ 9.0949409, 48.7407131 ], [ 9.0949425, 48.7407276 ], [ 9.0950474, 48.7407229 ], [ 9.0950754, 48.7409905 ], [ 9.0947706, 48.7410046 ], [ 9.0947633, 48.740935 ] ] ] ] } },
{ "type": "Feature", "properties": { "fid": 210, "ogc_fid": 210, "gebnutzbez": "Gebaeude", "funktion": "Schuppen", "lagebeztxt": null, "building_id": 210.0, "condition": "Medium", "notes": "Building in good condition\"\n\"No visible damage\"\n\"Well maintained\"", "photo": "DCIM/buildings_20260428185804067.jpg" }, "geometry": { "type": "MultiPolygon", "coordinates": [ [ [ [ 9.0974332, 48.7432905 ], [ 9.097603, 48.7432831 ], [ 9.0976096, 48.7433448 ], [ 9.0974395, 48.743352 ], [ 9.0974332, 48.7432905 ] ] ] ] } },
{ "type": "Feature", "properties": { "fid": 211, "ogc_fid": 211, "gebnutzbez": "Gebaeude", "funktion": "Forschungsinstitut", "lagebeztxt": "Nobelstraße 12D", "building_id": 211.0, "condition": "Good", "notes": "Building in good condition\"\n\"No visible damage\"\n\"Well maintained\"", "photo": "DCIM/buildings_20260429165308467.jpg" }, "geometry": { "type": "MultiPolygon", "coordinates": [ [ [ [ 9.0983356, 48.7416358 ], [ 9.0982897, 48.7416379 ], [ 9.0982841, 48.741587 ], [ 9.0978837, 48.7416057 ], [ 9.0977806, 48.7416104 ], [ 9.0976334, 48.7416172 ], [ 9.0976268, 48.7415537 ], [ 9.0975909, 48.7415554 ], [ 9.0975837, 48.741488 ], [ 9.0975809, 48.741463 ], [ 9.0975809, 48.7414624 ], [ 9.0975784, 48.74144 ], [ 9.0975677, 48.74134 ], [ 9.0988247, 48.7412815 ], [ 9.098847, 48.741497 ], [ 9.0988111, 48.7414987 ], [ 9.0988179, 48.7415621 ], [ 9.0986709, 48.7415689 ], [ 9.0985678, 48.7415737 ], [ 9.0983299, 48.7415848 ], [ 9.0983356, 48.7416358 ] ] ] ] } },
{ "type": "Feature", "properties": { "fid": 212, "ogc_fid": 212, "gebnutzbez": "Gebaeude", "funktion": "Wohnheim", "lagebeztxt": "Allmandring 26E", "building_id": 212.0, "condition": "Good", "notes": "Building in good condition\"\n\"No visible damage\"\n\"Well maintained\"", "photo": "DCIM/buildings_20260428192051493.jpg" }, "geometry": { "type": "MultiPolygon", "coordinates": [ [ [ [ 9.0952643, 48.7433761 ], [ 9.0953904, 48.7433911 ], [ 9.0954438, 48.7433973 ], [ 9.09555, 48.7434099 ], [ 9.095527, 48.7435815 ], [ 9.0951989, 48.7435126 ], [ 9.0952643, 48.7433761 ] ] ] ] } },
{ "type": "Feature", "properties": { "fid": 213, "ogc_fid": 213, "gebnutzbez": "Gebaeude", "funktion": "Wohnheim", "lagebeztxt": "Allmandring 26K", "building_id": 213.0, "condition": "Good", "notes": "Building in good condition\"\n\"No visible damage\"\n\"Well maintained\"", "photo": "DCIM/buildings_20260428192635437.jpg" }, "geometry": { "type": "MultiPolygon", "coordinates": [ [ [ [ 9.0947234, 48.7440562 ], [ 9.094769, 48.7440755 ], [ 9.0948768, 48.7441212 ], [ 9.0947851, 48.7442506 ], [ 9.0944739, 48.7441541 ], [ 9.0945156, 48.7441184 ], [ 9.0945509, 48.744088 ], [ 9.0946326, 48.7440177 ], [ 9.0947234, 48.7440562 ] ] ] ] } },
{ "type": "Feature", "properties": { "fid": 214, "ogc_fid": 214, "gebnutzbez": "Gebaeude", "funktion": "Hochschulgebäude (Fachhochschule, Universität)", "lagebeztxt": "Nobelstraße 10A", "building_id": 214.0, "condition": "Good", "notes": "Building in good condition\"\n\"No visible damage\"\n\"Well maintained\"", "photo": "DCIM/buildings_20260429161720411.jpg" }, "geometry": { "type": "MultiPolygon", "coordinates": [ [ [ [ 9.1009623, 48.7407356 ], [ 9.1009709, 48.7408166 ], [ 9.100918, 48.7408191 ], [ 9.1006105, 48.7408333 ], [ 9.1005857, 48.7405949 ], [ 9.1009458, 48.7405785 ], [ 9.1009623, 48.7407356 ] ] ] ] } },
{ "type": "Feature", "properties": { "fid": 215, "ogc_fid": 215, "gebnutzbez": "Gebaeude", "funktion": "Gebäude für Vorratshaltung", "lagebeztxt": null, "building_id": 215.0, "condition": "Medium", "notes": "Building in good condition\"\n\"No visible damage\"\n\"Well maintained\"", "photo": "DCIM/buildings_20260429170120983.jpg" }, "geometry": { "type": "MultiPolygon", "coordinates": [ [ [ [ 9.0942764, 48.7411082 ], [ 9.0942814, 48.7411537 ], [ 9.0939048, 48.7411713 ], [ 9.0938996, 48.7411258 ], [ 9.0942764, 48.7411082 ] ] ] ] } },
{ "type": "Feature", "properties": { "fid": 216, "ogc_fid": 216, "gebnutzbez": "Gebaeude", "funktion": "Betriebsgebäude", "lagebeztxt": "Allmandring 30B", "building_id": 216.0, "condition": "", "notes": "", "photo": "" }, "geometry": { "type": "MultiPolygon", "coordinates": [ [ [ [ 9.0934974, 48.7405941 ], [ 9.0935118, 48.7407314 ], [ 9.0933043, 48.7407411 ], [ 9.0932899, 48.7406037 ], [ 9.0934974, 48.7405941 ] ] ] ] } },
{ "type": "Feature", "properties": { "fid": 217, "ogc_fid": 217, "gebnutzbez": "Gebaeude", "funktion": "Gebäude für Vorratshaltung", "lagebeztxt": null, "building_id": 217.0, "condition": "", "notes": "", "photo": "" }, "geometry": { "type": "MultiPolygon", "coordinates": [ [ [ [ 9.0935521, 48.7409928 ], [ 9.0937371, 48.7409839 ], [ 9.0937377, 48.7409877 ], [ 9.0937423, 48.7409874 ], [ 9.0937449, 48.7410121 ], [ 9.0935549, 48.7410209 ], [ 9.0935521, 48.7409928 ] ] ] ] } },
{ "type": "Feature", "properties": { "fid": 218, "ogc_fid": 218, "gebnutzbez": "Gebaeude", "funktion": "Forschungsinstitut", "lagebeztxt": null, "building_id": 218.0, "condition": "", "notes": "", "photo": "" }, "geometry": { "type": "MultiPolygon", "coordinates": [ [ [ [ 9.0986664, 48.7417774 ], [ 9.0986645, 48.7417775 ], [ 9.0986627, 48.7417605 ], [ 9.0985208, 48.7417675 ], [ 9.098509, 48.7416543 ], [ 9.0986528, 48.7416476 ], [ 9.0986664, 48.7417774 ] ] ] ] } },
{ "type": "Feature", "properties": { "fid": 219, "ogc_fid": 219, "gebnutzbez": "Gebaeude", "funktion": "Sport-, Turnhalle", "lagebeztxt": "Allmandring 28B", "building_id": 219.0, "condition": "Medium", "notes": "Building in good condition\"\n\"No visible damage\"\n\"Well maintained\"", "photo": "DCIM/buildings_20260429165825076.jpg" }, "geometry": { "type": "MultiPolygon", "coordinates": [ [ [ [ 9.0950627, 48.7416179 ], [ 9.095038, 48.7417166 ], [ 9.0949643, 48.7417509 ], [ 9.0949589, 48.7417458 ], [ 9.0949494, 48.7417453 ], [ 9.0949463, 48.7417694 ], [ 9.0948223, 48.7417556 ], [ 9.0947957, 48.7418555 ], [ 9.0946918, 48.7418439 ], [ 9.094711, 48.7417663 ], [ 9.0945941, 48.7417535 ], [ 9.0944884, 48.7417422 ], [ 9.0942284, 48.7417141 ], [ 9.0942612, 48.7415818 ], [ 9.0943571, 48.7415922 ], [ 9.0944292, 48.7413001 ], [ 9.0949229, 48.7413533 ], [ 9.0949127, 48.7413945 ], [ 9.0950348, 48.7414078 ], [ 9.0950328, 48.7414157 ], [ 9.095035, 48.7414158 ], [ 9.0950178, 48.7414848 ], [ 9.0950169, 48.7414884 ], [ 9.0950461, 48.7414917 ], [ 9.0950925, 48.7414967 ], [ 9.0950929, 48.7414967 ], [ 9.0950627, 48.7416179 ] ] ] ] } },
{ "type": "Feature", "properties": { "fid": 220, "ogc_fid": 220, "gebnutzbez": "Gebaeude", "funktion": "Gebäude für Vorratshaltung", "lagebeztxt": null, "building_id": 220.0, "condition": "Medium", "notes": "Building in good condition\"\n\"No visible damage\"\n\"Well maintained\"", "photo": "DCIM/buildings_20260429165224048.jpg" }, "geometry": { "type": "MultiPolygon", "coordinates": [ [ [ [ 9.0977955, 48.7418696 ], [ 9.0978613, 48.7418667 ], [ 9.0978664, 48.7419158 ], [ 9.097706, 48.7419229 ], [ 9.0977032, 48.7418898 ], [ 9.0977728, 48.7418867 ], [ 9.0977955, 48.7418696 ] ] ] ] } },
{ "type": "Feature", "properties": { "fid": 221, "ogc_fid": 221, "gebnutzbez": "Gebaeude", "funktion": "Forschungsinstitut", "lagebeztxt": "Allmandring 37", "building_id": 221.0, "condition": "", "notes": "", "photo": "" }, "geometry": { "type": "MultiPolygon", "coordinates": [ [ [ [ 9.095946, 48.7405739 ], [ 9.0959337, 48.7404558 ], [ 9.0959419, 48.7404555 ], [ 9.0959401, 48.7404382 ], [ 9.0960671, 48.7404322 ], [ 9.0960672, 48.7404338 ], [ 9.0960841, 48.740433 ], [ 9.0961017, 48.7406004 ], [ 9.0962162, 48.740595 ], [ 9.0962169, 48.7406021 ], [ 9.0962181, 48.7406021 ], [ 9.0962392, 48.7408024 ], [ 9.0962307, 48.7408027 ], [ 9.0962328, 48.740821 ], [ 9.0961004, 48.7408269 ], [ 9.0961002, 48.7408254 ], [ 9.0960814, 48.7408264 ], [ 9.0960758, 48.7407727 ], [ 9.0959116, 48.7407803 ], [ 9.0959111, 48.7407749 ], [ 9.0958837, 48.7407763 ], [ 9.0958735, 48.7406797 ], [ 9.0958755, 48.7406796 ], [ 9.0958733, 48.7406584 ], [ 9.0959546, 48.7406545 ], [ 9.095946, 48.7405739 ] ] ] ] } },
{ "type": "Feature", "properties": { "fid": 222, "ogc_fid": 222, "gebnutzbez": "Gebaeude", "funktion": "Betriebsgebäude", "lagebeztxt": null, "building_id": 222.0, "condition": "", "notes": "", "photo": "" }, "geometry": { "type": "MultiPolygon", "coordinates": [ [ [ [ 9.0944884, 48.7417422 ], [ 9.0945941, 48.7417535 ], [ 9.0945896, 48.7417713 ], [ 9.0944839, 48.7417599 ], [ 9.0944884, 48.7417422 ] ] ] ] } },
{ "type": "Feature", "properties": { "fid": 223, "ogc_fid": 223, "gebnutzbez": "Gebaeude", "funktion": "Wohnhaus", "lagebeztxt": null, "building_id": 223.0, "condition": "", "notes": "", "photo": "" }, "geometry": { "type": "MultiPolygon", "coordinates": [ [ [ [ 9.0989441, 48.7449092 ], [ 9.0989677, 48.744908 ], [ 9.0989674, 48.7449048 ], [ 9.098987, 48.7449039 ], [ 9.0989873, 48.7449073 ], [ 9.0990108, 48.7449065 ], [ 9.0990104, 48.7449031 ], [ 9.0990326, 48.7449025 ], [ 9.0990327, 48.7449059 ], [ 9.0990585, 48.7449053 ], [ 9.0990656, 48.7449587 ], [ 9.0989247, 48.744965 ], [ 9.0988878, 48.7449666 ], [ 9.098888, 48.7449781 ], [ 9.0988385, 48.7449802 ], [ 9.0988328, 48.7449257 ], [ 9.0988373, 48.7449254 ], [ 9.098837, 48.7449224 ], [ 9.0988574, 48.7449215 ], [ 9.0988577, 48.7449243 ], [ 9.0988779, 48.7449234 ], [ 9.098877, 48.7449127 ], [ 9.0988812, 48.7449125 ], [ 9.0988809, 48.7449089 ], [ 9.0989006, 48.744908 ], [ 9.0989006, 48.7449111 ], [ 9.0989232, 48.7449102 ], [ 9.0989231, 48.744907 ], [ 9.0989435, 48.744906 ], [ 9.0989441, 48.7449092 ] ] ] ] } },
{ "type": "Feature", "properties": { "fid": 224, "ogc_fid": 224, "gebnutzbez": "Gebaeude", "funktion": "Forschungsinstitut", "lagebeztxt": "Allmandring 7B", "building_id": 224.0, "condition": "Good", "notes": "Building in good condition\"\n\"No visible damage\"\n\"Well maintained\"", "photo": "DCIM/buildings_20260428183051787.jpg" }, "geometry": { "type": "MultiPolygon", "coordinates": [ [ [ [ 9.0995342, 48.7436076 ], [ 9.0994615, 48.743611 ], [ 9.0989725, 48.7436335 ], [ 9.0989455, 48.7433779 ], [ 9.0989383, 48.7433103 ], [ 9.0994275, 48.7432877 ], [ 9.0995003, 48.7432843 ], [ 9.0995342, 48.7436076 ] ] ] ] } },
{ "type": "Feature", "properties": { "fid": 225, "ogc_fid": 225, "gebnutzbez": "Gebaeude", "funktion": "Forschungsinstitut", "lagebeztxt": "Nobelstraße 12L", "building_id": 225.0, "condition": "Good", "notes": "Building in good condition\"\n\"No visible damage\"\n\"Well maintained\"", "photo": "DCIM/buildings_20260429163737524.jpg" }, "geometry": { "type": "MultiPolygon", "coordinates": [ [ [ [ 9.0978801, 48.7408965 ], [ 9.0973346, 48.7409217 ], [ 9.0973338, 48.7409218 ], [ 9.0973147, 48.7407391 ], [ 9.0974173, 48.7407352 ], [ 9.0974354, 48.7407343 ], [ 9.0978611, 48.7407147 ], [ 9.0978801, 48.7408965 ] ] ] ] } },
{ "type": "Feature", "properties": { "fid": 226, "ogc_fid": 226, "gebnutzbez": "Gebaeude", "funktion": "Wohnhaus", "lagebeztxt": "Allmandring 15", "building_id": 226.0, "condition": "Bad", "notes": "\"Needs major repair\"\n\"Damaged facade\"\n\"Poor condition\"\n\"Structural issues visible\"", "photo": "DCIM/buildings_20260428184631492.jpg" }, "geometry": { "type": "MultiPolygon", "coordinates": [ [ [ [ 9.09759, 48.7437896 ], [ 9.0975255, 48.7437802 ], [ 9.0975288, 48.7437704 ], [ 9.0974726, 48.7437616 ], [ 9.0974833, 48.7437304 ], [ 9.097498, 48.7437327 ], [ 9.0975151, 48.7436831 ], [ 9.0975283, 48.7436852 ], [ 9.0975327, 48.7436724 ], [ 9.0975512, 48.7436759 ], [ 9.0975477, 48.7436421 ], [ 9.0974938, 48.7436445 ], [ 9.0974959, 48.7436644 ], [ 9.0974135, 48.7436682 ], [ 9.0974113, 48.7436485 ], [ 9.097365, 48.7436508 ], [ 9.0973624, 48.7436201 ], [ 9.0973171, 48.7436217 ], [ 9.0973206, 48.7436613 ], [ 9.0972905, 48.7436627 ], [ 9.0972914, 48.7436704 ], [ 9.0972594, 48.743672 ], [ 9.0972586, 48.7436642 ], [ 9.0972086, 48.7436666 ], [ 9.0972073, 48.7436536 ], [ 9.0971783, 48.7436549 ], [ 9.0971759, 48.7436357 ], [ 9.0971566, 48.7436366 ], [ 9.0971534, 48.743605 ], [ 9.0971446, 48.7436053 ], [ 9.0971415, 48.7435766 ], [ 9.0971935, 48.7435742 ], [ 9.0971956, 48.7435942 ], [ 9.097283, 48.7435902 ], [ 9.097285, 48.7436092 ], [ 9.0973705, 48.7436052 ], [ 9.0973639, 48.7435428 ], [ 9.0971547, 48.7435525 ], [ 9.097155, 48.7435549 ], [ 9.0970585, 48.7435594 ], [ 9.0970605, 48.7435794 ], [ 9.0970442, 48.74358 ], [ 9.0970467, 48.7436053 ], [ 9.0969782, 48.7436082 ], [ 9.0969757, 48.7435828 ], [ 9.0969462, 48.7435842 ], [ 9.0969441, 48.743562 ], [ 9.0969516, 48.7435616 ], [ 9.0969531, 48.7435475 ], [ 9.096953, 48.7435461 ], [ 9.096953, 48.7435446 ], [ 9.0969531, 48.7435431 ], [ 9.0969533, 48.7435416 ], [ 9.0969536, 48.7435402 ], [ 9.096954, 48.7435387 ], [ 9.0969545, 48.7435373 ], [ 9.0969552, 48.7435358 ], [ 9.0969559, 48.7435344 ], [ 9.0969567, 48.743533 ], [ 9.0969576, 48.7435317 ], [ 9.0969586, 48.7435304 ], [ 9.0969596, 48.7435291 ], [ 9.0969608, 48.7435278 ], [ 9.0969621, 48.7435266 ], [ 9.0969634, 48.7435254 ], [ 9.0969648, 48.7435242 ], [ 9.0969663, 48.7435231 ], [ 9.0969679, 48.7435221 ], [ 9.0969696, 48.7435211 ], [ 9.0969713, 48.7435201 ], [ 9.096973, 48.7435192 ], [ 9.0969749, 48.7435184 ], [ 9.0969768, 48.7435176 ], [ 9.0969787, 48.7435168 ], [ 9.0969807, 48.7435162 ], [ 9.0969828, 48.7435155 ], [ 9.0969848, 48.743515 ], [ 9.096987, 48.7435145 ], [ 9.0969891, 48.7435141 ], [ 9.0969913, 48.7435137 ], [ 9.0969935, 48.7435134 ], [ 9.0969957, 48.7435132 ], [ 9.0969979, 48.7435131 ], [ 9.0970194, 48.7435117 ], [ 9.097019, 48.7435052 ], [ 9.09707, 48.7435029 ], [ 9.0970689, 48.7434916 ], [ 9.0971021, 48.7434902 ], [ 9.0970995, 48.7434727 ], [ 9.0971254, 48.7434781 ], [ 9.0971467, 48.7434835 ], [ 9.0971475, 48.7434939 ], [ 9.0973036, 48.7434867 ], [ 9.0973084, 48.7435312 ], [ 9.0974191, 48.7435261 ], [ 9.0974124, 48.7434693 ], [ 9.0974523, 48.7434664 ], [ 9.0974516, 48.7434607 ], [ 9.097531, 48.7434573 ], [ 9.0975323, 48.7434701 ], [ 9.0975723, 48.7434682 ], [ 9.0975736, 48.74348 ], [ 9.0977018, 48.7434743 ], [ 9.097707, 48.7435337 ], [ 9.0977101, 48.7435675 ], [ 9.0975893, 48.7435721 ], [ 9.0975864, 48.7435386 ], [ 9.0975864, 48.7435384 ], [ 9.0975858, 48.7435327 ], [ 9.0975384, 48.7435346 ], [ 9.0975439, 48.7435971 ], [ 9.0975623, 48.7435966 ], [ 9.0975648, 48.7436091 ], [ 9.0976166, 48.7436065 ], [ 9.097624, 48.7436905 ], [ 9.0976116, 48.743691 ], [ 9.0976056, 48.7437073 ], [ 9.0976335, 48.7437115 ], [ 9.0976184, 48.7437542 ], [ 9.0976035, 48.7437518 ], [ 9.09759, 48.7437896 ] ] ] ] } },
{ "type": "Feature", "properties": { "fid": 227, "ogc_fid": 227, "gebnutzbez": "Gebaeude", "funktion": "Forschungsinstitut", "lagebeztxt": "Allmandring 9B", "building_id": 227.0, "condition": "Good", "notes": "Building in good condition\"\n\"No visible damage\"\n\"Well maintained\"", "photo": "DCIM/buildings_20260428183520616.jpg" }, "geometry": { "type": "MultiPolygon", "coordinates": [ [ [ [ 9.0988999, 48.743637 ], [ 9.098795, 48.7436418 ], [ 9.0986358, 48.7436489 ], [ 9.0986284, 48.7436493 ], [ 9.0984832, 48.743656 ], [ 9.0984815, 48.7436399 ], [ 9.0984495, 48.7433328 ], [ 9.0989383, 48.7433103 ], [ 9.0989455, 48.7433779 ], [ 9.0988729, 48.7433816 ], [ 9.0988999, 48.743637 ] ], [ [ 9.0986662, 48.7434241 ], [ 9.0986121, 48.7434265 ], [ 9.0986299, 48.7435966 ], [ 9.0986304, 48.7435966 ], [ 9.0986841, 48.7435941 ], [ 9.0987895, 48.7435893 ], [ 9.0987749, 48.7434523 ], [ 9.0987726, 48.7434294 ], [ 9.0987715, 48.7434193 ], [ 9.0986662, 48.7434241 ] ] ] ] } },
{ "type": "Feature", "properties": { "fid": 228, "ogc_fid": 228, "gebnutzbez": "Gebaeude", "funktion": "Forschungsinstitut", "lagebeztxt": "Allmandring 35", "building_id": 228.0, "condition": "Good", "notes": "Building in good condition\"\n\"No visible damage\"\n\"Well maintained\"", "photo": "DCIM/buildings_20260429165551093.jpg" }, "geometry": { "type": "MultiPolygon", "coordinates": [ [ [ [ 9.0963055, 48.7410019 ], [ 9.0963414, 48.7413381 ], [ 9.0963715, 48.741619 ], [ 9.0957202, 48.7416037 ], [ 9.0957508, 48.7410273 ], [ 9.0963055, 48.7410019 ] ], [ [ 9.0960586, 48.741047 ], [ 9.0959189, 48.7410536 ], [ 9.0959519, 48.7413664 ], [ 9.0959707, 48.7415432 ], [ 9.0961107, 48.7415371 ], [ 9.0960906, 48.7413491 ], [ 9.0960586, 48.741047 ] ] ] ] } },
{ "type": "Feature", "properties": { "fid": 229, "ogc_fid": 229, "gebnutzbez": "Gebaeude", "funktion": "Wohnhaus", "lagebeztxt": "Allmandring 14C", "building_id": 229.0, "condition": "Good", "notes": "Needs some repairmen", "photo": "DCIM/buildings_20260427182901702.jpg" }, "geometry": { "type": "MultiPolygon", "coordinates": [ [ [ [ 9.0995366, 48.7448134 ], [ 9.0994928, 48.7448154 ], [ 9.0994949, 48.7448297 ], [ 9.0994504, 48.7448313 ], [ 9.0994518, 48.7448479 ], [ 9.0994088, 48.7448498 ], [ 9.0994137, 48.7449057 ], [ 9.0993245, 48.7449087 ], [ 9.0993188, 48.7448528 ], [ 9.0993082, 48.7447505 ], [ 9.0992647, 48.7447524 ], [ 9.0992584, 48.7447063 ], [ 9.0993022, 48.7447035 ], [ 9.0993011, 48.7446893 ], [ 9.0993451, 48.7446865 ], [ 9.099344, 48.7446718 ], [ 9.0993877, 48.7446698 ], [ 9.0993849, 48.7446553 ], [ 9.0994762, 48.744651 ], [ 9.0994895, 48.744767 ], [ 9.0995305, 48.7447655 ], [ 9.0995366, 48.7448134 ] ] ] ] } },
{ "type": "Feature", "properties": { "fid": 230, "ogc_fid": 230, "gebnutzbez": "Gebaeude", "funktion": "Hochschulgebäude (Fachhochschule, Universität)", "lagebeztxt": "Allmandring 28F", "building_id": 230.0, "condition": "Medium", "notes": "Building in good condition\"\n\"No visible damage\"\n\"Well maintained\"", "photo": "DCIM/buildings_20260429165906275.jpg" }, "geometry": { "type": "MultiPolygon", "coordinates": [ [ [ [ 9.0951817, 48.741631 ], [ 9.0951793, 48.7416307 ], [ 9.0950654, 48.7416182 ], [ 9.0950627, 48.7416179 ], [ 9.0950929, 48.7414967 ], [ 9.0951477, 48.7412744 ], [ 9.0952668, 48.7412873 ], [ 9.0951817, 48.741631 ] ] ] ] } },
{ "type": "Feature", "properties": { "fid": 231, "ogc_fid": 231, "gebnutzbez": "Gebaeude", "funktion": "Betriebsgebäude", "lagebeztxt": null, "building_id": 231.0, "condition": "Medium", "notes": "Building in good condition\"\n\"No visible damage\"\n\"Well maintained\"", "photo": "DCIM/buildings_20260429162449235.jpg" }, "geometry": { "type": "MultiPolygon", "coordinates": [ [ [ [ 9.1000464, 48.7417815 ], [ 9.1000396, 48.7417263 ], [ 9.1001041, 48.7417228 ], [ 9.100103, 48.7417149 ], [ 9.1001302, 48.7417134 ], [ 9.100131, 48.7417213 ], [ 9.1001348, 48.7417212 ], [ 9.1001413, 48.7417765 ], [ 9.1000464, 48.7417815 ] ] ] ] } },
{ "type": "Feature", "properties": { "fid": 232, "ogc_fid": 232, "gebnutzbez": "Gebaeude", "funktion": "Betriebsgebäude", "lagebeztxt": "Allmandring 28C", "building_id": 232.0, "condition": "Medium", "notes": "Building in good condition\"\n\"No visible damage\"\n\"Well maintained\"", "photo": "DCIM/buildings_20260428192001893.jpg" }, "geometry": { "type": "MultiPolygon", "coordinates": [ [ [ [ 9.0954402, 48.7432507 ], [ 9.0953269, 48.7432466 ], [ 9.0953291, 48.7432214 ], [ 9.0951547, 48.7432159 ], [ 9.0951541, 48.7432283 ], [ 9.095003, 48.7432229 ], [ 9.0950083, 48.7431595 ], [ 9.095297, 48.7431699 ], [ 9.095295, 48.7431953 ], [ 9.0954442, 48.7432008 ], [ 9.0954402, 48.7432507 ] ] ] ] } },
{ "type": "Feature", "properties": { "fid": 233, "ogc_fid": 233, "gebnutzbez": "Gebaeude", "funktion": "Forschungsinstitut", "lagebeztxt": null, "building_id": 233.0, "condition": "", "notes": "", "photo": "" }, "geometry": { "type": "MultiPolygon", "coordinates": [ [ [ [ 9.095909, 48.7404999 ], [ 9.0958958, 48.7405004 ], [ 9.0958917, 48.7404604 ], [ 9.0959049, 48.7404597 ], [ 9.0959046, 48.7404572 ], [ 9.0959337, 48.7404558 ], [ 9.095946, 48.7405739 ], [ 9.0959176, 48.7405576 ], [ 9.0959151, 48.7405577 ], [ 9.0959142, 48.7405488 ], [ 9.0959012, 48.7405494 ], [ 9.0958968, 48.7405094 ], [ 9.09591, 48.7405087 ], [ 9.095909, 48.7404999 ] ] ] ] } },
{ "type": "Feature", "properties": { "fid": 234, "ogc_fid": 234, "gebnutzbez": "Gebaeude", "funktion": "Gebäude für Sportzwecke", "lagebeztxt": "Allmandring 28", "building_id": 234.0, "condition": "Medium", "notes": "Building in good condition\"\n\"No visible damage\"\n\"Well maintained\"", "photo": "DCIM/buildings_20260429165711978.jpg" }, "geometry": { "type": "MultiPolygon", "coordinates": [ [ [ [ 9.0947898, 48.7419721 ], [ 9.0948009, 48.7419272 ], [ 9.0947707, 48.7419239 ], [ 9.0947779, 48.7418958 ], [ 9.0948081, 48.7418989 ], [ 9.0948129, 48.7418789 ], [ 9.0948431, 48.7418822 ], [ 9.094848, 48.7418623 ], [ 9.0948779, 48.7418657 ], [ 9.0948832, 48.7418456 ], [ 9.0949055, 48.7418477 ], [ 9.0949099, 48.7418268 ], [ 9.0949393, 48.7418299 ], [ 9.0949341, 48.7418509 ], [ 9.0949938, 48.7418575 ], [ 9.0949955, 48.7418508 ], [ 9.0951992, 48.741873 ], [ 9.0951973, 48.7418806 ], [ 9.0951999, 48.741881 ], [ 9.0951869, 48.7419338 ], [ 9.0951842, 48.7419334 ], [ 9.0951823, 48.7419412 ], [ 9.0950819, 48.7419301 ], [ 9.0950642, 48.7420014 ], [ 9.0951546, 48.7420111 ], [ 9.0951542, 48.7420126 ], [ 9.0951573, 48.7420129 ], [ 9.095146, 48.7420588 ], [ 9.094728, 48.7420149 ], [ 9.0947299, 48.7420072 ], [ 9.0947271, 48.7420069 ], [ 9.0947368, 48.7419679 ], [ 9.0947395, 48.7419682 ], [ 9.0947399, 48.7419666 ], [ 9.0947898, 48.7419721 ] ] ] ] } },
{ "type": "Feature", "properties": { "fid": 235, "ogc_fid": 235, "gebnutzbez": "Gebaeude", "funktion": "Gebäude für Vorratshaltung", "lagebeztxt": null, "building_id": 235.0, "condition": "Medium", "notes": "Building in good condition\"\n\"No visible damage\"\n\"Well maintained\"", "photo": "DCIM/buildings_20260428193532802.jpg" }, "geometry": { "type": "MultiPolygon", "coordinates": [ [ [ [ 9.0959137, 48.742503 ], [ 9.0960519, 48.7424967 ], [ 9.0960541, 48.7425179 ], [ 9.0965942, 48.7424926 ], [ 9.0966083, 48.7426281 ], [ 9.0961814, 48.7426481 ], [ 9.0961765, 48.7426051 ], [ 9.0961354, 48.742607 ], [ 9.0961345, 48.7425988 ], [ 9.0959243, 48.7426082 ], [ 9.0959137, 48.742503 ] ] ] ] } },
{ "type": "Feature", "properties": { "fid": 236, "ogc_fid": 236, "gebnutzbez": "Gebaeude", "funktion": "Forschungsinstitut", "lagebeztxt": "Nobelstraße 12F", "building_id": 236.0, "condition": "Good", "notes": "Building in good condition\"\n\"No visible damage\"\n\"Well maintained\"", "photo": "DCIM/buildings_20260429163939122.jpg" }, "geometry": { "type": "MultiPolygon", "coordinates": [ [ [ [ 9.0966144, 48.7412711 ], [ 9.0966127, 48.7412556 ], [ 9.0964552, 48.7412626 ], [ 9.0964297, 48.7410205 ], [ 9.0965874, 48.7410132 ], [ 9.0965856, 48.7409951 ], [ 9.0967, 48.74099 ], [ 9.096723, 48.7409725 ], [ 9.0967183, 48.7409277 ], [ 9.0967198, 48.7409276 ], [ 9.0967184, 48.7409145 ], [ 9.0969101, 48.7409055 ], [ 9.0969128, 48.7409321 ], [ 9.0969731, 48.7409294 ], [ 9.0969802, 48.7409974 ], [ 9.0971032, 48.7409918 ], [ 9.0971095, 48.7410506 ], [ 9.0971311, 48.7410633 ], [ 9.0970964, 48.74109 ], [ 9.097099, 48.7411179 ], [ 9.0970936, 48.7411181 ], [ 9.0970934, 48.7411172 ], [ 9.0969858, 48.741122 ], [ 9.0969843, 48.7411231 ], [ 9.0969456, 48.7411527 ], [ 9.0969718, 48.7411682 ], [ 9.0969795, 48.7412418 ], [ 9.0969808, 48.7412417 ], [ 9.0969821, 48.7412542 ], [ 9.0966144, 48.7412711 ] ] ] ] } },
{ "type": "Feature", "properties": { "fid": 237, "ogc_fid": 237, "gebnutzbez": "Gebaeude", "funktion": "Forschungsinstitut", "lagebeztxt": null, "building_id": 237.0, "condition": "", "notes": "", "photo": "" }, "geometry": { "type": "MultiPolygon", "coordinates": [ [ [ [ 9.0994616, 48.7412112 ], [ 9.0995594, 48.741207 ], [ 9.0995607, 48.7412194 ], [ 9.0995573, 48.7412196 ], [ 9.0995711, 48.7413508 ], [ 9.09969, 48.7413453 ], [ 9.099696, 48.7414047 ], [ 9.0994793, 48.7414144 ], [ 9.099469, 48.7413139 ], [ 9.099472, 48.7413138 ], [ 9.0994616, 48.7412112 ] ] ] ] } },
{ "type": "Feature", "properties": { "fid": 238, "ogc_fid": 238, "gebnutzbez": "Gebaeude", "funktion": "Hochschulgebäude (Fachhochschule, Universität)", "lagebeztxt": null, "building_id": 238.0, "condition": "Medium", "notes": "Building in good condition\"\n\"No visible damage\"\n\"Well maintained\"", "photo": "DCIM/buildings_20260429165938974.jpg" }, "geometry": { "type": "MultiPolygon", "coordinates": [ [ [ [ 9.0951005, 48.7412693 ], [ 9.0951477, 48.7412744 ], [ 9.0950929, 48.7414967 ], [ 9.0950925, 48.7414967 ], [ 9.0950461, 48.7414917 ], [ 9.0950169, 48.7414884 ], [ 9.0950178, 48.7414848 ], [ 9.0950465, 48.741488 ], [ 9.0951005, 48.7412693 ] ] ] ] } },
{ "type": "Feature", "properties": { "fid": 239, "ogc_fid": 239, "gebnutzbez": "Gebaeude", "funktion": "Gebäude für Vorratshaltung", "lagebeztxt": null, "building_id": 239.0, "condition": "", "notes": "", "photo": "" }, "geometry": { "type": "MultiPolygon", "coordinates": [ [ [ [ 9.0960247, 48.7408755 ], [ 9.0960029, 48.7408765 ], [ 9.0960011, 48.7408584 ], [ 9.0961348, 48.7408523 ], [ 9.0961354, 48.7408568 ], [ 9.096288, 48.74085 ], [ 9.0962931, 48.7408992 ], [ 9.096137, 48.7409065 ], [ 9.0961365, 48.740902 ], [ 9.096028, 48.740907 ], [ 9.0960247, 48.7408755 ] ] ] ] } },
{ "type": "Feature", "properties": { "fid": 240, "ogc_fid": 240, "gebnutzbez": "Gebaeude", "funktion": "Betriebsgebäude", "lagebeztxt": null, "building_id": 240.0, "condition": "Good", "notes": "Building in good condition\"\n\"No visible damage\"\n\"Well maintained\"", "photo": "DCIM/buildings_20260429163314439.jpg" }, "geometry": { "type": "MultiPolygon", "coordinates": [ [ [ [ 9.0990421, 48.7404208 ], [ 9.0990776, 48.7404193 ], [ 9.0990896, 48.7404261 ], [ 9.0991081, 48.7404119 ], [ 9.0991309, 48.7404247 ], [ 9.0991351, 48.7404637 ], [ 9.0990962, 48.7404928 ], [ 9.0990382, 48.7404958 ], [ 9.0990157, 48.7404827 ], [ 9.0990346, 48.7404687 ], [ 9.0990215, 48.7404607 ], [ 9.0990189, 48.7404377 ], [ 9.0990421, 48.7404208 ] ] ] ] } },
{ "type": "Feature", "properties": { "fid": 241, "ogc_fid": 241, "gebnutzbez": "Gebaeude", "funktion": "Bürogebäude", "lagebeztxt": "Allmandring 30E", "building_id": 241.0, "condition": "Good", "notes": "Building in good condition\"\n\"No visible damage\"\n\"Well maintained\"", "photo": "DCIM/buildings_20260429170314374.jpg" }, "geometry": { "type": "MultiPolygon", "coordinates": [ [ [ [ 9.095293, 48.7405558 ], [ 9.0953044, 48.7406638 ], [ 9.0950639, 48.740675 ], [ 9.0950471, 48.7405158 ], [ 9.0952877, 48.7405047 ], [ 9.0952913, 48.7405399 ], [ 9.0952735, 48.7405407 ], [ 9.0952752, 48.7405566 ], [ 9.095293, 48.7405558 ] ] ] ] } },
{ "type": "Feature", "properties": { "fid": 242, "ogc_fid": 242, "gebnutzbez": "Gebaeude", "funktion": "Verwaltungsgebäude", "lagebeztxt": "Allmandring 30", "building_id": 242.0, "condition": "Good", "notes": "", "photo": "DCIM/buildings_20260429170402320.jpg" }, "geometry": { "type": "MultiPolygon", "coordinates": [ [ [ [ 9.0953126, 48.7399807 ], [ 9.0953141, 48.7399836 ], [ 9.0953154, 48.7399865 ], [ 9.0953167, 48.7399894 ], [ 9.0953179, 48.7399923 ], [ 9.0953189, 48.7399952 ], [ 9.0953199, 48.7399981 ], [ 9.0953208, 48.7400011 ], [ 9.0953216, 48.7400041 ], [ 9.0953223, 48.740007 ], [ 9.0953228, 48.74001 ], [ 9.0953233, 48.740013 ], [ 9.0953237, 48.740016 ], [ 9.0953239, 48.740019 ], [ 9.0953241, 48.740022 ], [ 9.0953242, 48.740025 ], [ 9.0953241, 48.7400281 ], [ 9.095324, 48.7400311 ], [ 9.0953238, 48.7400341 ], [ 9.0953234, 48.7400371 ], [ 9.095323, 48.7400401 ], [ 9.0953224, 48.7400431 ], [ 9.0953218, 48.740046 ], [ 9.095321, 48.740049 ], [ 9.0953202, 48.740052 ], [ 9.0953211, 48.7400732 ], [ 9.0950065, 48.7400875 ], [ 9.0950065, 48.7400878 ], [ 9.0950067, 48.7400889 ], [ 9.0950068, 48.74009 ], [ 9.0950068, 48.7400912 ], [ 9.0950066, 48.7400923 ], [ 9.0950064, 48.7400934 ], [ 9.0950061, 48.7400945 ], [ 9.0950056, 48.7400956 ], [ 9.0950051, 48.7400967 ], [ 9.0950044, 48.7400977 ], [ 9.0950037, 48.7400988 ], [ 9.0950028, 48.7400997 ], [ 9.0950019, 48.7401007 ], [ 9.0950009, 48.7401016 ], [ 9.0949997, 48.7401025 ], [ 9.0949986, 48.7401033 ], [ 9.0949973, 48.740104 ], [ 9.094996, 48.7401048 ], [ 9.0949946, 48.7401054 ], [ 9.0949931, 48.740106 ], [ 9.0949916, 48.7401065 ], [ 9.09499, 48.740107 ], [ 9.0949884, 48.7401074 ], [ 9.0949868, 48.7401077 ], [ 9.0949851, 48.740108 ], [ 9.0949834, 48.7401082 ], [ 9.0949817, 48.7401083 ], [ 9.09498, 48.7401084 ], [ 9.0949783, 48.7401083 ], [ 9.0949766, 48.7401082 ], [ 9.0949749, 48.7401081 ], [ 9.0949732, 48.7401078 ], [ 9.0949716, 48.7401075 ], [ 9.0949699, 48.7401072 ], [ 9.0949684, 48.7401067 ], [ 9.0949668, 48.7401062 ], [ 9.0949653, 48.7401057 ], [ 9.0949639, 48.740105 ], [ 9.0949626, 48.7401044 ], [ 9.0949613, 48.7401036 ], [ 9.09496, 48.7401028 ], [ 9.0949589, 48.740102 ], [ 9.0949578, 48.7401011 ], [ 9.0949569, 48.7401002 ], [ 9.094956, 48.7400992 ], [ 9.0949552, 48.7400982 ], [ 9.0949545, 48.7400971 ], [ 9.0949539, 48.7400961 ], [ 9.0949534, 48.740095 ], [ 9.094953, 48.7400939 ], [ 9.0949527, 48.7400928 ], [ 9.0949526, 48.7400916 ], [ 9.0949525, 48.7400905 ], [ 9.0949524, 48.74009 ], [ 9.0943281, 48.7401183 ], [ 9.0943161, 48.7400045 ], [ 9.0949883, 48.7399741 ], [ 9.0949881, 48.7399729 ], [ 9.0949879, 48.7399718 ], [ 9.0949879, 48.7399706 ], [ 9.094988, 48.7399695 ], [ 9.0949882, 48.7399683 ], [ 9.0949884, 48.7399672 ], [ 9.0949888, 48.739966 ], [ 9.0949893, 48.7399649 ], [ 9.0949899, 48.7399638 ], [ 9.0949905, 48.7399628 ], [ 9.0949913, 48.7399617 ], [ 9.0949922, 48.7399607 ], [ 9.0949931, 48.7399598 ], [ 9.0949942, 48.7399588 ], [ 9.0949953, 48.7399579 ], [ 9.0949965, 48.7399571 ], [ 9.0949978, 48.7399563 ], [ 9.0949991, 48.7399556 ], [ 9.0950005, 48.7399549 ], [ 9.095002, 48.7399542 ], [ 9.0950035, 48.7399537 ], [ 9.0950051, 48.7399532 ], [ 9.0950067, 48.7399527 ], [ 9.0950084, 48.7399523 ], [ 9.09501, 48.739952 ], [ 9.0950117, 48.7399518 ], [ 9.0950135, 48.7399516 ], [ 9.0950152, 48.7399515 ], [ 9.095017, 48.7399514 ], [ 9.0950187, 48.7399515 ], [ 9.0950204, 48.7399515 ], [ 9.0950222, 48.7399517 ], [ 9.0950239, 48.7399519 ], [ 9.0950256, 48.7399522 ], [ 9.0950272, 48.7399526 ], [ 9.0950289, 48.739953 ], [ 9.0950305, 48.7399535 ], [ 9.095032, 48.7399541 ], [ 9.0950335, 48.7399547 ], [ 9.0950349, 48.7399553 ], [ 9.0950363, 48.7399561 ], [ 9.0950376, 48.7399569 ], [ 9.0950388, 48.7399577 ], [ 9.0950399, 48.7399586 ], [ 9.095041, 48.7399595 ], [ 9.095042, 48.7399604 ], [ 9.0950429, 48.7399614 ], [ 9.0950437, 48.7399624 ], [ 9.0950444, 48.7399635 ], [ 9.095045, 48.7399646 ], [ 9.0950455, 48.7399657 ], [ 9.0950459, 48.7399668 ], [ 9.0950462, 48.739968 ], [ 9.0950464, 48.7399691 ], [ 9.0950465, 48.7399703 ], [ 9.0950465, 48.7399714 ], [ 9.0953094, 48.7399593 ], [ 9.0953126, 48.7399807 ] ] ] ] } },
{ "type": "Feature", "properties": { "fid": 243, "ogc_fid": 243, "gebnutzbez": "Gebaeude", "funktion": "Betriebsgebäude", "lagebeztxt": null, "building_id": 243.0, "condition": "Good", "notes": "Building in good condition\"\n\"No visible damage\"\n\"Well maintained\"", "photo": "DCIM/buildings_20260428185102841.jpg" }, "geometry": { "type": "MultiPolygon", "coordinates": [ [ [ [ 9.0965179, 48.7436027 ], [ 9.0965177, 48.7435416 ], [ 9.0966102, 48.7435414 ], [ 9.0966104, 48.7436024 ], [ 9.0965179, 48.7436027 ] ] ] ] } },
{ "type": "Feature", "properties": { "fid": 244, "ogc_fid": 244, "gebnutzbez": "Gebaeude", "funktion": "Gaststätte, Restaurant", "lagebeztxt": "Allmandring 17", "building_id": 244.0, "condition": "Medium", "notes": "Building in good condition\"\n\"No visible damage\"\n\"Well maintained\"", "photo": "DCIM/buildings_20260428185647596.jpg" }, "geometry": { "type": "MultiPolygon", "coordinates": [ [ [ [ 9.0972971, 48.7432188 ], [ 9.0972951, 48.7431963 ], [ 9.0972612, 48.7431978 ], [ 9.0972518, 48.7431041 ], [ 9.0972795, 48.7431029 ], [ 9.0973202, 48.743101 ], [ 9.0973167, 48.7430677 ], [ 9.0973506, 48.7430668 ], [ 9.0973493, 48.743055 ], [ 9.0973835, 48.7430539 ], [ 9.0973824, 48.7430422 ], [ 9.0974213, 48.7430404 ], [ 9.0974236, 48.7430633 ], [ 9.097452, 48.7430622 ], [ 9.0974509, 48.7430503 ], [ 9.0975242, 48.7430471 ], [ 9.0975267, 48.74307 ], [ 9.0975606, 48.743068 ], [ 9.0975656, 48.7431166 ], [ 9.0974987, 48.7431201 ], [ 9.0975012, 48.7431472 ], [ 9.0975051, 48.7431877 ], [ 9.0974709, 48.7431892 ], [ 9.097473, 48.7432116 ], [ 9.0972971, 48.7432188 ] ] ] ] } },
{ "type": "Feature", "properties": { "fid": 245, "ogc_fid": 245, "gebnutzbez": "Gebaeude", "funktion": "Wohnhaus", "lagebeztxt": "Allmandring 28A", "building_id": 245.0, "condition": "Medium", "notes": "Building in good condition\"\n\"No visible damage\"\n\"Well maintained\"", "photo": "DCIM/buildings_20260428192257614.jpg" }, "geometry": { "type": "MultiPolygon", "coordinates": [ [ [ [ 9.0955149, 48.7428665 ], [ 9.0955323, 48.7430371 ], [ 9.0954521, 48.7430408 ], [ 9.0954363, 48.7428965 ], [ 9.0954635, 48.7428953 ], [ 9.0954607, 48.742869 ], [ 9.0955149, 48.7428665 ] ] ] ] } },
{ "type": "Feature", "properties": { "fid": 246, "ogc_fid": 246, "gebnutzbez": "Gebaeude", "funktion": "Gebäude für Vorratshaltung", "lagebeztxt": null, "building_id": 246.0, "condition": "", "notes": "", "photo": "" }, "geometry": { "type": "MultiPolygon", "coordinates": [ [ [ [ 9.0991786, 48.7401032 ], [ 9.0991706, 48.7400309 ], [ 9.0992116, 48.7400288 ], [ 9.0992197, 48.7401012 ], [ 9.0991786, 48.7401032 ] ] ] ] } },
{ "type": "Feature", "properties": { "fid": 247, "ogc_fid": 247, "gebnutzbez": "Gebaeude", "funktion": "Forschungsinstitut", "lagebeztxt": "Nobelstraße 15", "building_id": 247.0, "condition": "Good", "notes": "Building in good condition\"\n\"No visible damage\"\n\"Well maintained\"", "photo": "DCIM/buildings_20260429164144492.jpg" }, "geometry": { "type": "MultiPolygon", "coordinates": [ [ [ [ 9.0979628, 48.7397546 ], [ 9.0979547, 48.7396783 ], [ 9.0979241, 48.7396798 ], [ 9.0979187, 48.739628 ], [ 9.0980043, 48.739624 ], [ 9.0980683, 48.7396212 ], [ 9.098059, 48.7395327 ], [ 9.097995, 48.7395356 ], [ 9.0979094, 48.7395396 ], [ 9.097904, 48.7394878 ], [ 9.0979346, 48.7394865 ], [ 9.0979269, 48.7394104 ], [ 9.0989515, 48.7393637 ], [ 9.0989595, 48.7394397 ], [ 9.0989904, 48.7394383 ], [ 9.0989958, 48.7394902 ], [ 9.09891, 48.7394941 ], [ 9.0988458, 48.7394971 ], [ 9.0988552, 48.7395855 ], [ 9.0989194, 48.7395825 ], [ 9.0990051, 48.7395786 ], [ 9.0990106, 48.7396304 ], [ 9.0989799, 48.7396317 ], [ 9.0989881, 48.7397079 ], [ 9.0979628, 48.7397546 ] ] ] ] } },
{ "type": "Feature", "properties": { "fid": 248, "ogc_fid": 248, "gebnutzbez": "Gebaeude", "funktion": "Garage", "lagebeztxt": "Allmandring 28/2", "building_id": 248.0, "condition": "Bad", "notes": "\"Needs major repair\"\n\"Damaged facade\"\n\"Poor condition\"\n\"Structural issues visible\"", "photo": "DCIM/buildings_20260428192125172.jpg" }, "geometry": { "type": "MultiPolygon", "coordinates": [ [ [ [ 9.0955779, 48.7431188 ], [ 9.0955854, 48.7431898 ], [ 9.0955345, 48.743192 ], [ 9.095527, 48.7431211 ], [ 9.0955779, 48.7431188 ] ] ] ] } },
{ "type": "Feature", "properties": { "fid": 249, "ogc_fid": 249, "gebnutzbez": "Gebaeude", "funktion": "Forschungsinstitut", "lagebeztxt": "Nobelstraße 12H", "building_id": 249.0, "condition": "", "notes": "", "photo": "" }, "geometry": { "type": "MultiPolygon", "coordinates": [ [ [ [ 9.0979146, 48.7412049 ], [ 9.0977402, 48.7412128 ], [ 9.0976711, 48.741216 ], [ 9.097362, 48.7412301 ], [ 9.0973497, 48.7411099 ], [ 9.0973526, 48.7411098 ], [ 9.0973597, 48.7411095 ], [ 9.0973539, 48.7410532 ], [ 9.0973468, 48.7410535 ], [ 9.0973123, 48.7410551 ], [ 9.0973095, 48.7410282 ], [ 9.0973511, 48.7410263 ], [ 9.0973504, 48.7410199 ], [ 9.0973405, 48.7410203 ], [ 9.0973305, 48.7409253 ], [ 9.097335, 48.7409251 ], [ 9.0973346, 48.7409217 ], [ 9.0978801, 48.7408965 ], [ 9.0978861, 48.7409434 ], [ 9.0978837, 48.7409435 ], [ 9.0978958, 48.7410623 ], [ 9.0979391, 48.7410602 ], [ 9.0979661, 48.7411011 ], [ 9.0979313, 48.7411111 ], [ 9.0979097, 48.7410784 ], [ 9.0978977, 48.7410791 ], [ 9.097899, 48.7410886 ], [ 9.0979018, 48.7410885 ], [ 9.0979146, 48.7412049 ] ] ] ] } },
{ "type": "Feature", "properties": { "fid": 250, "ogc_fid": 250, "gebnutzbez": "Gebaeude", "funktion": "Forschungsinstitut", "lagebeztxt": "Nobelstraße 12K", "building_id": 250.0, "condition": "Good", "notes": "Building in good condition\"\n\"No visible damage\"\n\"Well maintained\"", "photo": "DCIM/buildings_20260429164106119.jpg" }, "geometry": { "type": "MultiPolygon", "coordinates": [ [ [ [ 9.0979393, 48.7406755 ], [ 9.0978574, 48.7406792 ], [ 9.0978611, 48.7407147 ], [ 9.0974354, 48.7407343 ], [ 9.0974173, 48.7407352 ], [ 9.0974136, 48.7406997 ], [ 9.0974316, 48.7406988 ], [ 9.097437, 48.7406986 ], [ 9.0974209, 48.7405452 ], [ 9.0973977, 48.7405463 ], [ 9.0973941, 48.7405108 ], [ 9.0974173, 48.7405097 ], [ 9.0974146, 48.7404852 ], [ 9.0973912, 48.7404862 ], [ 9.0973809, 48.7403833 ], [ 9.0975761, 48.7403743 ], [ 9.097579, 48.7404023 ], [ 9.0977426, 48.7403948 ], [ 9.0977455, 48.7404227 ], [ 9.097912, 48.740415 ], [ 9.0979125, 48.7404202 ], [ 9.0979208, 48.7405002 ], [ 9.0979393, 48.7406755 ] ] ] ] } },
{ "type": "Feature", "properties": { "fid": 251, "ogc_fid": 251, "gebnutzbez": "Gebaeude", "funktion": "Betriebsgebäude", "lagebeztxt": null, "building_id": 251.0, "condition": "", "notes": "", "photo": "" }, "geometry": { "type": "MultiPolygon", "coordinates": [ [ [ [ 9.0965104, 48.7407422 ], [ 9.0964978, 48.740624 ], [ 9.0966129, 48.7406186 ], [ 9.0966253, 48.7407371 ], [ 9.0965104, 48.7407422 ] ] ] ] } },
{ "type": "Feature", "properties": { "fid": 252, "ogc_fid": 252, "gebnutzbez": "Gebaeude", "funktion": "Tiefgarage", "lagebeztxt": null, "building_id": 252.0, "condition": "Good", "notes": "Building in good condition\"\n\"No visible damage\"\n\"Well maintained\"", "photo": "DCIM/buildings_20260429163151855.jpg" }, "geometry": { "type": "MultiPolygon", "coordinates": [ [ [ [ 9.1005818, 48.7396625 ], [ 9.1007694, 48.7396534 ], [ 9.1007876, 48.7398144 ], [ 9.1008561, 48.739811 ], [ 9.1008994, 48.7402162 ], [ 9.1001673, 48.7401667 ], [ 9.1001329, 48.7398455 ], [ 9.1006957, 48.7398188 ], [ 9.1006897, 48.7397654 ], [ 9.1006894, 48.7397628 ], [ 9.1006887, 48.7397611 ], [ 9.1006878, 48.7397594 ], [ 9.1006869, 48.7397578 ], [ 9.1006858, 48.7397561 ], [ 9.1006847, 48.7397545 ], [ 9.1006835, 48.739753 ], [ 9.1006822, 48.7397514 ], [ 9.1006808, 48.7397499 ], [ 9.1006793, 48.7397484 ], [ 9.1006778, 48.739747 ], [ 9.1006761, 48.7397456 ], [ 9.1006744, 48.7397443 ], [ 9.1006726, 48.739743 ], [ 9.1006707, 48.7397417 ], [ 9.1006688, 48.7397405 ], [ 9.1006668, 48.7397393 ], [ 9.1006647, 48.7397382 ], [ 9.1006626, 48.7397372 ], [ 9.1006604, 48.7397362 ], [ 9.1006581, 48.7397352 ], [ 9.1006558, 48.7397343 ], [ 9.1006535, 48.7397335 ], [ 9.1006511, 48.7397327 ], [ 9.1006486, 48.739732 ], [ 9.1006462, 48.7397313 ], [ 9.1006436, 48.7397307 ], [ 9.1006411, 48.7397302 ], [ 9.1006385, 48.7397298 ], [ 9.1006359, 48.7397294 ], [ 9.1006333, 48.739729 ], [ 9.1006307, 48.7397288 ], [ 9.100628, 48.7397286 ], [ 9.1005897, 48.7397304 ], [ 9.1005818, 48.7396625 ] ] ] ] } }
]
}
