{
"type": "FeatureCollection",
"name": "observed_buildings_tile3",
"crs": { "type": "name", "properties": { "name": "urn:ogc:def:crs:EPSG::25832" } },
"features": [
{ "type": "Feature", "properties": { "fid": 5, "gml_id": "DEBW_522pp000069", "creationDate": "2025-01-08", "informationSystem": "http://repository.gdi-de.org/schemas/adv/citygml/fdv/art.htm#_9100", "name": "DEBWL522pp000069", "Gemeindeschluessel": "08111000", "Geometrietyp2DReferenz": 3000, "DatenquelleDachhoehe": [ 1000 ], "Grundrissaktualitaet": "2024-04-01", "DatenquelleBodenhoehe": [ 1100 ], "DatenquelleLage": [ 1000 ], "function": "31001_2723", "roofType": 1000, "measuredHeight": 3.354, "measuredHeight_uom": "urn:adv:uom:m", "CountryName": "Germany", "LocalityName": "Stuttgart", "ThoroughfareName": "Allmandring", "consistsOfBuildingPart|BuildingPart|creationDate": null, "consistsOfBuildingPart|BuildingPart|roofType": null, "consistsOfBuildingPart|BuildingPart|measuredHeight": null, "consistsOfBuildingPart|BuildingPart|measuredHeight_uom": null, "ThoroughfareNumber": null, "name_": null }, "geometry": { "type": "MultiLineString", "coordinates": [ [ [ 507163.06, 5398923.820000000298023, 457.758 ], [ 507163.5, 5398923.791000000201166, 457.927 ], [ 507164.5, 5398923.727, 458.046 ], [ 507165.5, 5398923.661999999545515, 458.029 ], [ 507166.5, 5398923.597, 458.012 ], [ 507167.5, 5398923.531999999657273, 458.0 ], [ 507167.994, 5398923.5, 457.993 ], [ 507168.5, 5398923.467000000178814, 457.981 ], [ 507169.5, 5398923.401999999769032, 457.958 ], [ 507170.5, 5398923.338000000454485, 457.937 ], [ 507171.5, 5398923.273, 457.918 ], [ 507172.5, 5398923.207999999634922, 457.902 ], [ 507173.5, 5398923.143000000156462, 457.892 ], [ 507174.5, 5398923.07799999974668, 457.877 ], [ 507175.5, 5398923.013000000268221, 457.848 ], [ 507175.549999999988358, 5398923.009999999776483, 457.848 ], [ 507175.583999999973457, 5398923.5, 457.813 ], [ 507175.652, 5398924.5, 457.749 ], [ 507175.721000000019558, 5398925.5, 457.681 ], [ 507175.788999999989755, 5398926.5, 457.627 ], [ 507175.858, 5398927.5, 457.574 ], [ 507175.925999999977648, 5398928.5, 457.511 ], [ 507175.995, 5398929.5, 457.462 ], [ 507176.020000000018626, 5398929.870000000111759, 457.451 ], [ 507175.5, 5398929.903, 457.44 ], [ 507174.5, 5398929.966, 457.385 ], [ 507173.5, 5398930.029, 457.337 ], [ 507172.5, 5398930.092000000178814, 457.297 ], [ 507171.5, 5398930.156000000424683, 457.275 ], [ 507170.5, 5398930.218999999575317, 457.278 ], [ 507169.5, 5398930.281999999657273, 457.284 ], [ 507168.5, 5398930.34499999973923, 457.283 ], [ 507167.5, 5398930.407999999821186, 457.275 ], [ 507166.5, 5398930.472, 457.269 ], [ 507166.052000000025146, 5398930.5, 457.268 ], [ 507165.5, 5398930.535000000149012, 457.269 ], [ 507164.5, 5398930.598000000230968, 457.262 ], [ 507163.520000000018626, 5398930.660000000149012, 457.24 ], [ 507163.509000000020023, 5398930.5, 457.249 ], [ 507163.5, 5398930.362999999895692, 457.261 ], [ 507163.441999999980908, 5398929.5, 457.274 ], [ 507163.375, 5398928.5, 457.311 ], [ 507163.306999999971595, 5398927.5, 457.358 ], [ 507163.24, 5398926.5, 457.404 ], [ 507163.173, 5398925.5, 457.471 ], [ 507163.106000000028871, 5398924.5, 457.597 ], [ 507163.06, 5398923.820000000298023, 457.758 ] ] ] } },
{ "type": "Feature", "properties": { "fid": 26, "gml_id": "DEBW_5221000Qukx", "creationDate": "2025-01-08", "informationSystem": "http://repository.gdi-de.org/schemas/adv/citygml/fdv/art.htm#_9100", "name": "DEBWL5221000Qukx", "Gemeindeschluessel": "08111000", "Geometrietyp2DReferenz": 3000, "DatenquelleDachhoehe": [ 1000 ], "Grundrissaktualitaet": "2024-04-01", "DatenquelleBodenhoehe": [ 1100 ], "DatenquelleLage": [ 1000 ], "function": "31001_2112", "roofType": 1000, "measuredHeight": 5.922, "measuredHeight_uom": "urn:adv:uom:m", "CountryName": "Germany", "LocalityName": "Stuttgart", "ThoroughfareName": "Nobelstraße", "consistsOfBuildingPart|BuildingPart|creationDate": null, "consistsOfBuildingPart|BuildingPart|roofType": null, "consistsOfBuildingPart|BuildingPart|measuredHeight": null, "consistsOfBuildingPart|BuildingPart|measuredHeight_uom": null, "ThoroughfareNumber": null, "name_": null }, "geometry": { "type": "MultiLineString", "coordinates": [ [ [ 507391.960000000020955, 5398657.660000000149012, 456.352 ], [ 507392.5, 5398657.622999999672174, 456.352 ], [ 507393.5, 5398657.554999999701977, 456.366 ], [ 507394.318000000028405, 5398657.5, 456.377 ], [ 507394.5, 5398657.487999999895692, 456.374 ], [ 507395.5, 5398657.42, 456.375 ], [ 507396.5, 5398657.352, 456.372 ], [ 507397.5, 5398657.284, 456.368 ], [ 507398.5, 5398657.216, 456.366 ], [ 507399.5, 5398657.148, 456.356 ], [ 507400.5, 5398657.08, 456.349 ], [ 507401.5, 5398657.013000000268221, 456.339 ], [ 507402.5, 5398656.945000000298023, 456.343 ], [ 507403.5, 5398656.877000000327826, 456.363 ], [ 507404.5, 5398656.809000000357628, 456.373 ], [ 507405.5, 5398656.74100000038743, 456.364 ], [ 507406.5, 5398656.673000000417233, 456.348 ], [ 507407.5, 5398656.605000000447035, 456.362 ], [ 507408.5, 5398656.537999999709427, 456.384 ], [ 507409.055, 5398656.5, 456.385 ], [ 507409.5, 5398656.46999999973923, 456.368 ], [ 507410.5, 5398656.401999999769032, 456.353 ], [ 507411.5, 5398656.333999999798834, 456.34 ], [ 507412.5, 5398656.265999999828637, 456.333 ], [ 507413.5, 5398656.197999999858439, 456.335 ], [ 507414.5, 5398656.129999999888241, 456.35 ], [ 507415.5, 5398656.063, 456.372 ], [ 507416.5, 5398655.995000000111759, 456.388 ], [ 507417.5, 5398655.927000000141561, 456.393 ], [ 507418.5, 5398655.859000000171363, 456.392 ], [ 507419.5, 5398655.791000000201166, 456.391 ], [ 507420.5, 5398655.723000000230968, 456.399 ], [ 507421.5, 5398655.65500000026077, 456.415 ], [ 507422.5, 5398655.588000000454485, 456.433 ], [ 507423.5, 5398655.519999999552965, 456.452 ], [ 507423.791000000026543, 5398655.5, 456.454 ], [ 507424.5, 5398655.451999999582767, 456.443 ], [ 507425.5, 5398655.38399999961257, 456.422 ], [ 507426.5, 5398655.315999999642372, 456.407 ], [ 507427.5, 5398655.247999999672174, 456.396 ], [ 507428.5, 5398655.179999999701977, 456.33 ], [ 507429.5, 5398655.112999999895692, 456.192 ], [ 507430.5, 5398655.045, 455.88 ], [ 507430.57, 5398655.04, 455.865 ], [ 507430.606000000028871, 5398655.5, 455.843 ], [ 507430.60999999998603, 5398655.549999999813735, 455.845 ], [ 507430.674999999988358, 5398656.5, 455.847 ], [ 507430.743000000016764, 5398657.5, 455.913 ], [ 507430.811999999976251, 5398658.5, 455.971 ], [ 507430.88, 5398659.5, 456.011 ], [ 507430.947999999974854, 5398660.5, 456.045 ], [ 507431.017, 5398661.5, 456.079 ], [ 507431.085000000020955, 5398662.5, 456.115 ], [ 507431.153, 5398663.5, 456.154 ], [ 507431.221000000019558, 5398664.5, 456.197 ], [ 507431.289999999979045, 5398665.5, 456.242 ], [ 507431.358, 5398666.5, 456.285 ], [ 507431.425999999977648, 5398667.5, 456.325 ], [ 507431.495, 5398668.5, 456.363 ], [ 507431.5, 5398668.576000000350177, 456.355 ], [ 507431.563000000023749, 5398669.5, 456.389 ], [ 507431.631, 5398670.5, 456.424 ], [ 507431.700000000011642, 5398671.5, 456.457 ], [ 507431.767999999981839, 5398672.5, 456.49 ], [ 507431.836000000010245, 5398673.5, 456.511 ], [ 507431.90500000002794, 5398674.5, 456.504 ], [ 507431.973, 5398675.5, 456.507 ], [ 507432.039999999979045, 5398676.480000000447035, 456.515 ], [ 507431.74900000001071, 5398676.5, 456.569 ], [ 507431.5, 5398676.517, 456.603 ], [ 507430.5, 5398676.58600000012666, 456.657 ], [ 507429.5, 5398676.654, 456.634 ], [ 507428.5, 5398676.723000000230968, 456.612 ], [ 507427.5, 5398676.792000000365078, 456.604 ], [ 507426.5, 5398676.860000000335276, 456.616 ], [ 507425.5, 5398676.928999999538064, 456.632 ], [ 507424.5, 5398676.997999999672174, 456.586 ], [ 507423.5, 5398677.065999999642372, 456.458 ], [ 507422.5, 5398677.134999999776483, 456.418 ], [ 507421.5, 5398677.204, 456.496 ], [ 507420.5, 5398677.271999999880791, 456.561 ], [ 507419.5, 5398677.341, 456.585 ], [ 507418.5, 5398677.410000000149012, 456.581 ], [ 507417.5, 5398677.478000000119209, 456.555 ], [ 507417.183000000019092, 5398677.5, 456.54 ], [ 507416.5, 5398677.54700000025332, 456.525 ], [ 507415.5, 5398677.61600000038743, 456.525 ], [ 507414.5, 5398677.684000000357628, 456.542 ], [ 507413.5, 5398677.752999999560416, 456.551 ], [ 507412.5, 5398677.821000000461936, 456.554 ], [ 507411.5, 5398677.889999999664724, 456.56 ], [ 507410.5, 5398677.958999999798834, 456.58 ], [ 507409.5, 5398678.026999999769032, 456.613 ], [ 507408.5, 5398678.096, 456.626 ], [ 507407.5, 5398678.165, 456.61 ], [ 507406.5, 5398678.233, 456.65 ], [ 507405.5, 5398678.302000000141561, 456.812 ], [ 507404.5, 5398678.371000000275671, 456.938 ], [ 507403.5, 5398678.439000000245869, 456.917 ], [ 507402.617000000027474, 5398678.5, 456.878 ], [ 507402.5, 5398678.50800000037998, 456.874 ], [ 507401.5, 5398678.576999999582767, 456.824 ], [ 507400.5, 5398678.644999999552965, 456.752 ], [ 507399.5, 5398678.713999999687076, 456.675 ], [ 507398.5, 5398678.782999999821186, 456.615 ], [ 507397.5, 5398678.850999999791384, 456.578 ], [ 507396.5, 5398678.92, 456.54 ], [ 507395.5, 5398678.989, 456.529 ], [ 507394.5, 5398679.057, 456.546 ], [ 507393.5, 5398679.126000000163913, 456.555 ], [ 507393.44, 5398679.129999999888241, 456.563 ], [ 507393.397, 5398678.5, 456.544 ], [ 507393.327999999979511, 5398677.5, 456.509 ], [ 507393.259000000020023, 5398676.5, 456.492 ], [ 507393.19, 5398675.5, 456.51 ], [ 507393.120999999984633, 5398674.5, 456.531 ], [ 507393.052000000025146, 5398673.5, 456.504 ], [ 507392.983, 5398672.5, 456.479 ], [ 507392.913999999989755, 5398671.5, 456.474 ], [ 507392.84499999997206, 5398670.5, 456.475 ], [ 507392.776000000012573, 5398669.5, 456.459 ], [ 507392.707, 5398668.5, 456.435 ], [ 507392.637999999977183, 5398667.5, 456.427 ], [ 507392.569000000017695, 5398666.5, 456.42 ], [ 507392.5, 5398665.5, 456.407 ], [ 507392.5, 5398665.494, 456.407 ], [ 507392.431999999971595, 5398664.5, 456.412 ], [ 507392.363000000012107, 5398663.5, 456.417 ], [ 507392.294, 5398662.5, 456.395 ], [ 507392.224999999976717, 5398661.5, 456.391 ], [ 507392.156000000017229, 5398660.5, 456.399 ], [ 507392.087, 5398659.5, 456.389 ], [ 507392.017999999981839, 5398658.5, 456.374 ], [ 507391.960000000020955, 5398657.660000000149012, 456.352 ] ] ] } },
{ "type": "Feature", "properties": { "fid": 27, "gml_id": "DEBW_5221000QyTN", "creationDate": "2025-01-08", "informationSystem": "http://repository.gdi-de.org/schemas/adv/citygml/fdv/art.htm#_9100", "name": "DEBWL5221000QyTN", "Gemeindeschluessel": "08111000", "Geometrietyp2DReferenz": 3000, "DatenquelleDachhoehe": [ 1000 ], "Grundrissaktualitaet": "2024-04-01", "DatenquelleBodenhoehe": [ 1100 ], "DatenquelleLage": [ 1000 ], "function": "31001_2112", "roofType": 1000, "measuredHeight": 3.08, "measuredHeight_uom": "urn:adv:uom:m", "CountryName": "Germany", "LocalityName": "Stuttgart", "ThoroughfareName": "Allmandring", "consistsOfBuildingPart|BuildingPart|creationDate": null, "consistsOfBuildingPart|BuildingPart|roofType": null, "consistsOfBuildingPart|BuildingPart|measuredHeight": null, "consistsOfBuildingPart|BuildingPart|measuredHeight_uom": null, "ThoroughfareNumber": "7/1, null", "name_": null }, "geometry": { "type": "MultiLineString", "coordinates": [ [ [ 507317.900000000023283, 5398964.679999999701977, 456.854 ], [ 507318.5, 5398964.639000000432134, 456.768 ], [ 507319.5, 5398964.570000000298023, 456.749 ], [ 507320.5, 5398964.502000000327826, 456.773 ], [ 507320.525000000023283, 5398964.5, 456.773 ], [ 507321.5, 5398964.433000000193715, 456.768 ], [ 507322.5, 5398964.365000000223517, 456.762 ], [ 507323.5, 5398964.296, 456.755 ], [ 507324.5, 5398964.227, 456.76 ], [ 507325.5, 5398964.159, 456.789 ], [ 507325.919999999983702, 5398964.129999999888241, 456.79 ], [ 507325.945, 5398964.5, 456.788 ], [ 507326.01400000002468, 5398965.5, 456.738 ], [ 507326.082, 5398966.5, 456.659 ], [ 507326.151000000012573, 5398967.5, 456.577 ], [ 507326.218999999982771, 5398968.5, 456.499 ], [ 507326.288, 5398969.5, 456.423 ], [ 507326.356000000028871, 5398970.5, 456.347 ], [ 507326.424999999988358, 5398971.5, 456.273 ], [ 507326.493000000016764, 5398972.5, 456.191 ], [ 507326.5, 5398972.59499999973923, 456.184 ], [ 507326.561999999976251, 5398973.5, 456.111 ], [ 507326.63, 5398974.5, 456.062 ], [ 507326.699000000022352, 5398975.5, 456.042 ], [ 507326.767999999981839, 5398976.5, 456.035 ], [ 507326.81, 5398977.120000000111759, 456.034 ], [ 507326.5, 5398977.139999999664724, 456.028 ], [ 507325.5, 5398977.206000000238419, 456.015 ], [ 507324.5, 5398977.271999999880791, 456.0 ], [ 507323.93, 5398977.309999999590218, 455.998 ], [ 507323.94, 5398977.5, 455.979 ], [ 507323.950000000011642, 5398977.679999999701977, 455.971 ], [ 507323.5, 5398977.71, 455.967 ], [ 507322.5, 5398977.775999999605119, 455.974 ], [ 507321.69, 5398977.83, 455.987 ], [ 507321.672000000020489, 5398977.5, 456.005 ], [ 507321.669999999983702, 5398977.46, 456.021 ], [ 507321.5, 5398977.471, 456.023 ], [ 507321.059, 5398977.5, 456.021 ], [ 507320.5, 5398977.536999999545515, 456.031 ], [ 507319.5, 5398977.602, 456.056 ], [ 507318.770000000018626, 5398977.650000000372529, 456.06 ], [ 507318.76, 5398977.5, 456.068 ], [ 507318.693000000028405, 5398976.5, 456.138 ], [ 507318.62599999998929, 5398975.5, 456.201 ], [ 507318.559, 5398974.5, 456.277 ], [ 507318.5, 5398973.625, 456.349 ], [ 507318.492000000027474, 5398973.5, 456.354 ], [ 507318.424999999988358, 5398972.5, 456.423 ], [ 507318.357000000018161, 5398971.5, 456.482 ], [ 507318.289999999979045, 5398970.5, 456.528 ], [ 507318.223, 5398969.5, 456.587 ], [ 507318.156000000017229, 5398968.5, 456.676 ], [ 507318.088999999978114, 5398967.5, 456.768 ], [ 507318.022, 5398966.5, 456.826 ], [ 507317.955000000016298, 5398965.5, 456.847 ], [ 507317.900000000023283, 5398964.679999999701977, 456.854 ] ] ] } },
{ "type": "Feature", "properties": { "fid": 39, "gml_id": "DEBW_5221000Qi4e", "creationDate": "2025-01-08", "informationSystem": "http://repository.gdi-de.org/schemas/adv/citygml/fdv/art.htm#_9100", "name": "DEBWL5221000Qi4e", "Gemeindeschluessel": "08111000", "Geometrietyp2DReferenz": 3000, "DatenquelleDachhoehe": [ 1000 ], "Grundrissaktualitaet": "2024-04-01", "DatenquelleBodenhoehe": [ 1100 ], "DatenquelleLage": [ 1000 ], "function": "31001_1010", "roofType": 1000, "measuredHeight": 8.422, "measuredHeight_uom": "urn:adv:uom:m", "CountryName": "Germany", "LocalityName": "Stuttgart", "ThoroughfareName": "Allmandring", "consistsOfBuildingPart|BuildingPart|creationDate": null, "consistsOfBuildingPart|BuildingPart|roofType": null, "consistsOfBuildingPart|BuildingPart|measuredHeight": null, "consistsOfBuildingPart|BuildingPart|measuredHeight_uom": null, "ThoroughfareNumber": null, "name_": null }, "geometry": { "type": "MultiLineString", "coordinates": [ [ [ 507450.81, 5398898.769999999552965, 458.291 ], [ 507450.5, 5398898.791000000201166, 458.29 ], [ 507449.5, 5398898.858, 458.29 ], [ 507448.57, 5398898.92, 458.29 ], [ 507448.609, 5398899.5, 458.287 ], [ 507448.675999999977648, 5398900.5, 458.289 ], [ 507448.743000000016764, 5398901.5, 458.297 ], [ 507448.810999999986961, 5398902.5, 458.299 ], [ 507448.878000000026077, 5398903.5, 458.294 ], [ 507448.945, 5398904.5, 458.292 ], [ 507449.011999999987893, 5398905.5, 458.294 ], [ 507449.079000000027008, 5398906.5, 458.298 ], [ 507449.080000000016298, 5398906.509999999776483, 458.298 ], [ 507449.229999999981374, 5398906.5, 458.299 ], [ 507449.5, 5398906.481999999843538, 458.302 ], [ 507450.5, 5398906.415, 458.303 ], [ 507451.330000000016298, 5398906.360000000335276, 458.291 ], [ 507451.340000000025611, 5398906.5, 458.295 ], [ 507451.408, 5398907.5, 458.295 ], [ 507451.476000000024214, 5398908.5, 458.293 ], [ 507451.5, 5398908.849000000394881, 458.288 ], [ 507451.544, 5398909.5, 458.287 ], [ 507451.613000000012107, 5398910.5, 458.285 ], [ 507451.680999999982305, 5398911.5, 458.272 ], [ 507451.69, 5398911.629999999888241, 458.272 ], [ 507451.5, 5398911.643000000156462, 458.272 ], [ 507450.5, 5398911.708999999798834, 458.276 ], [ 507449.5, 5398911.775999999605119, 458.276 ], [ 507449.44, 5398911.78000000026077, 458.277 ], [ 507449.487000000022817, 5398912.5, 458.274 ], [ 507449.5, 5398912.693, 458.269 ], [ 507449.53000000002794, 5398913.150000000372529, 458.268 ], [ 507449.5, 5398913.151999999769032, 458.267 ], [ 507448.5, 5398913.21999999973923, 458.272 ], [ 507447.5, 5398913.287999999709427, 458.268 ], [ 507446.5, 5398913.355999999679625, 458.276 ], [ 507445.5, 5398913.423000000417233, 458.285 ], [ 507444.5, 5398913.49100000038743, 458.291 ], [ 507444.370999999984633, 5398913.5, 458.293 ], [ 507443.5, 5398913.559000000357628, 458.296 ], [ 507442.5, 5398913.627000000327826, 458.293 ], [ 507442.159999999974389, 5398913.650000000372529, 458.288 ], [ 507442.150000000023283, 5398913.5, 458.287 ], [ 507442.081, 5398912.5, 458.263 ], [ 507442.012999999977183, 5398911.5, 458.251 ], [ 507441.944000000017695, 5398910.5, 458.248 ], [ 507441.87599999998929, 5398909.5, 458.244 ], [ 507441.808000000019092, 5398908.5, 458.253 ], [ 507441.739, 5398907.5, 458.259 ], [ 507441.670999999972992, 5398906.5, 458.261 ], [ 507441.602000000013504, 5398905.5, 458.27 ], [ 507441.533999999985099, 5398904.5, 458.268 ], [ 507441.5, 5398904.003999999724329, 458.263 ], [ 507441.466000000014901, 5398903.5, 458.26 ], [ 507441.397, 5398902.5, 458.257 ], [ 507441.329000000027008, 5398901.5, 458.257 ], [ 507441.26, 5398900.5, 458.263 ], [ 507441.191999999980908, 5398899.5, 458.269 ], [ 507441.12300000002142, 5398898.5, 458.276 ], [ 507441.055, 5398897.5, 458.277 ], [ 507440.987000000022817, 5398896.5, 458.27 ], [ 507440.918, 5398895.5, 458.265 ], [ 507440.849999999976717, 5398894.5, 458.266 ], [ 507440.781000000017229, 5398893.5, 458.265 ], [ 507440.712999999988824, 5398892.5, 458.268 ], [ 507440.645000000018626, 5398891.5, 458.274 ], [ 507440.576, 5398890.5, 458.277 ], [ 507440.507999999972526, 5398889.5, 458.278 ], [ 507440.5, 5398889.388000000268221, 458.278 ], [ 507440.439000000013039, 5398888.5, 458.281 ], [ 507440.39000000001397, 5398887.78000000026077, 458.277 ], [ 507440.5, 5398887.773, 458.279 ], [ 507441.5, 5398887.705, 458.278 ], [ 507442.5, 5398887.637000000104308, 458.277 ], [ 507443.5, 5398887.570000000298023, 458.277 ], [ 507444.5, 5398887.502000000327826, 458.279 ], [ 507444.528, 5398887.5, 458.279 ], [ 507445.5, 5398887.434000000357628, 458.28 ], [ 507446.5, 5398887.36699999962002, 458.28 ], [ 507447.5, 5398887.298999999649823, 458.28 ], [ 507447.78000000002794, 5398887.28000000026077, 458.28 ], [ 507447.794999999983702, 5398887.5, 458.284 ], [ 507447.862000000022817, 5398888.5, 458.284 ], [ 507447.93, 5398889.5, 458.286 ], [ 507447.99800000002142, 5398890.5, 458.298 ], [ 507448.065, 5398891.5, 458.309 ], [ 507448.132999999972526, 5398892.5, 458.324 ], [ 507448.201, 5398893.5, 458.341 ], [ 507448.210000000020955, 5398893.639999999664724, 458.342 ], [ 507448.5, 5398893.621000000275671, 458.337 ], [ 507449.5, 5398893.553999999538064, 458.323 ], [ 507450.300999999977648, 5398893.5, 458.309 ], [ 507450.450000000011642, 5398893.490000000223517, 458.298 ], [ 507450.451, 5398893.5, 458.307 ], [ 507450.5, 5398894.223000000230968, 458.298 ], [ 507450.518999999971129, 5398894.5, 458.3 ], [ 507450.587, 5398895.5, 458.296 ], [ 507450.65500000002794, 5398896.5, 458.293 ], [ 507450.723, 5398897.5, 458.288 ], [ 507450.792000000015832, 5398898.5, 458.29 ], [ 507450.81, 5398898.769999999552965, 458.291 ] ] ] } },
{ "type": "Feature", "properties": { "fid": 60, "gml_id": "DEBW_5221000Qxlo", "creationDate": "2025-01-08", "informationSystem": "http://repository.gdi-de.org/schemas/adv/citygml/fdv/art.htm#_9100", "name": "DEBWL5221000Qxlo", "Gemeindeschluessel": "08111000", "Geometrietyp2DReferenz": 3000, "DatenquelleDachhoehe": [ 1000 ], "Grundrissaktualitaet": "2024-04-01", "DatenquelleBodenhoehe": [ 1100 ], "DatenquelleLage": [ 1000 ], "function": "31001_1010", "roofType": 1000, "measuredHeight": 8.44, "measuredHeight_uom": "urn:adv:uom:m", "CountryName": "Germany", "LocalityName": "Stuttgart", "ThoroughfareName": "Allmandring", "consistsOfBuildingPart|BuildingPart|creationDate": null, "consistsOfBuildingPart|BuildingPart|roofType": null, "consistsOfBuildingPart|BuildingPart|measuredHeight": null, "consistsOfBuildingPart|BuildingPart|measuredHeight_uom": null, "ThoroughfareNumber": null, "name_": null }, "geometry": { "type": "MultiLineString", "coordinates": [ [ [ 507369.64000000001397, 5398878.480000000447035, 458.474 ], [ 507369.5, 5398878.490000000223517, 458.474 ], [ 507369.359, 5398878.5, 458.479 ], [ 507368.5, 5398878.560999999754131, 458.481 ], [ 507367.5, 5398878.632000000216067, 458.476 ], [ 507367.39000000001397, 5398878.639999999664724, 458.473 ], [ 507367.450000000011642, 5398879.5, 458.474 ], [ 507367.5, 5398880.213000000454485, 458.477 ], [ 507367.520000000018626, 5398880.5, 458.478 ], [ 507367.590000000025611, 5398881.5, 458.48 ], [ 507367.659999999974389, 5398882.5, 458.476 ], [ 507367.729999999981374, 5398883.5, 458.469 ], [ 507367.799999999988358, 5398884.5, 458.465 ], [ 507367.87, 5398885.5, 458.465 ], [ 507367.919999999983702, 5398886.21999999973923, 458.464 ], [ 507368.5, 5398886.18099999986589, 458.476 ], [ 507369.5, 5398886.114, 458.486 ], [ 507370.159999999974389, 5398886.070000000298023, 458.484 ], [ 507370.19, 5398886.5, 458.476 ], [ 507370.26, 5398887.5, 458.46 ], [ 507370.330000000016298, 5398888.5, 458.454 ], [ 507370.400000000023283, 5398889.5, 458.448 ], [ 507370.46999999997206, 5398890.5, 458.466 ], [ 507370.5, 5398890.92200000025332, 458.461 ], [ 507370.53000000002794, 5398891.349999999627471, 458.467 ], [ 507370.5, 5398891.352, 458.467 ], [ 507369.5, 5398891.418999999761581, 458.482 ], [ 507368.5, 5398891.485000000335276, 458.465 ], [ 507368.28000000002794, 5398891.5, 458.47 ], [ 507368.346000000019558, 5398892.5, 458.496 ], [ 507368.37, 5398892.870000000111759, 458.501 ], [ 507367.5, 5398892.926, 458.502 ], [ 507366.5, 5398892.99100000038743, 458.499 ], [ 507365.5, 5398893.05599999986589, 458.498 ], [ 507364.5, 5398893.120000000111759, 458.494 ], [ 507363.5, 5398893.184999999590218, 458.497 ], [ 507362.5, 5398893.25, 458.503 ], [ 507361.5, 5398893.314000000245869, 458.501 ], [ 507360.950000000011642, 5398893.349999999627471, 458.484 ], [ 507360.892, 5398892.5, 458.465 ], [ 507360.824000000022352, 5398891.5, 458.441 ], [ 507360.756, 5398890.5, 458.439 ], [ 507360.688000000023749, 5398889.5, 458.437 ], [ 507360.62, 5398888.5, 458.433 ], [ 507360.552000000025146, 5398887.5, 458.44 ], [ 507360.5, 5398886.730000000447035, 458.446 ], [ 507360.484, 5398886.5, 458.443 ], [ 507360.416000000026543, 5398885.5, 458.447 ], [ 507360.348, 5398884.5, 458.454 ], [ 507360.28000000002794, 5398883.5, 458.459 ], [ 507360.212, 5398882.5, 458.455 ], [ 507360.143999999971129, 5398881.5, 458.446 ], [ 507360.076, 5398880.5, 458.446 ], [ 507360.007999999972526, 5398879.5, 458.439 ], [ 507359.94, 5398878.5, 458.436 ], [ 507359.87300000002142, 5398877.5, 458.439 ], [ 507359.805, 5398876.5, 458.441 ], [ 507359.737000000022817, 5398875.5, 458.436 ], [ 507359.669, 5398874.5, 458.426 ], [ 507359.601000000024214, 5398873.5, 458.43 ], [ 507359.533, 5398872.5, 458.442 ], [ 507359.5, 5398872.019999999552965, 458.448 ], [ 507359.465000000025611, 5398871.5, 458.448 ], [ 507359.397, 5398870.5, 458.446 ], [ 507359.329000000027008, 5398869.5, 458.462 ], [ 507359.261, 5398868.5, 458.486 ], [ 507359.193000000028405, 5398867.5, 458.476 ], [ 507359.19, 5398867.46, 458.473 ], [ 507359.5, 5398867.439000000245869, 458.469 ], [ 507360.5, 5398867.371000000275671, 458.457 ], [ 507361.5, 5398867.303999999538064, 458.444 ], [ 507362.5, 5398867.235999999567866, 458.443 ], [ 507363.5, 5398867.168999999761581, 458.449 ], [ 507364.5, 5398867.100999999791384, 458.456 ], [ 507365.5, 5398867.034, 458.465 ], [ 507366.5, 5398866.966, 458.473 ], [ 507366.590000000025611, 5398866.96, 458.474 ], [ 507366.62699999997858, 5398867.5, 458.478 ], [ 507366.696, 5398868.5, 458.481 ], [ 507366.76500000001397, 5398869.5, 458.481 ], [ 507366.832999999984168, 5398870.5, 458.479 ], [ 507366.902, 5398871.5, 458.471 ], [ 507366.971000000019558, 5398872.5, 458.464 ], [ 507367.03000000002794, 5398873.360000000335276, 458.461 ], [ 507367.5, 5398873.326999999582767, 458.471 ], [ 507368.5, 5398873.254999999888241, 458.481 ], [ 507369.28000000002794, 5398873.200000000186265, 458.481 ], [ 507369.299999999988358, 5398873.5, 458.479 ], [ 507369.369, 5398874.5, 458.475 ], [ 507369.436999999976251, 5398875.5, 458.474 ], [ 507369.5, 5398876.427000000141561, 458.471 ], [ 507369.505, 5398876.5, 458.471 ], [ 507369.572999999974854, 5398877.5, 458.467 ], [ 507369.64000000001397, 5398878.480000000447035, 458.474 ] ] ] } },
{ "type": "Feature", "properties": { "fid": 61, "gml_id": "DEBW_5221000Qhzx", "creationDate": "2025-01-08", "informationSystem": "http://repository.gdi-de.org/schemas/adv/citygml/fdv/art.htm#_9100", "name": "DEBWL5221000Qhzx", "Gemeindeschluessel": "08111000", "Geometrietyp2DReferenz": 3000, "DatenquelleDachhoehe": [ 1000 ], "Grundrissaktualitaet": "2024-04-01", "DatenquelleBodenhoehe": [ 1100 ], "DatenquelleLage": [ 1000 ], "function": "31001_3024", "roofType": 1000, "measuredHeight": 9.774, "measuredHeight_uom": "urn:adv:uom:m", "CountryName": "Germany", "LocalityName": "Stuttgart", "ThoroughfareName": "Allmandring", "consistsOfBuildingPart|BuildingPart|creationDate": null, "consistsOfBuildingPart|BuildingPart|roofType": null, "consistsOfBuildingPart|BuildingPart|measuredHeight": null, "consistsOfBuildingPart|BuildingPart|measuredHeight_uom": null, "ThoroughfareNumber": "3B, null", "name_": null }, "geometry": { "type": "MultiLineString", "coordinates": [ [ [ 507416.159999999974389, 5398957.059999999590218, 457.348 ], [ 507416.121999999973923, 5398956.5, 457.349 ], [ 507416.053000000014435, 5398955.5, 457.348 ], [ 507415.984, 5398954.5, 457.347 ], [ 507415.916000000026543, 5398953.5, 457.35 ], [ 507415.847, 5398952.5, 457.358 ], [ 507415.778999999980442, 5398951.5, 457.361 ], [ 507415.710000000020955, 5398950.5, 457.361 ], [ 507415.642, 5398949.5, 457.359 ], [ 507415.572999999974854, 5398948.5, 457.356 ], [ 507415.504000000015367, 5398947.5, 457.354 ], [ 507415.5, 5398947.434000000357628, 457.353 ], [ 507415.435999999986961, 5398946.5, 457.344 ], [ 507415.367000000027474, 5398945.5, 457.337 ], [ 507415.299, 5398944.5, 457.333 ], [ 507415.229999999981374, 5398943.5, 457.328 ], [ 507415.162000000011176, 5398942.5, 457.324 ], [ 507415.093, 5398941.5, 457.326 ], [ 507415.025000000023283, 5398940.5, 457.328 ], [ 507414.956, 5398939.5, 457.329 ], [ 507414.886999999987893, 5398938.5, 457.331 ], [ 507414.819000000017695, 5398937.5, 457.332 ], [ 507414.75, 5398936.5, 457.338 ], [ 507414.681999999971595, 5398935.5, 457.349 ], [ 507414.613000000012107, 5398934.5, 457.35 ], [ 507414.544999999983702, 5398933.5, 457.346 ], [ 507414.5, 5398932.849999999627471, 457.344 ], [ 507414.476000000024214, 5398932.5, 457.341 ], [ 507414.407, 5398931.5, 457.344 ], [ 507414.338999999978114, 5398930.5, 457.341 ], [ 507414.270000000018626, 5398929.5, 457.337 ], [ 507414.202, 5398928.5, 457.34 ], [ 507414.14000000001397, 5398927.599999999627471, 457.338 ], [ 507414.5, 5398927.575000000186265, 457.336 ], [ 507415.5, 5398927.507000000216067, 457.318 ], [ 507415.596000000019558, 5398927.5, 457.317 ], [ 507416.5, 5398927.438, 457.297 ], [ 507417.5, 5398927.369, 457.28 ], [ 507418.5, 5398927.301, 457.273 ], [ 507419.5, 5398927.231999999843538, 457.284 ], [ 507420.5, 5398927.162999999709427, 457.267 ], [ 507421.5, 5398927.09499999973923, 457.23 ], [ 507422.5, 5398927.025999999605119, 457.209 ], [ 507423.5, 5398926.957000000402331, 457.205 ], [ 507424.5, 5398926.889000000432134, 457.206 ], [ 507425.5, 5398926.820000000298023, 457.208 ], [ 507426.5, 5398926.751000000163913, 457.209 ], [ 507427.5, 5398926.683000000193715, 457.205 ], [ 507428.5, 5398926.614, 457.198 ], [ 507429.5, 5398926.545, 457.196 ], [ 507430.158, 5398926.5, 457.198 ], [ 507430.5, 5398926.475999999791384, 457.196 ], [ 507431.5, 5398926.407999999821186, 457.198 ], [ 507432.5, 5398926.338999999687076, 457.194 ], [ 507433.5, 5398926.269999999552965, 457.194 ], [ 507434.5, 5398926.201999999582767, 457.199 ], [ 507435.5, 5398926.13300000037998, 457.2 ], [ 507436.5, 5398926.064000000245869, 457.2 ], [ 507437.5, 5398925.996000000275671, 457.209 ], [ 507438.5, 5398925.927000000141561, 457.218 ], [ 507439.5, 5398925.858, 457.222 ], [ 507440.5, 5398925.79, 457.227 ], [ 507441.5, 5398925.721, 457.232 ], [ 507442.5, 5398925.651999999769032, 457.24 ], [ 507443.5, 5398925.583999999798834, 457.248 ], [ 507444.5, 5398925.514999999664724, 457.257 ], [ 507444.718999999982771, 5398925.5, 457.259 ], [ 507445.5, 5398925.446000000461936, 457.265 ], [ 507446.5, 5398925.377999999560416, 457.273 ], [ 507447.5, 5398925.309000000357628, 457.279 ], [ 507448.5, 5398925.240000000223517, 457.287 ], [ 507449.5, 5398925.17200000025332, 457.296 ], [ 507450.5, 5398925.103000000119209, 457.3 ], [ 507451.5, 5398925.034, 457.301 ], [ 507452.5, 5398924.966, 457.301 ], [ 507453.5, 5398924.896999999880791, 457.303 ], [ 507454.5, 5398924.82799999974668, 457.305 ], [ 507455.5, 5398924.759999999776483, 457.314 ], [ 507456.5, 5398924.690999999642372, 457.327 ], [ 507457.5, 5398924.622000000439584, 457.346 ], [ 507457.96999999997206, 5398924.589999999850988, 457.347 ], [ 507458.031000000017229, 5398925.5, 457.351 ], [ 507458.098999999987427, 5398926.5, 457.354 ], [ 507458.167000000015832, 5398927.5, 457.357 ], [ 507458.234, 5398928.5, 457.356 ], [ 507458.302000000025146, 5398929.5, 457.359 ], [ 507458.369, 5398930.5, 457.36 ], [ 507458.436999999976251, 5398931.5, 457.356 ], [ 507458.5, 5398932.439000000245869, 457.355 ], [ 507458.504000000015367, 5398932.5, 457.356 ], [ 507458.571999999985565, 5398933.5, 457.358 ], [ 507458.63900000002468, 5398934.5, 457.354 ], [ 507458.707, 5398935.5, 457.353 ], [ 507458.773999999975786, 5398936.5, 457.354 ], [ 507458.842, 5398937.5, 457.348 ], [ 507458.908999999985099, 5398938.5, 457.337 ], [ 507458.977000000013504, 5398939.5, 457.33 ], [ 507459.044, 5398940.5, 457.327 ], [ 507459.112000000022817, 5398941.5, 457.321 ], [ 507459.179, 5398942.5, 457.313 ], [ 507459.246999999973923, 5398943.5, 457.315 ], [ 507459.314000000013039, 5398944.5, 457.323 ], [ 507459.381999999983236, 5398945.5, 457.323 ], [ 507459.450000000011642, 5398946.5, 457.322 ], [ 507459.5, 5398947.247999999672174, 457.32 ], [ 507459.517, 5398947.5, 457.32 ], [ 507459.585000000020955, 5398948.5, 457.315 ], [ 507459.652, 5398949.5, 457.31 ], [ 507459.71999999997206, 5398950.5, 457.313 ], [ 507459.787000000011176, 5398951.5, 457.316 ], [ 507459.854999999981374, 5398952.5, 457.32 ], [ 507459.922000000020489, 5398953.5, 457.328 ], [ 507459.960000000020955, 5398954.059999999590218, 457.329 ], [ 507459.5, 5398954.092000000178814, 457.333 ], [ 507458.5, 5398954.160000000149012, 457.344 ], [ 507457.5, 5398954.228000000119209, 457.355 ], [ 507456.5, 5398954.29700000025332, 457.364 ], [ 507455.5, 5398954.365000000223517, 457.369 ], [ 507454.5, 5398954.434000000357628, 457.373 ], [ 507453.536000000021886, 5398954.5, 457.374 ], [ 507453.5, 5398954.502000000327826, 457.374 ], [ 507452.5, 5398954.571000000461936, 457.383 ], [ 507451.5, 5398954.639000000432134, 457.39 ], [ 507450.5, 5398954.707999999634922, 457.389 ], [ 507449.5, 5398954.775999999605119, 457.387 ], [ 507448.5, 5398954.84499999973923, 457.385 ], [ 507447.5, 5398954.912999999709427, 457.383 ], [ 507446.5, 5398954.981999999843538, 457.385 ], [ 507445.5, 5398955.049999999813735, 457.385 ], [ 507444.5, 5398955.119, 457.383 ], [ 507443.5, 5398955.187, 457.384 ], [ 507442.5, 5398955.256, 457.384 ], [ 507441.5, 5398955.324, 457.387 ], [ 507440.5, 5398955.393000000156462, 457.391 ], [ 507439.5, 5398955.46100000012666, 457.393 ], [ 507438.935999999986961, 5398955.5, 457.396 ], [ 507438.5, 5398955.53000000026077, 457.398 ], [ 507437.5, 5398955.598000000230968, 457.409 ], [ 507436.5, 5398955.667000000365078, 457.417 ], [ 507435.5, 5398955.735000000335276, 457.411 ], [ 507434.5, 5398955.803999999538064, 457.411 ], [ 507433.5, 5398955.872000000439584, 457.412 ], [ 507432.5, 5398955.940999999642372, 457.418 ], [ 507431.5, 5398956.00899999961257, 457.439 ], [ 507430.5, 5398956.07799999974668, 457.451 ], [ 507429.5, 5398956.145999999716878, 457.438 ], [ 507428.5, 5398956.214999999850988, 457.415 ], [ 507427.5, 5398956.282999999821186, 457.391 ], [ 507426.5, 5398956.352, 457.378 ], [ 507425.5, 5398956.42, 457.391 ], [ 507424.5, 5398956.489, 457.402 ], [ 507424.336000000010245, 5398956.5, 457.401 ], [ 507423.5, 5398956.557, 457.394 ], [ 507422.5, 5398956.626000000163913, 457.383 ], [ 507421.5, 5398956.69400000013411, 457.39 ], [ 507420.5, 5398956.763000000268221, 457.408 ], [ 507419.5, 5398956.831000000238419, 457.409 ], [ 507418.5, 5398956.900000000372529, 457.39 ], [ 507417.5, 5398956.968000000342727, 457.373 ], [ 507416.5, 5398957.036999999545515, 457.358 ], [ 507416.159999999974389, 5398957.059999999590218, 457.348 ] ] ] } },
{ "type": "Feature", "properties": { "fid": 150, "gml_id": "DEBW_5221000Qhnm", "creationDate": "2025-01-08", "informationSystem": "http://repository.gdi-de.org/schemas/adv/citygml/fdv/art.htm#_9100", "name": "DEBWL5221000Qhnm", "Gemeindeschluessel": "08111000", "Geometrietyp2DReferenz": 3000, "DatenquelleDachhoehe": [ 1000 ], "Grundrissaktualitaet": "2024-04-01", "DatenquelleBodenhoehe": [ 1100 ], "DatenquelleLage": [ 1000 ], "function": "31001_1010", "roofType": 5000, "measuredHeight": 10.481, "measuredHeight_uom": "urn:adv:uom:m", "CountryName": "Germany", "LocalityName": "Stuttgart", "ThoroughfareName": "Pfaffenwaldring", "consistsOfBuildingPart|BuildingPart|creationDate": null, "consistsOfBuildingPart|BuildingPart|roofType": null, "consistsOfBuildingPart|BuildingPart|measuredHeight": null, "consistsOfBuildingPart|BuildingPart|measuredHeight_uom": null, "ThoroughfareNumber": "76A, null", "name_": null }, "geometry": { "type": "MultiLineString", "coordinates": [ [ [ 507529.580000000016298, 5398902.650000000372529, 457.787 ], [ 507529.5, 5398902.65500000026077, 457.788 ], [ 507528.5, 5398902.724000000394881, 457.806 ], [ 507527.5, 5398902.792000000365078, 457.818 ], [ 507526.5, 5398902.860000000335276, 457.827 ], [ 507525.5, 5398902.928000000305474, 457.847 ], [ 507524.5, 5398902.997000000439584, 457.934 ], [ 507523.57, 5398903.059999999590218, 458.032 ], [ 507523.532, 5398902.5, 458.028 ], [ 507523.5, 5398902.036999999545515, 458.016 ], [ 507523.462999999988824, 5398901.5, 458.018 ], [ 507523.395000000018626, 5398900.5, 458.019 ], [ 507523.326, 5398899.5, 458.021 ], [ 507523.257999999972526, 5398898.5, 458.025 ], [ 507523.189000000013039, 5398897.5, 458.023 ], [ 507523.120999999984633, 5398896.5, 458.02 ], [ 507523.10999999998603, 5398896.339999999850988, 458.021 ], [ 507523.5, 5398896.313, 458.011 ], [ 507524.5, 5398896.245000000111759, 457.981 ], [ 507525.5, 5398896.176, 457.947 ], [ 507526.5, 5398896.108, 457.913 ], [ 507527.5, 5398896.03899999987334, 457.879 ], [ 507528.5, 5398895.971, 457.846 ], [ 507529.5, 5398895.901999999769032, 457.815 ], [ 507530.5, 5398895.833999999798834, 457.784 ], [ 507531.5, 5398895.765999999828637, 457.754 ], [ 507532.5, 5398895.696999999694526, 457.726 ], [ 507533.5, 5398895.628999999724329, 457.7 ], [ 507534.5, 5398895.559999999590218, 457.675 ], [ 507535.378000000026077, 5398895.5, 457.659 ], [ 507535.5, 5398895.49199999962002, 457.651 ], [ 507536.400000000023283, 5398895.429999999701977, 457.636 ], [ 507536.40500000002794, 5398895.5, 457.638 ], [ 507536.473999999987427, 5398896.5, 457.635 ], [ 507536.5, 5398896.878999999724329, 457.632 ], [ 507536.543, 5398897.5, 457.634 ], [ 507536.612000000022817, 5398898.5, 457.637 ], [ 507536.680999999982305, 5398899.5, 457.638 ], [ 507536.75, 5398900.5, 457.647 ], [ 507536.819000000017695, 5398901.5, 457.662 ], [ 507536.830000000016298, 5398901.660000000149012, 457.663 ], [ 507537.5, 5398901.614, 457.659 ], [ 507538.5, 5398901.545, 457.651 ], [ 507539.157, 5398901.5, 457.648 ], [ 507539.5, 5398901.475999999791384, 457.643 ], [ 507540.32, 5398901.42, 457.638 ], [ 507540.326, 5398901.5, 457.642 ], [ 507540.396, 5398902.5, 457.639 ], [ 507540.467, 5398903.5, 457.642 ], [ 507540.5, 5398903.968999999575317, 457.645 ], [ 507540.537000000011176, 5398904.5, 457.649 ], [ 507540.608, 5398905.5, 457.644 ], [ 507540.679, 5398906.5, 457.642 ], [ 507540.74900000001071, 5398907.5, 457.656 ], [ 507540.81, 5398908.360000000335276, 457.66 ], [ 507540.5, 5398908.378999999724329, 457.659 ], [ 507539.5, 5398908.439000000245869, 457.663 ], [ 507538.5, 5398908.498999999836087, 457.66 ], [ 507538.477000000013504, 5398908.5, 457.658 ], [ 507537.5, 5398908.559000000357628, 457.66 ], [ 507537.31, 5398908.570000000298023, 457.663 ], [ 507536.5, 5398908.620000000111759, 457.669 ], [ 507535.5, 5398908.682, 457.689 ], [ 507534.5, 5398908.742999999783933, 457.712 ], [ 507533.5, 5398908.804999999701977, 457.735 ], [ 507532.5, 5398908.86699999962002, 457.761 ], [ 507531.5, 5398908.928000000305474, 457.788 ], [ 507530.5, 5398908.990000000223517, 457.813 ], [ 507530.01, 5398909.019999999552965, 457.826 ], [ 507529.974999999976717, 5398908.5, 457.825 ], [ 507529.907, 5398907.5, 457.818 ], [ 507529.840000000025611, 5398906.5, 457.807 ], [ 507529.772, 5398905.5, 457.806 ], [ 507529.705000000016298, 5398904.5, 457.801 ], [ 507529.636999999987893, 5398903.5, 457.792 ], [ 507529.580000000016298, 5398902.650000000372529, 457.787 ] ] ] } },
{ "type": "Feature", "properties": { "fid": 167, "gml_id": "DEBW_5222Ld00005", "creationDate": "2025-01-08", "informationSystem": "http://repository.gdi-de.org/schemas/adv/citygml/fdv/art.htm#_9100", "name": "DEBWL5222Ld00005", "Gemeindeschluessel": "08111000", "Geometrietyp2DReferenz": 3000, "DatenquelleDachhoehe": [ 1000 ], "Grundrissaktualitaet": "2024-04-01", "DatenquelleBodenhoehe": [ 1100 ], "DatenquelleLage": [ 1000 ], "function": "31001_3023", "roofType": 1000, "measuredHeight": 7.022, "measuredHeight_uom": "urn:adv:uom:m", "CountryName": "Germany", "LocalityName": "Stuttgart", "ThoroughfareName": "Nobelstraße", "consistsOfBuildingPart|BuildingPart|creationDate": null, "consistsOfBuildingPart|BuildingPart|roofType": null, "consistsOfBuildingPart|BuildingPart|measuredHeight": null, "consistsOfBuildingPart|BuildingPart|measuredHeight_uom": null, "ThoroughfareNumber": null, "name_": null }, "geometry": { "type": "MultiLineString", "coordinates": [ [ [ 507591.68, 5398725.690000000409782, 455.14 ], [ 507591.679, 5398726.5, 455.126 ], [ 507591.678000000014435, 5398727.5, 455.116 ], [ 507591.675999999977648, 5398728.5, 455.12 ], [ 507591.674999999988358, 5398729.5, 455.123 ], [ 507591.673, 5398730.5, 455.111 ], [ 507591.672000000020489, 5398731.5, 455.071 ], [ 507591.670999999972992, 5398732.5, 455.011 ], [ 507591.669, 5398733.5, 454.987 ], [ 507591.668, 5398734.5, 454.991 ], [ 507591.667000000015832, 5398735.5, 454.996 ], [ 507591.664999999979045, 5398736.5, 455.002 ], [ 507591.663999999989755, 5398737.5, 455.018 ], [ 507591.663, 5398738.5, 455.045 ], [ 507591.661000000021886, 5398739.5, 455.095 ], [ 507591.659999999974389, 5398740.370000000111759, 455.124 ], [ 507591.5, 5398740.370000000111759, 455.127 ], [ 507590.5, 5398740.370000000111759, 455.149 ], [ 507589.5, 5398740.369, 455.192 ], [ 507588.5, 5398740.369, 455.244 ], [ 507587.5, 5398740.367999999783933, 455.307 ], [ 507586.5, 5398740.367999999783933, 455.348 ], [ 507585.5, 5398740.367999999783933, 455.37 ], [ 507584.5, 5398740.36699999962002, 455.4 ], [ 507583.5, 5398740.36699999962002, 455.436 ], [ 507582.5, 5398740.36699999962002, 455.461 ], [ 507581.5, 5398740.36600000038743, 455.469 ], [ 507580.5, 5398740.36600000038743, 455.466 ], [ 507579.5, 5398740.36600000038743, 455.464 ], [ 507578.5, 5398740.365000000223517, 455.441 ], [ 507577.5, 5398740.365000000223517, 455.443 ], [ 507576.5, 5398740.365000000223517, 455.458 ], [ 507575.5, 5398740.364, 455.477 ], [ 507574.5, 5398740.364, 455.479 ], [ 507573.5, 5398740.362999999895692, 455.469 ], [ 507572.5, 5398740.362999999895692, 455.512 ], [ 507571.5, 5398740.362999999895692, 455.535 ], [ 507570.5, 5398740.361999999731779, 455.574 ], [ 507569.5, 5398740.361999999731779, 455.607 ], [ 507568.5, 5398740.361999999731779, 455.667 ], [ 507567.5, 5398740.360999999567866, 455.795 ], [ 507566.5, 5398740.360999999567866, 455.889 ], [ 507565.5, 5398740.360999999567866, 455.878 ], [ 507564.5, 5398740.360000000335276, 455.889 ], [ 507564.090000000025611, 5398740.360000000335276, 455.91 ], [ 507564.093, 5398739.5, 455.924 ], [ 507564.096000000019558, 5398738.5, 455.934 ], [ 507564.099999999976717, 5398737.5, 455.94 ], [ 507564.103, 5398736.5, 455.938 ], [ 507564.107000000018161, 5398735.5, 455.936 ], [ 507564.10999999998603, 5398734.5, 455.936 ], [ 507564.113000000012107, 5398733.5, 455.927 ], [ 507564.117000000027474, 5398732.5, 455.924 ], [ 507564.12, 5398731.5, 455.94 ], [ 507564.12400000001071, 5398730.5, 455.97 ], [ 507564.12699999997858, 5398729.5, 455.978 ], [ 507564.13, 5398728.5, 455.97 ], [ 507564.134000000020023, 5398727.5, 455.969 ], [ 507564.136999999987893, 5398726.5, 455.964 ], [ 507564.14000000001397, 5398725.679999999701977, 455.965 ], [ 507564.5, 5398725.679999999701977, 455.968 ], [ 507565.5, 5398725.679999999701977, 455.965 ], [ 507566.5, 5398725.68099999986589, 455.972 ], [ 507567.5, 5398725.68099999986589, 455.935 ], [ 507568.5, 5398725.682, 455.79 ], [ 507569.5, 5398725.682, 455.612 ], [ 507570.5, 5398725.682, 455.532 ], [ 507571.5, 5398725.683000000193715, 455.49 ], [ 507572.5, 5398725.683000000193715, 455.454 ], [ 507573.5, 5398725.683000000193715, 455.428 ], [ 507574.5, 5398725.684000000357628, 455.399 ], [ 507575.5, 5398725.684000000357628, 455.383 ], [ 507576.5, 5398725.684000000357628, 455.376 ], [ 507577.5, 5398725.684999999590218, 455.389 ], [ 507578.5, 5398725.684999999590218, 455.38 ], [ 507579.5, 5398725.685999999754131, 455.356 ], [ 507580.5, 5398725.685999999754131, 455.353 ], [ 507581.5, 5398725.685999999754131, 455.351 ], [ 507582.5, 5398725.687, 455.337 ], [ 507583.5, 5398725.687, 455.315 ], [ 507584.5, 5398725.687, 455.278 ], [ 507585.5, 5398725.688, 455.252 ], [ 507586.5, 5398725.688, 455.232 ], [ 507587.5, 5398725.688, 455.234 ], [ 507588.5, 5398725.689000000245869, 455.222 ], [ 507589.5, 5398725.689000000245869, 455.177 ], [ 507590.5, 5398725.690000000409782, 455.156 ], [ 507591.5, 5398725.690000000409782, 455.141 ], [ 507591.68, 5398725.690000000409782, 455.14 ] ] ] } },
{ "type": "Feature", "properties": { "fid": 171, "gml_id": "DEBW_5221000c8Br", "creationDate": "2025-01-08", "informationSystem": "http://repository.gdi-de.org/schemas/adv/citygml/fdv/art.htm#_9100", "name": "DEBWL5221000c8Br", "Gemeindeschluessel": "08111000", "Geometrietyp2DReferenz": 3000, "DatenquelleDachhoehe": [ 1000 ], "Grundrissaktualitaet": "2024-04-01", "DatenquelleBodenhoehe": [ 1100 ], "DatenquelleLage": [ 1000 ], "function": "31001_2723", "roofType": 1000, "measuredHeight": 2.649, "measuredHeight_uom": "urn:adv:uom:m", "CountryName": "Germany", "LocalityName": "Stuttgart", "ThoroughfareName": "Allmandring", "consistsOfBuildingPart|BuildingPart|creationDate": null, "consistsOfBuildingPart|BuildingPart|roofType": null, "consistsOfBuildingPart|BuildingPart|measuredHeight": null, "consistsOfBuildingPart|BuildingPart|measuredHeight_uom": null, "ThoroughfareNumber": null, "name_": null }, "geometry": { "type": "MultiLineString", "coordinates": [ [ [ 507168.729999999981374, 5398920.83, 458.156 ], [ 507168.5, 5398920.84499999973923, 458.166 ], [ 507167.5, 5398920.911000000312924, 458.187 ], [ 507166.5, 5398920.975999999791384, 458.199 ], [ 507165.5, 5398921.041000000201166, 458.218 ], [ 507164.5, 5398921.106999999843538, 458.232 ], [ 507163.5, 5398921.17200000025332, 458.245 ], [ 507162.5, 5398921.237999999895692, 458.254 ], [ 507161.5, 5398921.303000000305474, 458.249 ], [ 507160.94, 5398921.339999999850988, 458.226 ], [ 507160.893999999971129, 5398920.5, 458.248 ], [ 507160.838999999978114, 5398919.5, 458.275 ], [ 507160.789999999979045, 5398918.599999999627471, 458.258 ], [ 507161.5, 5398918.553999999538064, 458.268 ], [ 507162.342, 5398918.5, 458.265 ], [ 507162.5, 5398918.490000000223517, 458.249 ], [ 507163.5, 5398918.424999999813735, 458.237 ], [ 507164.5, 5398918.360999999567866, 458.23 ], [ 507165.5, 5398918.29700000025332, 458.22 ], [ 507166.5, 5398918.231999999843538, 458.206 ], [ 507167.5, 5398918.167999999597669, 458.189 ], [ 507168.5, 5398918.103000000119209, 458.168 ], [ 507168.549999999988358, 5398918.099999999627471, 458.167 ], [ 507168.576, 5398918.5, 458.173 ], [ 507168.642, 5398919.5, 458.178 ], [ 507168.707999999984168, 5398920.5, 458.17 ], [ 507168.729999999981374, 5398920.83, 458.156 ] ] ] } },
{ "type": "Feature", "properties": { "fid": 252, "gml_id": "DEBW_5221000QuhL", "creationDate": "2025-01-08", "informationSystem": "http://repository.gdi-de.org/schemas/adv/citygml/fdv/art.htm#_9100", "name": "DEBWL5221000QuhL", "Gemeindeschluessel": "08111000", "Geometrietyp2DReferenz": 3000, "DatenquelleDachhoehe": [ 1000 ], "Grundrissaktualitaet": "2024-04-01", "DatenquelleBodenhoehe": [ 1100 ], "DatenquelleLage": [ 1000 ], "function": "31001_2112", "roofType": 1000, "measuredHeight": 3.821, "measuredHeight_uom": "urn:adv:uom:m", "CountryName": "Germany", "LocalityName": "Stuttgart", "ThoroughfareName": "Allmandring", "consistsOfBuildingPart|BuildingPart|creationDate": null, "consistsOfBuildingPart|BuildingPart|roofType": null, "consistsOfBuildingPart|BuildingPart|measuredHeight": null, "consistsOfBuildingPart|BuildingPart|measuredHeight_uom": null, "ThoroughfareNumber": "5/1, null", "name_": null }, "geometry": { "type": "MultiLineString", "coordinates": [ [ [ 507400.409999999974389, 5398965.379999999888241, 457.236 ], [ 507400.5, 5398965.373999999836087, 457.24 ], [ 507401.5, 5398965.307, 457.249 ], [ 507402.5, 5398965.240000000223517, 457.25 ], [ 507403.5, 5398965.173999999649823, 457.243 ], [ 507404.5, 5398965.106999999843538, 457.235 ], [ 507405.5, 5398965.04, 457.195 ], [ 507406.099999999976717, 5398965.0, 457.172 ], [ 507406.134000000020023, 5398965.5, 457.15 ], [ 507406.202999999979511, 5398966.5, 457.125 ], [ 507406.271, 5398967.5, 457.115 ], [ 507406.340000000025611, 5398968.5, 457.088 ], [ 507406.408, 5398969.5, 457.036 ], [ 507406.477000000013504, 5398970.5, 457.01 ], [ 507406.5, 5398970.835, 457.0 ], [ 507406.545999999972992, 5398971.5, 456.993 ], [ 507406.614, 5398972.5, 456.966 ], [ 507406.683000000019092, 5398973.5, 456.936 ], [ 507406.729999999981374, 5398974.190000000409782, 456.929 ], [ 507406.5, 5398974.205, 456.912 ], [ 507405.5, 5398974.271999999880791, 456.875 ], [ 507404.5, 5398974.338000000454485, 456.872 ], [ 507403.5, 5398974.40500000026077, 456.865 ], [ 507402.5, 5398974.472, 456.862 ], [ 507402.071999999985565, 5398974.5, 456.854 ], [ 507401.5, 5398974.537999999709427, 456.856 ], [ 507401.020000000018626, 5398974.570000000298023, 456.839 ], [ 507401.01500000001397, 5398974.5, 456.843 ], [ 507400.949000000022352, 5398973.5, 456.931 ], [ 507400.882999999972526, 5398972.5, 457.006 ], [ 507400.816, 5398971.5, 457.081 ], [ 507400.75, 5398970.5, 457.163 ], [ 507400.683000000019092, 5398969.5, 457.239 ], [ 507400.617000000027474, 5398968.5, 457.289 ], [ 507400.550999999977648, 5398967.5, 457.292 ], [ 507400.5, 5398966.735999999567866, 457.271 ], [ 507400.484, 5398966.5, 457.263 ], [ 507400.418, 5398965.5, 457.239 ], [ 507400.409999999974389, 5398965.379999999888241, 457.236 ] ] ] } },
{ "type": "Feature", "properties": { "fid": 265, "gml_id": "DEBW_5221000Qi0t", "creationDate": "2025-01-08", "informationSystem": "http://repository.gdi-de.org/schemas/adv/citygml/fdv/art.htm#_9100", "name": "DEBWL5221000Qi0t", "Gemeindeschluessel": "08111000", "Geometrietyp2DReferenz": 3000, "DatenquelleDachhoehe": [ 1000 ], "Grundrissaktualitaet": "2024-04-01", "DatenquelleBodenhoehe": [ 1100 ], "DatenquelleLage": [ 1000 ], "function": "31001_2140", "roofType": 1000, "measuredHeight": 3.509, "measuredHeight_uom": "urn:adv:uom:m", "CountryName": "Germany", "LocalityName": "Stuttgart", "ThoroughfareName": "Allmandring", "consistsOfBuildingPart|BuildingPart|creationDate": null, "consistsOfBuildingPart|BuildingPart|roofType": null, "consistsOfBuildingPart|BuildingPart|measuredHeight": null, "consistsOfBuildingPart|BuildingPart|measuredHeight_uom": null, "ThoroughfareNumber": "3/3, null", "name_": null }, "geometry": { "type": "MultiLineString", "coordinates": [ [ [ 507419.88, 5398973.21999999973923, 457.137 ], [ 507419.832, 5398972.5, 457.156 ], [ 507419.766, 5398971.5, 457.179 ], [ 507419.699000000022352, 5398970.5, 457.185 ], [ 507419.632999999972526, 5398969.5, 457.19 ], [ 507419.566, 5398968.5, 457.204 ], [ 507419.5, 5398967.501000000163913, 457.217 ], [ 507419.5, 5398967.5, 457.206 ], [ 507419.433000000019092, 5398966.5, 457.223 ], [ 507419.367000000027474, 5398965.5, 457.256 ], [ 507419.300999999977648, 5398964.5, 457.286 ], [ 507419.270000000018626, 5398964.04, 457.289 ], [ 507419.5, 5398964.024000000208616, 457.288 ], [ 507420.5, 5398963.954, 457.29 ], [ 507421.5, 5398963.88399999961257, 457.284 ], [ 507422.5, 5398963.814000000245869, 457.283 ], [ 507423.5, 5398963.744, 457.285 ], [ 507423.849999999976717, 5398963.71999999973923, 457.285 ], [ 507423.903, 5398964.5, 457.293 ], [ 507423.972, 5398965.5, 457.305 ], [ 507424.041000000026543, 5398966.5, 457.318 ], [ 507424.109, 5398967.5, 457.33 ], [ 507424.178000000014435, 5398968.5, 457.345 ], [ 507424.245999999984633, 5398969.5, 457.36 ], [ 507424.315, 5398970.5, 457.37 ], [ 507424.382999999972526, 5398971.5, 457.37 ], [ 507424.452, 5398972.5, 457.26 ], [ 507424.479999999981374, 5398972.910000000149012, 457.219 ], [ 507423.5, 5398972.975999999791384, 457.196 ], [ 507422.5, 5398973.042999999597669, 457.168 ], [ 507421.5, 5398973.110999999567866, 457.157 ], [ 507420.5, 5398973.178000000305474, 457.152 ], [ 507419.88, 5398973.21999999973923, 457.137 ] ] ] } },
{ "type": "Feature", "properties": { "fid": 276, "gml_id": "DEBW_5221000Qhz9", "creationDate": "2025-01-08", "informationSystem": "http://repository.gdi-de.org/schemas/adv/citygml/fdv/art.htm#_9100", "name": "DEBWL5221000Qhz9", "Gemeindeschluessel": "08111000", "Geometrietyp2DReferenz": 3000, "DatenquelleDachhoehe": [ 1000 ], "Grundrissaktualitaet": "2024-04-01", "DatenquelleBodenhoehe": [ 1100 ], "DatenquelleLage": [ 1000 ], "function": "31001_2523", "roofType": 1000, "measuredHeight": 2.89, "measuredHeight_uom": "urn:adv:uom:m", "CountryName": "Germany", "LocalityName": "Stuttgart", "ThoroughfareName": "Allmandring", "consistsOfBuildingPart|BuildingPart|creationDate": null, "consistsOfBuildingPart|BuildingPart|roofType": null, "consistsOfBuildingPart|BuildingPart|measuredHeight": null, "consistsOfBuildingPart|BuildingPart|measuredHeight_uom": null, "ThoroughfareNumber": "3/1, null", "name_": null }, "geometry": { "type": "MultiLineString", "coordinates": [ [ [ 507449.06, 5398851.349999999627471, 458.297 ], [ 507449.5, 5398851.318, 458.297 ], [ 507450.5, 5398851.245000000111759, 458.283 ], [ 507451.5, 5398851.17200000025332, 458.272 ], [ 507452.080000000016298, 5398851.129999999888241, 458.268 ], [ 507452.104999999981374, 5398851.5, 458.266 ], [ 507452.174, 5398852.5, 458.264 ], [ 507452.243000000016764, 5398853.5, 458.266 ], [ 507452.311999999976251, 5398854.5, 458.286 ], [ 507452.37, 5398855.339999999850988, 458.294 ], [ 507451.5, 5398855.400000000372529, 458.311 ], [ 507450.5, 5398855.46999999973923, 458.324 ], [ 507450.069000000017695, 5398855.5, 458.318 ], [ 507449.5, 5398855.54, 458.319 ], [ 507449.349999999976717, 5398855.549999999813735, 458.33 ], [ 507449.347, 5398855.5, 458.33 ], [ 507449.278, 5398854.5, 458.324 ], [ 507449.207999999984168, 5398853.5, 458.324 ], [ 507449.13900000002468, 5398852.5, 458.317 ], [ 507449.07, 5398851.5, 458.306 ], [ 507449.06, 5398851.349999999627471, 458.297 ] ] ] } },
{ "type": "Feature", "properties": { "fid": 294, "gml_id": "DEBW_5221000QhUW", "creationDate": "2025-01-08", "informationSystem": "http://repository.gdi-de.org/schemas/adv/citygml/fdv/art.htm#_9100", "name": "DEBWL5221000QhUW", "Gemeindeschluessel": "08111000", "Geometrietyp2DReferenz": 3000, "DatenquelleDachhoehe": [ 1000 ], "Grundrissaktualitaet": "2024-04-01", "DatenquelleBodenhoehe": [ 1100 ], "DatenquelleLage": [ 1000 ], "function": "31001_1010", "roofType": 5000, "measuredHeight": 7.168, "measuredHeight_uom": "urn:adv:uom:m", "CountryName": "Germany", "LocalityName": "Stuttgart", "ThoroughfareName": "Universitätsstraße", "consistsOfBuildingPart|BuildingPart|creationDate": null, "consistsOfBuildingPart|BuildingPart|roofType": null, "consistsOfBuildingPart|BuildingPart|measuredHeight": null, "consistsOfBuildingPart|BuildingPart|measuredHeight_uom": null, "ThoroughfareNumber": "82B, null", "name_": null }, "geometry": { "type": "MultiLineString", "coordinates": [ [ [ 507542.919999999983702, 5398805.799999999813735, 457.489 ], [ 507542.971000000019558, 5398806.5, 457.492 ], [ 507543.043, 5398807.5, 457.501 ], [ 507543.115999999979977, 5398808.5, 457.531 ], [ 507543.188000000023749, 5398809.5, 457.575 ], [ 507543.261, 5398810.5, 457.596 ], [ 507543.332999999984168, 5398811.5, 457.594 ], [ 507543.406000000017229, 5398812.5, 457.597 ], [ 507543.478, 5398813.5, 457.6 ], [ 507543.5, 5398813.802000000141561, 457.596 ], [ 507543.51, 5398813.940000000409782, 457.596 ], [ 507543.5, 5398813.940999999642372, 457.596 ], [ 507542.5, 5398814.006, 457.608 ], [ 507541.5, 5398814.071999999694526, 457.609 ], [ 507540.5, 5398814.138000000268221, 457.602 ], [ 507539.5, 5398814.204, 457.59 ], [ 507538.5, 5398814.269999999552965, 457.578 ], [ 507537.5, 5398814.33600000012666, 457.566 ], [ 507536.5, 5398814.400999999605119, 457.552 ], [ 507536.37, 5398814.410000000149012, 457.547 ], [ 507536.305999999982305, 5398813.5, 457.543 ], [ 507536.237000000022817, 5398812.5, 457.542 ], [ 507536.167000000015832, 5398811.5, 457.544 ], [ 507536.10999999998603, 5398810.690000000409782, 457.542 ], [ 507535.5, 5398810.733, 457.539 ], [ 507534.5, 5398810.803000000305474, 457.532 ], [ 507533.5, 5398810.872999999672174, 457.527 ], [ 507532.5, 5398810.94400000013411, 457.552 ], [ 507532.409999999974389, 5398810.950000000186265, 457.563 ], [ 507532.378000000026077, 5398810.5, 457.564 ], [ 507532.308000000019092, 5398809.5, 457.56 ], [ 507532.238000000012107, 5398808.5, 457.544 ], [ 507532.168, 5398807.5, 457.522 ], [ 507532.098, 5398806.5, 457.497 ], [ 507532.028, 5398805.5, 457.475 ], [ 507531.957999999984168, 5398804.5, 457.453 ], [ 507531.909999999974389, 5398803.820000000298023, 457.444 ], [ 507532.5, 5398803.778, 457.444 ], [ 507533.5, 5398803.707999999634922, 457.455 ], [ 507534.5, 5398803.638000000268221, 457.47 ], [ 507535.5, 5398803.566999999806285, 457.482 ], [ 507536.452, 5398803.5, 457.479 ], [ 507536.5, 5398803.497000000439584, 457.476 ], [ 507537.5, 5398803.426, 457.456 ], [ 507538.5, 5398803.355999999679625, 457.449 ], [ 507539.5, 5398803.285000000149012, 457.462 ], [ 507540.0, 5398803.25, 457.471 ], [ 507540.017999999981839, 5398803.5, 457.473 ], [ 507540.091000000014901, 5398804.5, 457.485 ], [ 507540.14000000001397, 5398805.179999999701977, 457.49 ], [ 507540.5, 5398805.497999999672174, 457.499 ], [ 507540.50199999997858, 5398805.5, 457.5 ], [ 507541.0, 5398805.940000000409782, 457.507 ], [ 507541.5, 5398805.904, 457.51 ], [ 507542.5, 5398805.831000000238419, 457.5 ], [ 507542.919999999983702, 5398805.799999999813735, 457.489 ] ] ] } },
{ "type": "Feature", "properties": { "fid": 300, "gml_id": "DEBW_5221000Qw2U", "creationDate": "2025-01-08", "informationSystem": "http://repository.gdi-de.org/schemas/adv/citygml/fdv/art.htm#_9100", "name": "DEBWL5221000Qw2U", "Gemeindeschluessel": "08111000", "Geometrietyp2DReferenz": 3000, "DatenquelleDachhoehe": [ 1000 ], "Grundrissaktualitaet": "2024-04-01", "DatenquelleBodenhoehe": [ 1100 ], "DatenquelleLage": [ 1000 ], "function": "31001_2112", "roofType": 5000, "measuredHeight": 6.784, "measuredHeight_uom": "urn:adv:uom:m", "CountryName": "Germany", "LocalityName": "Stuttgart", "ThoroughfareName": "Nobelstraße", "consistsOfBuildingPart|BuildingPart|creationDate": null, "consistsOfBuildingPart|BuildingPart|roofType": null, "consistsOfBuildingPart|BuildingPart|measuredHeight": null, "consistsOfBuildingPart|BuildingPart|measuredHeight_uom": null, "ThoroughfareNumber": null, "name_": null }, "geometry": { "type": "MultiLineString", "coordinates": [ [ [ 507211.37, 5398666.480000000447035, 455.291 ], [ 507210.976000000024214, 5398666.5, 455.315 ], [ 507210.5, 5398666.524000000208616, 455.321 ], [ 507209.5, 5398666.575000000186265, 455.34 ], [ 507208.81, 5398666.610000000335276, 455.358 ], [ 507208.802000000025146, 5398666.5, 455.347 ], [ 507208.729, 5398665.5, 455.224 ], [ 507208.65500000002794, 5398664.5, 455.069 ], [ 507208.582, 5398663.5, 454.916 ], [ 507208.509000000020023, 5398662.5, 454.842 ], [ 507208.5, 5398662.38300000037998, 454.84 ], [ 507208.479999999981374, 5398662.110000000335276, 454.86 ], [ 507208.5, 5398662.109000000171363, 454.847 ], [ 507209.5, 5398662.051, 454.879 ], [ 507210.5, 5398661.992999999783933, 454.946 ], [ 507211.07, 5398661.96, 454.968 ], [ 507211.106000000028871, 5398662.5, 454.98 ], [ 507211.172000000020489, 5398663.5, 455.034 ], [ 507211.239, 5398664.5, 455.12 ], [ 507211.305, 5398665.5, 455.217 ], [ 507211.37, 5398666.480000000447035, 455.291 ] ] ] } },
{ "type": "Feature", "properties": { "fid": 328, "gml_id": "DEBW_5221000Qh4s", "creationDate": "2025-01-08", "informationSystem": "http://repository.gdi-de.org/schemas/adv/citygml/fdv/art.htm#_9100", "name": "DEBWL5221000Qh4s", "Gemeindeschluessel": "08111000", "Geometrietyp2DReferenz": 3000, "DatenquelleDachhoehe": [ 1000 ], "Grundrissaktualitaet": "2024-04-01", "DatenquelleBodenhoehe": [ 1100 ], "DatenquelleLage": [ 1000 ], "function": "31001_3023", "roofType": 1000, "measuredHeight": 10.66, "measuredHeight_uom": "urn:adv:uom:m", "CountryName": "Germany", "LocalityName": "Stuttgart", "ThoroughfareName": "Pfaffenwaldring", "consistsOfBuildingPart|BuildingPart|creationDate": null, "consistsOfBuildingPart|BuildingPart|roofType": null, "consistsOfBuildingPart|BuildingPart|measuredHeight": null, "consistsOfBuildingPart|BuildingPart|measuredHeight_uom": null, "ThoroughfareNumber": "60, null", "name_": null }, "geometry": { "type": "MultiLineString", "coordinates": [ [ [ 507494.400000000023283, 5399013.299999999813735, 456.578 ], [ 507494.5, 5399013.274000000208616, 456.632 ], [ 507495.5, 5399013.019000000320375, 456.835 ], [ 507496.32, 5399012.809999999590218, 456.955 ], [ 507496.5, 5399012.763000000268221, 457.004 ], [ 507497.5, 5399012.502999999560416, 457.109 ], [ 507497.51, 5399012.5, 457.11 ], [ 507498.5, 5399012.24199999962002, 457.189 ], [ 507499.5, 5399011.981999999843538, 457.223 ], [ 507499.659999999974389, 5399011.940000000409782, 457.226 ], [ 507499.69, 5399012.03000000026077, 457.218 ], [ 507500.5, 5399011.832999999634922, 457.23 ], [ 507501.5, 5399011.589999999850988, 457.221 ], [ 507501.868000000016764, 5399011.5, 457.216 ], [ 507502.5, 5399011.346, 457.215 ], [ 507503.5, 5399011.103000000119209, 457.182 ], [ 507504.5, 5399010.860000000335276, 457.141 ], [ 507505.32, 5399010.660000000149012, 457.102 ], [ 507505.381, 5399010.5, 457.115 ], [ 507505.5, 5399010.185999999754131, 457.139 ], [ 507505.76, 5399009.5, 457.174 ], [ 507506.14000000001397, 5399008.5, 457.218 ], [ 507506.5, 5399007.551, 457.219 ], [ 507506.518999999971129, 5399007.5, 457.219 ], [ 507506.898999999975786, 5399006.5, 457.227 ], [ 507507.278, 5399005.5, 457.238 ], [ 507507.5, 5399004.916000000201166, 457.223 ], [ 507507.658, 5399004.5, 457.221 ], [ 507508.037000000011176, 5399003.5, 457.222 ], [ 507508.417000000015832, 5399002.5, 457.231 ], [ 507508.5, 5399002.281000000424683, 457.219 ], [ 507508.797000000020489, 5399001.5, 457.211 ], [ 507509.175999999977648, 5399000.5, 457.213 ], [ 507509.5, 5398999.645999999716878, 457.193 ], [ 507509.555999999982305, 5398999.5, 457.192 ], [ 507509.935, 5398998.5, 457.195 ], [ 507510.315, 5398997.5, 457.188 ], [ 507510.5, 5398997.012000000104308, 457.137 ], [ 507510.659999999974389, 5398996.589999999850988, 457.115 ], [ 507510.5, 5398996.548000000417233, 457.139 ], [ 507510.32, 5398996.5, 457.197 ], [ 507509.5, 5398996.282999999821186, 457.278 ], [ 507508.5, 5398996.018000000156462, 457.336 ], [ 507507.5, 5398995.753999999724329, 457.338 ], [ 507506.542000000015832, 5398995.5, 457.34 ], [ 507506.5, 5398995.489, 457.34 ], [ 507505.5, 5398995.224000000394881, 457.342 ], [ 507505.21999999997206, 5398995.150000000372529, 457.338 ], [ 507505.21999999997206, 5398994.690000000409782, 457.34 ], [ 507505.299999999988358, 5398994.690000000409782, 457.341 ], [ 507505.304, 5398994.5, 457.342 ], [ 507505.322999999974854, 5398993.5, 457.335 ], [ 507505.342, 5398992.5, 457.335 ], [ 507505.35999999998603, 5398991.5, 457.304 ], [ 507505.379000000015367, 5398990.5, 457.019 ], [ 507505.397999999986496, 5398989.5, 456.666 ], [ 507505.417000000015832, 5398988.5, 456.67 ], [ 507505.419999999983702, 5398988.360000000335276, 456.69 ], [ 507505.5, 5398988.361999999731779, 456.674 ], [ 507506.5, 5398988.38399999961257, 456.66 ], [ 507507.5, 5398988.406999999657273, 456.652 ], [ 507508.5, 5398988.429999999701977, 456.641 ], [ 507509.5, 5398988.451999999582767, 456.623 ], [ 507510.5, 5398988.474999999627471, 456.609 ], [ 507511.5, 5398988.497999999672174, 456.599 ], [ 507511.596000000019558, 5398988.5, 456.585 ], [ 507512.5, 5398988.519999999552965, 456.572 ], [ 507513.5, 5398988.542999999597669, 456.563 ], [ 507514.5, 5398988.565999999642372, 456.557 ], [ 507515.5, 5398988.588000000454485, 456.547 ], [ 507516.5, 5398988.610999999567866, 456.526 ], [ 507517.5, 5398988.63399999961257, 456.5 ], [ 507518.5, 5398988.656000000424683, 456.468 ], [ 507519.5, 5398988.678999999538064, 456.404 ], [ 507520.5, 5398988.701999999582767, 456.319 ], [ 507521.5, 5398988.724000000394881, 456.222 ], [ 507522.5, 5398988.747000000439584, 456.12 ], [ 507523.5, 5398988.769999999552965, 456.017 ], [ 507524.5, 5398988.792999999597669, 455.897 ], [ 507525.5, 5398988.815000000409782, 455.769 ], [ 507526.5, 5398988.838000000454485, 455.655 ], [ 507527.5, 5398988.860999999567866, 455.547 ], [ 507528.35999999998603, 5398988.879999999888241, 455.495 ], [ 507528.217, 5398989.5, 455.371 ], [ 507527.98599999997532, 5398990.5, 455.228 ], [ 507527.755, 5398991.5, 455.092 ], [ 507527.523999999975786, 5398992.5, 454.959 ], [ 507527.5, 5398992.604000000283122, 454.949 ], [ 507527.293, 5398993.5, 454.857 ], [ 507527.061999999976251, 5398994.5, 454.743 ], [ 507526.831, 5398995.5, 454.625 ], [ 507526.599999999976717, 5398996.5, 454.502 ], [ 507526.5, 5398996.934999999590218, 454.458 ], [ 507526.369, 5398997.5, 454.395 ], [ 507526.13900000002468, 5398998.5, 454.274 ], [ 507525.908, 5398999.5, 454.145 ], [ 507525.677000000025146, 5399000.5, 454.013 ], [ 507525.5, 5399001.264999999664724, 453.949 ], [ 507525.446, 5399001.5, 453.938 ], [ 507525.215000000025611, 5399002.5, 453.905 ], [ 507524.984, 5399003.5, 453.893 ], [ 507524.753000000026077, 5399004.5, 453.878 ], [ 507524.522, 5399005.5, 453.868 ], [ 507524.5, 5399005.596, 453.868 ], [ 507524.291000000026543, 5399006.5, 453.881 ], [ 507524.06, 5399007.5, 453.868 ], [ 507523.829000000027008, 5399008.5, 453.857 ], [ 507523.598, 5399009.5, 453.852 ], [ 507523.5, 5399009.926, 453.852 ], [ 507523.368000000016764, 5399010.5, 453.862 ], [ 507523.136999999987893, 5399011.5, 453.862 ], [ 507522.906000000017229, 5399012.5, 453.858 ], [ 507522.674999999988358, 5399013.5, 453.857 ], [ 507522.5, 5399014.257000000216067, 453.859 ], [ 507522.444000000017695, 5399014.5, 453.876 ], [ 507522.212999999988824, 5399015.5, 453.875 ], [ 507521.982000000018161, 5399016.5, 453.863 ], [ 507521.75099999998929, 5399017.5, 453.846 ], [ 507521.520000000018626, 5399018.5, 453.835 ], [ 507521.5, 5399018.587000000290573, 453.835 ], [ 507521.288999999989755, 5399019.5, 453.848 ], [ 507521.058000000019092, 5399020.5, 453.846 ], [ 507520.827, 5399021.5, 453.844 ], [ 507520.597, 5399022.5, 453.838 ], [ 507520.5, 5399022.917999999597669, 453.837 ], [ 507520.365999999979977, 5399023.5, 453.851 ], [ 507520.135, 5399024.5, 453.846 ], [ 507519.903999999980442, 5399025.5, 453.836 ], [ 507519.673, 5399026.5, 453.829 ], [ 507519.5, 5399027.248999999836087, 453.826 ], [ 507519.441999999980908, 5399027.5, 453.834 ], [ 507519.211000000010245, 5399028.5, 453.832 ], [ 507518.979999999981374, 5399029.5, 453.832 ], [ 507518.74900000001071, 5399030.5, 453.83 ], [ 507518.517999999981839, 5399031.5, 453.823 ], [ 507518.5, 5399031.579, 453.823 ], [ 507518.287000000011176, 5399032.5, 453.82 ], [ 507518.055999999982305, 5399033.5, 453.816 ], [ 507517.826, 5399034.5, 453.815 ], [ 507517.59499999997206, 5399035.5, 453.813 ], [ 507517.5, 5399035.910000000149012, 453.81 ], [ 507517.364, 5399036.5, 453.807 ], [ 507517.132999999972526, 5399037.5, 453.785 ], [ 507516.902, 5399038.5, 453.766 ], [ 507516.670999999972992, 5399039.5, 453.745 ], [ 507516.5, 5399040.240000000223517, 453.73 ], [ 507516.44, 5399040.5, 453.723 ], [ 507516.208999999973457, 5399041.5, 453.703 ], [ 507515.978, 5399042.5, 453.689 ], [ 507515.746999999973923, 5399043.5, 453.67 ], [ 507515.516, 5399044.5, 453.645 ], [ 507515.5, 5399044.571000000461936, 453.643 ], [ 507515.284999999974389, 5399045.5, 453.627 ], [ 507515.26, 5399045.610000000335276, 453.626 ], [ 507514.5, 5399045.610000000335276, 453.632 ], [ 507513.5, 5399045.610999999567866, 453.643 ], [ 507512.5, 5399045.610999999567866, 453.654 ], [ 507511.5, 5399045.611999999731779, 453.666 ], [ 507510.5, 5399045.611999999731779, 453.672 ], [ 507509.5, 5399045.612999999895692, 453.679 ], [ 507508.5, 5399045.612999999895692, 453.688 ], [ 507507.5, 5399045.614, 453.7 ], [ 507506.5, 5399045.614, 453.711 ], [ 507505.5, 5399045.615000000223517, 453.724 ], [ 507504.5, 5399045.615000000223517, 453.738 ], [ 507503.5, 5399045.61600000038743, 453.751 ], [ 507502.5, 5399045.61600000038743, 453.771 ], [ 507501.5, 5399045.61699999962002, 453.796 ], [ 507500.5, 5399045.61699999962002, 453.823 ], [ 507499.5, 5399045.617999999783933, 453.849 ], [ 507498.5, 5399045.617999999783933, 453.875 ], [ 507497.5, 5399045.619, 453.91 ], [ 507496.5, 5399045.619, 454.072 ], [ 507495.5, 5399045.619, 454.464 ], [ 507494.5, 5399045.620000000111759, 454.813 ], [ 507494.37, 5399045.620000000111759, 454.858 ], [ 507494.37, 5399045.5, 454.856 ], [ 507494.370999999984633, 5399044.5, 454.802 ], [ 507494.371999999973923, 5399043.5, 454.755 ], [ 507494.37300000002142, 5399042.5, 454.731 ], [ 507494.37400000001071, 5399041.5, 454.724 ], [ 507494.375, 5399040.5, 454.728 ], [ 507494.37599999998929, 5399039.5, 454.749 ], [ 507494.37699999997858, 5399038.5, 454.778 ], [ 507494.378000000026077, 5399037.5, 454.798 ], [ 507494.378000000026077, 5399036.5, 454.804 ], [ 507494.379000000015367, 5399035.5, 454.808 ], [ 507494.38, 5399034.5, 454.81 ], [ 507494.381, 5399033.5, 454.808 ], [ 507494.381999999983236, 5399032.5, 454.797 ], [ 507494.382999999972526, 5399031.5, 454.776 ], [ 507494.384000000020023, 5399030.5, 454.749 ], [ 507494.385, 5399029.5, 454.729 ], [ 507494.386, 5399028.5, 454.728 ], [ 507494.386999999987893, 5399027.5, 454.74 ], [ 507494.387999999977183, 5399026.5, 454.771 ], [ 507494.38900000002468, 5399025.5, 454.831 ], [ 507494.39000000001397, 5399024.5, 454.9 ], [ 507494.391, 5399023.5, 454.981 ], [ 507494.391, 5399022.5, 455.091 ], [ 507494.392, 5399021.5, 455.223 ], [ 507494.392999999981839, 5399020.5, 455.367 ], [ 507494.393999999971129, 5399019.5, 455.523 ], [ 507494.395000000018626, 5399018.5, 455.687 ], [ 507494.396, 5399017.5, 455.857 ], [ 507494.397, 5399016.5, 456.031 ], [ 507494.397999999986496, 5399015.5, 456.203 ], [ 507494.398999999975786, 5399014.5, 456.371 ], [ 507494.400000000023283, 5399013.5, 456.53 ], [ 507494.400000000023283, 5399013.299999999813735, 456.578 ] ] ] } },
{ "type": "Feature", "properties": { "fid": 362, "gml_id": "DEBW_5221000Qwg0", "creationDate": "2025-01-08", "informationSystem": "http://repository.gdi-de.org/schemas/adv/citygml/fdv/art.htm#_9100", "name": "DEBWL5221000Qwg0", "Gemeindeschluessel": "08111000", "Geometrietyp2DReferenz": 3000, "DatenquelleDachhoehe": [ 1000 ], "Grundrissaktualitaet": "2024-04-01", "DatenquelleBodenhoehe": [ 1100 ], "DatenquelleLage": [ 1000 ], "function": "31001_1010", "roofType": 1000, "measuredHeight": 5.369, "measuredHeight_uom": "urn:adv:uom:m", "CountryName": "Germany", "LocalityName": "Stuttgart", "ThoroughfareName": "Allmandring", "consistsOfBuildingPart|BuildingPart|creationDate": null, "consistsOfBuildingPart|BuildingPart|roofType": null, "consistsOfBuildingPart|BuildingPart|measuredHeight": null, "consistsOfBuildingPart|BuildingPart|measuredHeight_uom": null, "ThoroughfareNumber": "15, null", "name_": null }, "geometry": { "type": "MultiLineString", "coordinates": [ [ [ 507152.12, 5398959.230000000447035, 455.4 ], [ 507152.5, 5398959.204, 455.417 ], [ 507153.5, 5398959.136, 455.488 ], [ 507154.5, 5398959.066999999806285, 455.614 ], [ 507155.5, 5398958.998999999836087, 455.807 ], [ 507156.5, 5398958.93099999986589, 456.036 ], [ 507157.5, 5398958.861999999731779, 456.204 ], [ 507158.409999999974389, 5398958.799999999813735, 456.283 ], [ 507158.38900000002468, 5398958.5, 456.255 ], [ 507158.32, 5398957.5, 456.137 ], [ 507158.25099999998929, 5398956.5, 456.02 ], [ 507158.181999999971595, 5398955.5, 455.912 ], [ 507158.113000000012107, 5398954.5, 455.82 ], [ 507158.043, 5398953.5, 455.751 ], [ 507157.973999999987427, 5398952.5, 455.696 ], [ 507157.93, 5398951.860000000335276, 455.664 ], [ 507157.5, 5398951.889999999664724, 455.628 ], [ 507156.5, 5398951.958999999798834, 455.554 ], [ 507155.5, 5398952.026999999769032, 455.522 ], [ 507154.5, 5398952.096, 455.506 ], [ 507153.5, 5398952.165, 455.484 ], [ 507152.5, 5398952.234000000171363, 455.448 ], [ 507151.5, 5398952.303000000305474, 455.407 ], [ 507150.5, 5398952.372000000439584, 455.384 ], [ 507149.5, 5398952.440999999642372, 455.375 ], [ 507148.643999999971129, 5398952.5, 455.361 ], [ 507148.5, 5398952.509999999776483, 455.359 ], [ 507147.5, 5398952.579, 455.333 ], [ 507146.5, 5398952.648, 455.318 ], [ 507145.5, 5398952.717000000178814, 455.303 ], [ 507144.5, 5398952.786000000312924, 455.284 ], [ 507143.5, 5398952.855000000447035, 455.279 ], [ 507142.549999999988358, 5398952.92, 455.288 ], [ 507142.57, 5398953.190000000409782, 455.282 ], [ 507142.5, 5398953.195000000298023, 455.283 ], [ 507141.5, 5398953.264000000432134, 455.286 ], [ 507140.5, 5398953.332999999634922, 455.275 ], [ 507139.5, 5398953.401999999769032, 455.259 ], [ 507138.5, 5398953.471, 455.238 ], [ 507138.083999999973457, 5398953.5, 455.223 ], [ 507137.5, 5398953.54, 455.216 ], [ 507136.5, 5398953.610000000335276, 455.211 ], [ 507135.5, 5398953.678999999538064, 455.19 ], [ 507135.479999999981374, 5398953.679999999701977, 455.182 ], [ 507135.5, 5398953.997000000439584, 455.191 ], [ 507135.532, 5398954.5, 455.196 ], [ 507135.59499999997206, 5398955.5, 455.175 ], [ 507135.62, 5398955.900000000372529, 455.165 ], [ 507135.5, 5398955.906999999657273, 455.161 ], [ 507134.5, 5398955.964999999850988, 455.112 ], [ 507134.419999999983702, 5398955.96999999973923, 455.104 ], [ 507134.454000000027008, 5398956.5, 455.092 ], [ 507134.5, 5398957.218999999575317, 455.099 ], [ 507134.517999999981839, 5398957.5, 455.101 ], [ 507134.582, 5398958.5, 455.106 ], [ 507134.599999999976717, 5398958.78000000026077, 455.112 ], [ 507134.5, 5398958.786000000312924, 455.106 ], [ 507133.5, 5398958.848000000230968, 455.06 ], [ 507132.5, 5398958.909, 455.041 ], [ 507131.5, 5398958.971, 455.061 ], [ 507130.5, 5398959.032999999821186, 455.099 ], [ 507129.57, 5398959.089999999850988, 455.162 ], [ 507129.532, 5398958.5, 455.176 ], [ 507129.5, 5398957.992999999783933, 455.159 ], [ 507129.468999999982771, 5398957.5, 455.156 ], [ 507129.40500000002794, 5398956.5, 455.094 ], [ 507129.39000000001397, 5398956.269999999552965, 455.07 ], [ 507128.5, 5398956.332000000402331, 455.073 ], [ 507127.5, 5398956.400999999605119, 455.061 ], [ 507127.21999999997206, 5398956.42, 455.051 ], [ 507127.163999999989755, 5398955.5, 455.006 ], [ 507127.103, 5398954.5, 454.935 ], [ 507127.07, 5398953.96, 454.899 ], [ 507127.5, 5398953.921, 454.913 ], [ 507127.62, 5398953.910000000149012, 454.915 ], [ 507127.648999999975786, 5398953.5, 454.898 ], [ 507127.718999999982771, 5398952.5, 454.885 ], [ 507127.729999999981374, 5398952.349999999627471, 454.889 ], [ 507127.723, 5398952.03899999987334, 454.894 ], [ 507127.743000000016764, 5398951.728000000119209, 454.9 ], [ 507127.777, 5398951.5, 454.9 ], [ 507127.788999999989755, 5398951.42, 454.9 ], [ 507127.862000000022817, 5398951.117999999783933, 454.901 ], [ 507127.961000000010245, 5398950.822999999858439, 454.901 ], [ 507128.083999999973457, 5398950.536999999545515, 454.901 ], [ 507128.104, 5398950.5, 454.901 ], [ 507128.232000000018161, 5398950.263000000268221, 454.9 ], [ 507128.403, 5398950.002999999560416, 454.899 ], [ 507128.5, 5398949.879999999888241, 454.903 ], [ 507128.596000000019558, 5398949.75899999961257, 454.904 ], [ 507128.809, 5398949.531999999657273, 454.908 ], [ 507128.84499999997206, 5398949.5, 454.909 ], [ 507129.041000000026543, 5398949.325000000186265, 454.913 ], [ 507129.289999999979045, 5398949.138000000268221, 454.92 ], [ 507129.5, 5398949.00800000037998, 454.934 ], [ 507129.554, 5398948.974000000394881, 454.936 ], [ 507129.831, 5398948.832000000402331, 454.947 ], [ 507130.12, 5398948.716, 454.963 ], [ 507130.417000000015832, 5398948.623999999836087, 454.978 ], [ 507130.5, 5398948.605999999679625, 454.996 ], [ 507130.721000000019558, 5398948.559000000357628, 455.011 ], [ 507131.03000000002794, 5398948.519999999552965, 455.034 ], [ 507131.240999999979977, 5398948.5, 455.049 ], [ 507131.5, 5398948.474999999627471, 455.095 ], [ 507132.5, 5398948.379999999888241, 455.164 ], [ 507132.60999999998603, 5398948.370000000111759, 455.168 ], [ 507132.580000000016298, 5398947.650000000372529, 455.2 ], [ 507133.5, 5398947.588999999687076, 455.211 ], [ 507134.5, 5398947.521999999880791, 455.23 ], [ 507134.830000000016298, 5398947.5, 455.248 ], [ 507135.5, 5398947.455, 455.311 ], [ 507136.330000000016298, 5398947.400000000372529, 455.39 ], [ 507136.272999999986496, 5398946.5, 455.449 ], [ 507136.25, 5398946.139999999664724, 455.483 ], [ 507136.5, 5398946.125, 455.545 ], [ 507137.5, 5398946.063, 455.608 ], [ 507138.5, 5398946.002000000327826, 455.555 ], [ 507138.69, 5398945.990000000223517, 455.547 ], [ 507138.642, 5398945.5, 455.562 ], [ 507138.544999999983702, 5398944.5, 455.589 ], [ 507138.5, 5398944.04, 455.586 ], [ 507139.5, 5398944.359000000171363, 455.561 ], [ 507139.94, 5398944.5, 455.542 ], [ 507140.409999999974389, 5398944.650000000372529, 455.528 ], [ 507140.5, 5398944.684999999590218, 455.524 ], [ 507141.5, 5398945.06900000013411, 455.508 ], [ 507141.96999999997206, 5398945.25, 455.501 ], [ 507141.983, 5398945.5, 455.489 ], [ 507142.03000000002794, 5398946.400000000372529, 455.466 ], [ 507142.5, 5398946.367999999783933, 455.46 ], [ 507143.5, 5398946.299999999813735, 455.44 ], [ 507144.5, 5398946.231999999843538, 455.421 ], [ 507145.5, 5398946.16399999987334, 455.41 ], [ 507146.5, 5398946.096, 455.408 ], [ 507147.5, 5398946.028, 455.413 ], [ 507148.5, 5398945.96, 455.424 ], [ 507149.5, 5398945.892, 455.447 ], [ 507150.5, 5398945.825000000186265, 455.474 ], [ 507151.5, 5398945.757000000216067, 455.495 ], [ 507152.5, 5398945.689000000245869, 455.515 ], [ 507153.5, 5398945.621000000275671, 455.546 ], [ 507153.51, 5398945.620000000111759, 455.546 ], [ 507153.57, 5398946.5, 455.514 ], [ 507153.63900000002468, 5398947.5, 455.537 ], [ 507153.707999999984168, 5398948.5, 455.561 ], [ 507153.777, 5398949.5, 455.562 ], [ 507153.84499999997206, 5398950.5, 455.543 ], [ 507153.849999999976717, 5398950.570000000298023, 455.541 ], [ 507154.5, 5398950.525000000372529, 455.548 ], [ 507154.868000000016764, 5398950.5, 455.546 ], [ 507155.5, 5398950.456000000238419, 455.544 ], [ 507156.5, 5398950.388000000268221, 455.557 ], [ 507157.5, 5398950.31900000013411, 455.604 ], [ 507158.5, 5398950.25, 455.691 ], [ 507159.5, 5398950.18099999986589, 455.8 ], [ 507160.5, 5398950.112999999895692, 455.913 ], [ 507161.5, 5398950.043999999761581, 456.025 ], [ 507161.99, 5398950.009999999776483, 456.069 ], [ 507161.951, 5398949.5, 456.062 ], [ 507161.875, 5398948.5, 456.062 ], [ 507161.799, 5398947.5, 456.076 ], [ 507161.723, 5398946.5, 456.096 ], [ 507161.647, 5398945.5, 456.116 ], [ 507161.571999999985565, 5398944.5, 456.131 ], [ 507161.51, 5398943.690000000409782, 456.151 ], [ 507162.5, 5398943.585, 456.319 ], [ 507163.305999999982305, 5398943.5, 456.44 ], [ 507163.5, 5398943.479000000283122, 456.519 ], [ 507164.44, 5398943.379999999888241, 456.628 ], [ 507164.39000000001397, 5398942.740000000223517, 456.677 ], [ 507164.5, 5398942.733, 456.71 ], [ 507165.5, 5398942.67, 456.776 ], [ 507166.5, 5398942.605999999679625, 456.826 ], [ 507167.5, 5398942.542999999597669, 456.897 ], [ 507168.178000000014435, 5398942.5, 456.927 ], [ 507168.5, 5398942.480000000447035, 456.954 ], [ 507169.5, 5398942.416000000201166, 456.991 ], [ 507170.229999999981374, 5398942.370000000111759, 457.029 ], [ 507170.238000000012107, 5398942.5, 457.022 ], [ 507170.302000000025146, 5398943.5, 456.956 ], [ 507170.32, 5398943.79, 456.939 ], [ 507170.5, 5398943.778, 456.948 ], [ 507171.5, 5398943.71, 456.945 ], [ 507172.5, 5398943.642, 456.859 ], [ 507173.26, 5398943.589999999850988, 456.827 ], [ 507173.329000000027008, 5398944.5, 456.827 ], [ 507173.35999999998603, 5398944.900000000372529, 456.835 ], [ 507173.5, 5398944.890999999828637, 456.835 ], [ 507174.5, 5398944.825000000186265, 456.887 ], [ 507175.5, 5398944.75899999961257, 456.965 ], [ 507176.5, 5398944.693, 457.037 ], [ 507177.5, 5398944.627999999560416, 457.101 ], [ 507178.5, 5398944.562, 457.152 ], [ 507179.436999999976251, 5398944.5, 457.182 ], [ 507179.5, 5398944.496000000275671, 457.201 ], [ 507180.5, 5398944.429999999701977, 457.24 ], [ 507181.5, 5398944.364, 457.279 ], [ 507182.5, 5398944.298000000417233, 457.304 ], [ 507182.78000000002794, 5398944.28000000026077, 457.307 ], [ 507182.793, 5398944.5, 457.28 ], [ 507182.851000000024214, 5398945.5, 457.191 ], [ 507182.908999999985099, 5398946.5, 457.114 ], [ 507182.966000000014901, 5398947.5, 457.055 ], [ 507183.023999999975786, 5398948.5, 457.019 ], [ 507183.082, 5398949.5, 456.995 ], [ 507183.14000000001397, 5398950.5, 456.952 ], [ 507183.197999999974854, 5398951.5, 456.904 ], [ 507183.256, 5398952.5, 456.857 ], [ 507183.314000000013039, 5398953.5, 456.809 ], [ 507183.371999999973923, 5398954.5, 456.77 ], [ 507183.38, 5398954.639999999664724, 456.766 ], [ 507182.5, 5398954.690000000409782, 456.804 ], [ 507181.5, 5398954.746000000275671, 456.831 ], [ 507180.5, 5398954.802000000141561, 456.873 ], [ 507179.5, 5398954.858, 456.914 ], [ 507178.5, 5398954.915, 456.95 ], [ 507177.5, 5398954.971, 456.986 ], [ 507176.5, 5398955.026999999769032, 457.023 ], [ 507175.5, 5398955.083999999798834, 457.049 ], [ 507174.5, 5398955.139999999664724, 457.066 ], [ 507174.462999999988824, 5398954.5, 457.069 ], [ 507174.406000000017229, 5398953.5, 457.093 ], [ 507174.348999999987427, 5398952.5, 457.12 ], [ 507174.292000000015832, 5398951.5, 457.115 ], [ 507174.25, 5398950.759999999776483, 457.088 ], [ 507173.5, 5398950.803000000305474, 457.082 ], [ 507172.5, 5398950.860000000335276, 457.039 ], [ 507171.5, 5398950.917999999597669, 456.978 ], [ 507170.76, 5398950.96, 456.927 ], [ 507170.791000000026543, 5398951.5, 456.94 ], [ 507170.848999999987427, 5398952.5, 456.96 ], [ 507170.906000000017229, 5398953.5, 456.972 ], [ 507170.963999999978114, 5398954.5, 456.973 ], [ 507171.021, 5398955.5, 456.969 ], [ 507171.079000000027008, 5398956.5, 456.971 ], [ 507171.136, 5398957.5, 456.973 ], [ 507171.159999999974389, 5398957.910000000149012, 456.973 ], [ 507171.5, 5398957.896999999880791, 456.994 ], [ 507172.5, 5398957.860000000335276, 457.035 ], [ 507172.51, 5398957.860000000335276, 457.036 ], [ 507172.593, 5398958.5, 457.033 ], [ 507172.69, 5398959.25, 457.018 ], [ 507173.5, 5398959.190000000409782, 457.025 ], [ 507174.5, 5398959.11699999962002, 457.022 ], [ 507175.5, 5398959.042999999597669, 457.024 ], [ 507176.5, 5398958.96999999973923, 456.996 ], [ 507176.53000000002794, 5398959.5, 456.98 ], [ 507176.587, 5398960.5, 456.944 ], [ 507176.643999999971129, 5398961.5, 456.921 ], [ 507176.701, 5398962.5, 456.896 ], [ 507176.756999999983236, 5398963.5, 456.87 ], [ 507176.814000000013039, 5398964.5, 456.879 ], [ 507176.870999999984633, 5398965.5, 456.906 ], [ 507176.928000000014435, 5398966.5, 456.908 ], [ 507176.98499999998603, 5398967.5, 456.748 ], [ 507177.03000000002794, 5398968.299999999813735, 456.586 ], [ 507176.5, 5398968.335, 456.556 ], [ 507176.12, 5398968.360000000335276, 456.547 ], [ 507176.086000000010245, 5398968.5, 456.466 ], [ 507175.843, 5398969.5, 456.193 ], [ 507175.68, 5398970.17, 456.104 ], [ 507176.5, 5398970.358, 456.008 ], [ 507177.119, 5398970.5, 456.031 ], [ 507177.5, 5398970.587000000290573, 456.103 ], [ 507177.729999999981374, 5398970.639999999664724, 456.137 ], [ 507177.527, 5398971.5, 456.101 ], [ 507177.5, 5398971.612999999895692, 456.102 ], [ 507177.291000000026543, 5398972.5, 456.091 ], [ 507177.054, 5398973.5, 456.088 ], [ 507176.818000000028405, 5398974.5, 456.104 ], [ 507176.60999999998603, 5398975.379999999888241, 456.098 ], [ 507176.5, 5398975.354000000283122, 456.084 ], [ 507175.520000000018626, 5398975.120000000111759, 455.983 ], [ 507175.5, 5398975.204, 455.978 ], [ 507175.43, 5398975.5, 455.939 ], [ 507175.191, 5398976.5, 455.88 ], [ 507174.952999999979511, 5398977.5, 455.884 ], [ 507174.715000000025611, 5398978.5, 455.941 ], [ 507174.520000000018626, 5398979.320000000298023, 455.949 ], [ 507174.5, 5398979.315999999642372, 455.949 ], [ 507173.5, 5398979.092000000178814, 455.963 ], [ 507172.5, 5398978.867999999783933, 455.954 ], [ 507171.5, 5398978.644999999552965, 455.957 ], [ 507170.853, 5398978.5, 455.973 ], [ 507170.5, 5398978.421, 455.96 ], [ 507169.78000000002794, 5398978.259999999776483, 455.925 ], [ 507169.949000000022352, 5398977.5, 455.898 ], [ 507170.020000000018626, 5398977.179999999701977, 455.881 ], [ 507169.5, 5398977.054999999701977, 455.865 ], [ 507168.5, 5398976.815999999642372, 455.848 ], [ 507167.5, 5398976.576000000350177, 455.847 ], [ 507167.183000000019092, 5398976.5, 455.86 ], [ 507166.5, 5398976.33600000012666, 455.87 ], [ 507165.89000000001397, 5398976.190000000409782, 455.901 ], [ 507166.048, 5398975.5, 455.904 ], [ 507166.276000000012573, 5398974.5, 455.942 ], [ 507166.5, 5398973.518000000156462, 455.969 ], [ 507166.504000000015367, 5398973.5, 455.969 ], [ 507166.68, 5398972.730000000447035, 455.949 ], [ 507167.5, 5398972.92, 456.026 ], [ 507167.76, 5398972.980000000447035, 456.034 ], [ 507167.870999999984633, 5398972.5, 456.079 ], [ 507168.101000000024214, 5398971.5, 456.255 ], [ 507168.332, 5398970.5, 456.377 ], [ 507168.5, 5398969.769000000320375, 456.413 ], [ 507168.561999999976251, 5398969.5, 456.42 ], [ 507168.793, 5398968.5, 456.391 ], [ 507169.022999999986496, 5398967.5, 456.353 ], [ 507169.03000000002794, 5398967.46999999973923, 456.39 ], [ 507169.157, 5398967.5, 456.331 ], [ 507169.5, 5398967.581000000238419, 456.219 ], [ 507170.0, 5398967.700000000186265, 456.184 ], [ 507170.044999999983702, 5398967.5, 456.163 ], [ 507170.270000000018626, 5398966.5, 456.266 ], [ 507170.32, 5398966.28000000026077, 456.372 ], [ 507170.5, 5398966.332000000402331, 456.343 ], [ 507171.087, 5398966.5, 456.303 ], [ 507171.5, 5398966.617999999783933, 456.372 ], [ 507171.68, 5398966.67, 456.42 ], [ 507171.669, 5398966.5, 456.428 ], [ 507171.602000000013504, 5398965.5, 456.664 ], [ 507171.534999999974389, 5398964.5, 456.915 ], [ 507171.5, 5398963.96999999973923, 456.947 ], [ 507171.468999999982771, 5398963.5, 456.937 ], [ 507171.43, 5398962.92, 456.912 ], [ 507170.5, 5398962.980999999679625, 456.91 ], [ 507169.5, 5398963.04700000025332, 456.92 ], [ 507168.5, 5398963.111999999731779, 456.808 ], [ 507167.5, 5398963.178000000305474, 456.741 ], [ 507167.46999999997206, 5398963.179999999701977, 456.742 ], [ 507167.492000000027474, 5398963.5, 456.735 ], [ 507167.5, 5398963.622000000439584, 456.726 ], [ 507167.56, 5398964.5, 456.718 ], [ 507167.62, 5398965.389999999664724, 456.733 ], [ 507167.5, 5398965.398, 456.733 ], [ 507166.5, 5398965.466, 456.75 ], [ 507165.994, 5398965.5, 456.7 ], [ 507165.5, 5398965.532999999821186, 456.66 ], [ 507164.5, 5398965.600999999791384, 456.552 ], [ 507163.5, 5398965.668999999761581, 456.507 ], [ 507162.5, 5398965.735999999567866, 456.474 ], [ 507161.56, 5398965.799999999813735, 456.444 ], [ 507161.538, 5398965.5, 456.473 ], [ 507161.5, 5398964.981999999843538, 456.521 ], [ 507161.465000000025611, 5398964.5, 456.545 ], [ 507161.400000000023283, 5398963.620000000111759, 456.588 ], [ 507160.5, 5398963.685999999754131, 456.563 ], [ 507159.5, 5398963.759999999776483, 456.527 ], [ 507158.5, 5398963.832999999634922, 456.481 ], [ 507158.0, 5398963.870000000111759, 456.426 ], [ 507157.979, 5398963.5, 456.433 ], [ 507157.924, 5398962.5, 456.466 ], [ 507157.868000000016764, 5398961.5, 456.474 ], [ 507157.813000000023749, 5398960.5, 456.418 ], [ 507157.81, 5398960.450000000186265, 456.394 ], [ 507157.5, 5398960.467000000178814, 456.372 ], [ 507156.885, 5398960.5, 456.257 ], [ 507156.5, 5398960.520999999716878, 456.184 ], [ 507155.5, 5398960.575000000186265, 455.826 ], [ 507154.5, 5398960.628999999724329, 455.549 ], [ 507154.479999999981374, 5398960.629999999888241, 455.513 ], [ 507154.5, 5398960.981999999843538, 455.54 ], [ 507154.528999999980442, 5398961.5, 455.531 ], [ 507154.586000000010245, 5398962.5, 455.524 ], [ 507154.642999999981839, 5398963.5, 455.542 ], [ 507154.700000000011642, 5398964.5, 455.588 ], [ 507154.729999999981374, 5398965.03000000026077, 455.635 ], [ 507154.5, 5398965.046, 455.605 ], [ 507153.5, 5398965.112999999895692, 455.51 ], [ 507152.520000000018626, 5398965.179999999701977, 455.492 ], [ 507152.542000000015832, 5398965.5, 455.557 ], [ 507152.580000000016298, 5398966.04, 455.62 ], [ 507152.5, 5398966.046, 455.618 ], [ 507151.5, 5398966.117999999783933, 455.592 ], [ 507150.5, 5398966.190000000409782, 455.515 ], [ 507150.229999999981374, 5398966.21, 455.481 ], [ 507150.18, 5398965.5, 455.404 ], [ 507150.169999999983702, 5398965.349999999627471, 455.393 ], [ 507149.5, 5398965.396999999880791, 455.371 ], [ 507148.5, 5398965.468000000342727, 455.381 ], [ 507148.053000000014435, 5398965.5, 455.381 ], [ 507147.5, 5398965.53899999987334, 455.382 ], [ 507146.5, 5398965.610000000335276, 455.373 ], [ 507146.492000000027474, 5398965.5, 455.367 ], [ 507146.423, 5398964.5, 455.356 ], [ 507146.400000000023283, 5398964.160000000149012, 455.339 ], [ 507145.5, 5398964.218999999575317, 455.327 ], [ 507144.5, 5398964.285000000149012, 455.307 ], [ 507144.270000000018626, 5398964.299999999813735, 455.296 ], [ 507144.206, 5398963.5, 455.269 ], [ 507144.12599999998929, 5398962.5, 455.248 ], [ 507144.099999999976717, 5398962.17, 455.248 ], [ 507143.5, 5398962.212000000290573, 455.236 ], [ 507142.68, 5398962.269999999552965, 455.218 ], [ 507142.63, 5398961.5, 455.22 ], [ 507142.564000000013039, 5398960.5, 455.222 ], [ 507142.5, 5398959.514999999664724, 455.233 ], [ 507142.49900000001071, 5398959.5, 455.229 ], [ 507142.450000000011642, 5398958.75, 455.248 ], [ 507141.799999999988358, 5398958.79, 455.235 ], [ 507141.78000000002794, 5398958.5, 455.239 ], [ 507141.711000000010245, 5398957.5, 455.247 ], [ 507141.642, 5398956.5, 455.257 ], [ 507141.580000000016298, 5398955.599999999627471, 455.255 ], [ 507142.5, 5398955.535000000149012, 455.281 ], [ 507142.995, 5398955.5, 455.292 ], [ 507143.5, 5398955.463999999687076, 455.304 ], [ 507144.5, 5398955.394000000320375, 455.321 ], [ 507145.400000000023283, 5398955.33, 455.323 ], [ 507145.411000000021886, 5398955.5, 455.333 ], [ 507145.479, 5398956.5, 455.328 ], [ 507145.5, 5398956.816999999806285, 455.317 ], [ 507145.545999999972992, 5398957.5, 455.312 ], [ 507145.549999999988358, 5398957.559999999590218, 455.312 ], [ 507146.427000000025146, 5398957.5, 455.317 ], [ 507146.5, 5398957.495000000111759, 455.319 ], [ 507147.5, 5398957.427000000141561, 455.345 ], [ 507148.5, 5398957.358, 455.37 ], [ 507149.5, 5398957.29, 455.381 ], [ 507150.5, 5398957.221, 455.391 ], [ 507151.5, 5398957.153, 455.421 ], [ 507151.979999999981374, 5398957.120000000111759, 455.437 ], [ 507152.005, 5398957.5, 455.435 ], [ 507152.071999999985565, 5398958.5, 455.42 ], [ 507152.12, 5398959.230000000447035, 455.4 ] ] ] } },
{ "type": "Feature", "properties": { "fid": 434, "gml_id": "DEBW_5221000QyQL", "creationDate": "2025-01-08", "informationSystem": "http://repository.gdi-de.org/schemas/adv/citygml/fdv/art.htm#_9100", "name": "DEBWL5221000QyQL", "Gemeindeschluessel": "08111000", "Geometrietyp2DReferenz": 3000, "DatenquelleDachhoehe": [ 1000 ], "Grundrissaktualitaet": "2024-04-01", "DatenquelleBodenhoehe": [ 1100 ], "DatenquelleLage": [ 1000 ], "function": "31001_3024", "roofType": 5000, "measuredHeight": 26.656, "measuredHeight_uom": "urn:adv:uom:m", "CountryName": "Germany", "LocalityName": "Stuttgart", "ThoroughfareName": "Nobelstraße", "consistsOfBuildingPart|BuildingPart|creationDate": null, "consistsOfBuildingPart|BuildingPart|roofType": null, "consistsOfBuildingPart|BuildingPart|measuredHeight": null, "consistsOfBuildingPart|BuildingPart|measuredHeight_uom": null, "ThoroughfareNumber": null, "name_": null }, "geometry": { "type": "MultiLineString", "coordinates": [ [ [ 507235.85999999998603, 5398769.549999999813735, 455.593 ], [ 507235.922000000020489, 5398770.5, 455.587 ], [ 507235.988000000012107, 5398771.5, 455.565 ], [ 507236.053000000014435, 5398772.5, 455.562 ], [ 507236.119, 5398773.5, 455.572 ], [ 507236.184, 5398774.5, 455.568 ], [ 507236.25, 5398775.5, 455.551 ], [ 507236.315, 5398776.5, 455.542 ], [ 507236.381, 5398777.5, 455.542 ], [ 507236.446, 5398778.5, 455.54 ], [ 507236.5, 5398779.325000000186265, 455.603 ], [ 507236.511, 5398779.5, 455.654 ], [ 507236.577, 5398780.5, 455.898 ], [ 507236.642, 5398781.5, 456.047 ], [ 507236.707999999984168, 5398782.5, 456.07 ], [ 507236.772999999986496, 5398783.5, 456.067 ], [ 507236.838999999978114, 5398784.5, 456.054 ], [ 507236.903999999980442, 5398785.5, 456.078 ], [ 507236.919999999983702, 5398785.740000000223517, 456.084 ], [ 507236.968999999982771, 5398786.5, 456.098 ], [ 507237.033999999985099, 5398787.5, 456.133 ], [ 507237.098999999987427, 5398788.5, 457.391 ], [ 507237.163, 5398789.5, 458.433 ], [ 507237.18, 5398789.759999999776483, 458.452 ], [ 507236.5, 5398789.804999999701977, 458.402 ], [ 507235.5, 5398789.871000000275671, 458.391 ], [ 507234.5, 5398789.937, 458.452 ], [ 507233.5, 5398790.002999999560416, 458.477 ], [ 507232.5, 5398790.06900000013411, 458.474 ], [ 507231.5, 5398790.134999999776483, 458.463 ], [ 507230.5, 5398790.201000000350177, 458.442 ], [ 507229.5, 5398790.267, 458.407 ], [ 507228.5, 5398790.332999999634922, 458.386 ], [ 507227.5, 5398790.399000000208616, 458.368 ], [ 507226.5, 5398790.464999999850988, 458.387 ], [ 507225.976000000024214, 5398790.5, 458.437 ], [ 507225.5, 5398790.531000000424683, 458.447 ], [ 507224.5, 5398790.597, 458.413 ], [ 507224.31, 5398790.610000000335276, 458.365 ], [ 507224.302000000025146, 5398790.5, 458.362 ], [ 507224.234, 5398789.5, 458.307 ], [ 507224.166000000026543, 5398788.5, 457.73 ], [ 507224.098, 5398787.5, 456.009 ], [ 507224.03000000002794, 5398786.5, 454.451 ], [ 507223.962, 5398785.5, 454.127 ], [ 507223.950000000011642, 5398785.33, 454.129 ], [ 507223.893999999971129, 5398784.5, 454.113 ], [ 507223.826, 5398783.5, 454.25 ], [ 507223.757999999972526, 5398782.5, 454.413 ], [ 507223.69, 5398781.5, 454.056 ], [ 507223.621999999973923, 5398780.5, 453.649 ], [ 507223.554, 5398779.5, 453.606 ], [ 507223.5, 5398778.70299999974668, 453.588 ], [ 507223.48599999997532, 5398778.5, 453.582 ], [ 507223.418, 5398777.5, 453.581 ], [ 507223.349999999976717, 5398776.5, 453.575 ], [ 507223.283, 5398775.5, 453.553 ], [ 507223.215000000025611, 5398774.5, 453.545 ], [ 507223.147, 5398773.5, 453.572 ], [ 507223.079000000027008, 5398772.5, 453.965 ], [ 507223.011, 5398771.5, 454.696 ], [ 507222.960000000020955, 5398770.75, 454.889 ], [ 507222.5, 5398770.781999999657273, 454.894 ], [ 507221.5, 5398770.852, 454.924 ], [ 507220.5, 5398770.92200000025332, 455.031 ], [ 507220.39000000001397, 5398770.929999999701977, 455.082 ], [ 507220.433000000019092, 5398771.5, 455.038 ], [ 507220.46999999997206, 5398772.0, 455.034 ], [ 507219.5, 5398772.066999999806285, 455.077 ], [ 507218.5, 5398772.134999999776483, 455.041 ], [ 507217.5, 5398772.204, 455.034 ], [ 507216.5, 5398772.273, 455.058 ], [ 507215.5, 5398772.341, 454.88 ], [ 507214.5, 5398772.410000000149012, 454.38 ], [ 507213.5, 5398772.479000000283122, 453.771 ], [ 507213.193000000028405, 5398772.5, 453.622 ], [ 507212.5, 5398772.548000000417233, 453.509 ], [ 507211.5, 5398772.61600000038743, 453.554 ], [ 507210.5, 5398772.684999999590218, 453.565 ], [ 507209.5, 5398772.753999999724329, 453.553 ], [ 507208.5, 5398772.821999999694526, 453.564 ], [ 507207.5, 5398772.890999999828637, 453.555 ], [ 507206.5, 5398772.96, 453.524 ], [ 507205.5, 5398773.029, 453.535 ], [ 507204.5, 5398773.097, 453.54 ], [ 507203.5, 5398773.166000000201166, 453.504 ], [ 507202.5, 5398773.235000000335276, 453.493 ], [ 507201.5, 5398773.303000000305474, 453.511 ], [ 507200.5, 5398773.372000000439584, 453.859 ], [ 507199.5, 5398773.440999999642372, 454.598 ], [ 507198.637999999977183, 5398773.5, 454.641 ], [ 507198.5, 5398773.50899999961257, 454.626 ], [ 507197.5, 5398773.57799999974668, 454.052 ], [ 507196.5, 5398773.646999999880791, 454.085 ], [ 507195.5, 5398773.716, 455.627 ], [ 507195.289999999979045, 5398773.730000000447035, 456.681 ], [ 507195.275000000023283, 5398773.5, 456.665 ], [ 507195.207, 5398772.5, 456.818 ], [ 507195.14000000001397, 5398771.5, 456.903 ], [ 507195.10999999998603, 5398771.049999999813735, 456.614 ], [ 507195.072999999974854, 5398770.5, 456.517 ], [ 507195.005, 5398769.5, 455.955 ], [ 507194.936999999976251, 5398768.5, 455.707 ], [ 507194.869, 5398767.5, 455.669 ], [ 507194.802000000025146, 5398766.5, 455.663 ], [ 507194.74, 5398765.589999999850988, 455.655 ], [ 507194.74, 5398765.53000000026077, 455.654 ], [ 507194.5, 5398765.548000000417233, 455.653 ], [ 507194.06, 5398765.58, 455.653 ], [ 507194.054, 5398765.5, 455.653 ], [ 507193.981000000028871, 5398764.5, 455.667 ], [ 507193.908999999985099, 5398763.5, 455.667 ], [ 507193.836000000010245, 5398762.5, 455.678 ], [ 507193.82, 5398762.28000000026077, 455.674 ], [ 507194.5, 5398762.228000000119209, 455.681 ], [ 507195.5, 5398762.150999999605119, 455.685 ], [ 507196.5, 5398762.074, 455.685 ], [ 507197.200000000011642, 5398762.019999999552965, 455.69 ], [ 507197.162000000011176, 5398761.5, 455.686 ], [ 507197.087999999988824, 5398760.5, 455.675 ], [ 507197.01500000001397, 5398759.5, 455.672 ], [ 507196.96999999997206, 5398758.889999999664724, 455.677 ], [ 507197.5, 5398758.849000000394881, 455.688 ], [ 507198.5, 5398758.770999999716878, 455.698 ], [ 507199.5, 5398758.693, 455.7 ], [ 507200.5, 5398758.615000000223517, 455.687 ], [ 507201.5, 5398758.536999999545515, 455.661 ], [ 507201.982000000018161, 5398758.5, 455.658 ], [ 507202.5, 5398758.46, 455.66 ], [ 507203.5, 5398758.382000000216067, 455.674 ], [ 507204.5, 5398758.303999999538064, 455.685 ], [ 507205.5, 5398758.225999999791384, 455.685 ], [ 507205.580000000016298, 5398758.21999999973923, 455.684 ], [ 507205.532, 5398757.5, 455.689 ], [ 507205.5, 5398757.009999999776483, 455.69 ], [ 507205.466000000014901, 5398756.5, 455.686 ], [ 507205.400000000023283, 5398755.5, 455.674 ], [ 507205.333999999973457, 5398754.5, 455.7 ], [ 507205.267999999981839, 5398753.5, 455.793 ], [ 507205.202, 5398752.5, 455.864 ], [ 507205.136, 5398751.5, 455.827 ], [ 507205.07, 5398750.5, 455.764 ], [ 507205.004000000015367, 5398749.5, 455.712 ], [ 507204.938000000023749, 5398748.5, 455.688 ], [ 507204.871999999973923, 5398747.5, 455.681 ], [ 507204.805, 5398746.5, 455.71 ], [ 507204.74, 5398745.509999999776483, 455.76 ], [ 507204.739, 5398745.5, 455.76 ], [ 507204.669999999983702, 5398744.5, 455.771 ], [ 507204.601000000024214, 5398743.5, 455.75 ], [ 507204.532, 5398742.5, 455.734 ], [ 507204.5, 5398742.035000000149012, 455.727 ], [ 507204.49, 5398741.889999999664724, 455.725 ], [ 507204.479999999981374, 5398741.679999999701977, 455.722 ], [ 507204.5, 5398741.678999999538064, 455.722 ], [ 507205.5, 5398741.610999999567866, 455.721 ], [ 507206.5, 5398741.542999999597669, 455.716 ], [ 507207.13, 5398741.5, 455.685 ], [ 507207.5, 5398741.474999999627471, 455.64 ], [ 507208.5, 5398741.406999999657273, 455.556 ], [ 507209.5, 5398741.338999999687076, 455.632 ], [ 507210.5, 5398741.270999999716878, 455.719 ], [ 507211.5, 5398741.20299999974668, 455.725 ], [ 507212.5, 5398741.134999999776483, 455.717 ], [ 507213.5, 5398741.066999999806285, 455.729 ], [ 507214.5, 5398740.998999999836087, 455.735 ], [ 507215.5, 5398740.932, 455.735 ], [ 507216.5, 5398740.864, 455.742 ], [ 507217.5, 5398740.796, 455.733 ], [ 507218.5, 5398740.728000000119209, 455.727 ], [ 507219.5, 5398740.660000000149012, 455.742 ], [ 507220.5, 5398740.592000000178814, 455.739 ], [ 507221.5, 5398740.524000000208616, 455.721 ], [ 507221.853, 5398740.5, 455.719 ], [ 507222.5, 5398740.456000000238419, 455.712 ], [ 507223.5, 5398740.388000000268221, 455.707 ], [ 507224.5, 5398740.320000000298023, 455.701 ], [ 507225.5, 5398740.252000000327826, 455.706 ], [ 507226.270000000018626, 5398740.200000000186265, 455.708 ], [ 507226.5, 5398740.184000000357628, 455.709 ], [ 507227.5, 5398740.11600000038743, 455.703 ], [ 507228.5, 5398740.048000000417233, 455.701 ], [ 507229.5, 5398739.980000000447035, 455.707 ], [ 507229.64000000001397, 5398739.96999999973923, 455.707 ], [ 507230.5, 5398739.911000000312924, 455.705 ], [ 507231.5, 5398739.843000000342727, 455.701 ], [ 507232.5, 5398739.774000000208616, 455.701 ], [ 507233.5, 5398739.706000000238419, 455.701 ], [ 507234.5, 5398739.638000000268221, 455.715 ], [ 507235.5, 5398739.56900000013411, 455.718 ], [ 507236.5, 5398739.501000000163913, 455.71 ], [ 507236.51500000001397, 5398739.5, 455.71 ], [ 507237.099999999976717, 5398739.46, 455.707 ], [ 507237.103, 5398739.5, 455.708 ], [ 507237.170999999972992, 5398740.5, 455.713 ], [ 507237.239, 5398741.5, 455.716 ], [ 507237.306999999971595, 5398742.5, 455.708 ], [ 507237.375, 5398743.5, 455.685 ], [ 507237.444000000017695, 5398744.5, 455.659 ], [ 507237.5, 5398745.329, 455.648 ], [ 507237.511999999987893, 5398745.5, 455.639 ], [ 507237.580000000016298, 5398746.5, 455.616 ], [ 507237.647999999986496, 5398747.5, 455.602 ], [ 507237.716000000014901, 5398748.5, 455.605 ], [ 507237.783999999985099, 5398749.5, 455.615 ], [ 507237.852000000013504, 5398750.5, 455.638 ], [ 507237.920999999972992, 5398751.5, 455.662 ], [ 507237.989, 5398752.5, 455.669 ], [ 507238.056999999971595, 5398753.5, 455.669 ], [ 507238.125, 5398754.5, 455.671 ], [ 507238.193000000028405, 5398755.5, 455.673 ], [ 507238.261, 5398756.5, 455.674 ], [ 507238.330000000016298, 5398757.5, 455.662 ], [ 507238.397999999986496, 5398758.5, 455.641 ], [ 507238.466000000014901, 5398759.5, 455.621 ], [ 507238.5, 5398760.0, 455.624 ], [ 507237.5, 5398760.074, 455.576 ], [ 507237.14000000001397, 5398760.099999999627471, 455.548 ], [ 507237.164999999979045, 5398760.5, 455.534 ], [ 507237.19, 5398760.900000000372529, 455.528 ], [ 507237.5, 5398760.876000000163913, 455.556 ], [ 507238.5, 5398760.798999999649823, 455.61 ], [ 507239.5, 5398760.723000000230968, 455.653 ], [ 507240.5, 5398760.645999999716878, 455.676 ], [ 507241.5, 5398760.56900000013411, 455.679 ], [ 507242.396, 5398760.5, 455.678 ], [ 507242.5, 5398760.49199999962002, 455.675 ], [ 507243.5, 5398760.415, 455.673 ], [ 507244.5, 5398760.338000000454485, 455.664 ], [ 507245.5, 5398760.262000000104308, 455.659 ], [ 507246.5, 5398760.184999999590218, 455.664 ], [ 507247.5, 5398760.108, 455.666 ], [ 507248.5, 5398760.031000000424683, 455.663 ], [ 507249.5, 5398759.954, 455.671 ], [ 507250.5, 5398759.877000000327826, 455.694 ], [ 507251.5, 5398759.801, 455.722 ], [ 507252.5, 5398759.724000000394881, 455.764 ], [ 507253.5, 5398759.646999999880791, 455.828 ], [ 507253.849999999976717, 5398759.620000000111759, 455.848 ], [ 507253.909999999974389, 5398760.5, 455.844 ], [ 507253.979, 5398761.5, 455.885 ], [ 507254.047000000020489, 5398762.5, 455.927 ], [ 507254.115999999979977, 5398763.5, 455.981 ], [ 507254.184, 5398764.5, 456.077 ], [ 507254.25199999997858, 5398765.5, 456.229 ], [ 507254.321, 5398766.5, 456.39 ], [ 507254.38900000002468, 5398767.5, 456.475 ], [ 507254.39000000001397, 5398767.509999999776483, 456.476 ], [ 507253.5, 5398767.570000000298023, 456.487 ], [ 507252.5, 5398767.638000000268221, 456.551 ], [ 507251.5, 5398767.706000000238419, 456.49 ], [ 507250.710000000020955, 5398767.759999999776483, 456.304 ], [ 507250.759000000020023, 5398768.5, 456.32 ], [ 507250.789999999979045, 5398768.980000000447035, 456.318 ], [ 507250.5, 5398768.998999999836087, 456.27 ], [ 507249.5, 5398769.065999999642372, 456.042 ], [ 507248.5, 5398769.13300000037998, 456.052 ], [ 507247.5, 5398769.200000000186265, 456.06 ], [ 507246.5, 5398769.265999999828637, 456.024 ], [ 507245.5, 5398769.332999999634922, 456.001 ], [ 507244.5, 5398769.400000000372529, 455.891 ], [ 507243.5, 5398769.467000000178814, 455.668 ], [ 507243.00199999997858, 5398769.5, 455.616 ], [ 507242.5, 5398769.532999999821186, 455.593 ], [ 507241.5, 5398769.599999999627471, 455.595 ], [ 507240.5, 5398769.667000000365078, 455.611 ], [ 507239.5, 5398769.734000000171363, 455.618 ], [ 507238.5, 5398769.801, 455.613 ], [ 507237.5, 5398769.86699999962002, 455.625 ], [ 507237.460000000020955, 5398769.870000000111759, 455.631 ], [ 507237.434, 5398769.5, 455.635 ], [ 507237.43, 5398769.450000000186265, 455.63 ], [ 507236.645000000018626, 5398769.5, 455.635 ], [ 507236.5, 5398769.50899999961257, 455.635 ], [ 507235.85999999998603, 5398769.549999999813735, 455.593 ] ] ] } },
{ "type": "Feature", "properties": { "fid": 498, "gml_id": "DEBW_5221000QwuW", "creationDate": "2025-01-08", "informationSystem": "http://repository.gdi-de.org/schemas/adv/citygml/fdv/art.htm#_9100", "name": "DEBWL5221000QwuW", "Gemeindeschluessel": "08111000", "Geometrietyp2DReferenz": 3000, "DatenquelleDachhoehe": [ 1000 ], "Grundrissaktualitaet": "2024-04-01", "DatenquelleBodenhoehe": [ 1100 ], "DatenquelleLage": [ 1000 ], "function": "31001_1010", "roofType": 1000, "measuredHeight": 8.424, "measuredHeight_uom": "urn:adv:uom:m", "CountryName": "Germany", "LocalityName": "Stuttgart", "ThoroughfareName": "Allmandring", "consistsOfBuildingPart|BuildingPart|creationDate": null, "consistsOfBuildingPart|BuildingPart|roofType": null, "consistsOfBuildingPart|BuildingPart|measuredHeight": null, "consistsOfBuildingPart|BuildingPart|measuredHeight_uom": null, "ThoroughfareNumber": "3I, null", "name_": null }, "geometry": { "type": "MultiLineString", "coordinates": [ [ [ 507375.78000000002794, 5398840.370000000111759, 458.49 ], [ 507376.5, 5398840.320000000298023, 458.482 ], [ 507377.5, 5398840.251000000163913, 458.48 ], [ 507378.5, 5398840.183000000193715, 458.472 ], [ 507379.5, 5398840.114, 458.468 ], [ 507380.5, 5398840.045, 458.471 ], [ 507381.5, 5398839.975999999791384, 458.468 ], [ 507382.5, 5398839.906999999657273, 458.48 ], [ 507383.18, 5398839.860000000335276, 458.482 ], [ 507383.223999999987427, 5398840.5, 458.484 ], [ 507383.292000000015832, 5398841.5, 458.485 ], [ 507383.36099999997532, 5398842.5, 458.475 ], [ 507383.429, 5398843.5, 458.48 ], [ 507383.49800000002142, 5398844.5, 458.482 ], [ 507383.5, 5398844.535000000149012, 458.48 ], [ 507383.566, 5398845.5, 458.478 ], [ 507383.634000000020023, 5398846.5, 458.483 ], [ 507383.702999999979511, 5398847.5, 458.472 ], [ 507383.771, 5398848.5, 458.471 ], [ 507383.840000000025611, 5398849.5, 458.478 ], [ 507383.908, 5398850.5, 458.471 ], [ 507383.977000000013504, 5398851.5, 458.461 ], [ 507384.044999999983702, 5398852.5, 458.461 ], [ 507384.114, 5398853.5, 458.457 ], [ 507384.181999999971595, 5398854.5, 458.458 ], [ 507384.25, 5398855.5, 458.464 ], [ 507384.319000000017695, 5398856.5, 458.465 ], [ 507384.386999999987893, 5398857.5, 458.471 ], [ 507384.456, 5398858.5, 458.485 ], [ 507384.5, 5398859.144999999552965, 458.487 ], [ 507384.523999999975786, 5398859.5, 458.487 ], [ 507384.593, 5398860.5, 458.48 ], [ 507384.661000000021886, 5398861.5, 458.476 ], [ 507384.729999999981374, 5398862.5, 458.477 ], [ 507384.798, 5398863.5, 458.48 ], [ 507384.865999999979977, 5398864.5, 458.486 ], [ 507384.935, 5398865.5, 458.502 ], [ 507384.950000000011642, 5398865.71999999973923, 458.504 ], [ 507384.5, 5398865.751000000163913, 458.506 ], [ 507383.5, 5398865.820000000298023, 458.507 ], [ 507382.5, 5398865.889000000432134, 458.505 ], [ 507381.5, 5398865.957999999634922, 458.501 ], [ 507380.5, 5398866.026999999769032, 458.498 ], [ 507379.5, 5398866.096, 458.495 ], [ 507378.5, 5398866.165, 458.493 ], [ 507377.549999999988358, 5398866.230000000447035, 458.489 ], [ 507377.503000000026077, 5398865.5, 458.489 ], [ 507377.5, 5398865.46100000012666, 458.489 ], [ 507377.46999999997206, 5398865.0, 458.487 ], [ 507376.5, 5398865.06900000013411, 458.483 ], [ 507375.5, 5398865.139999999664724, 458.479 ], [ 507375.21999999997206, 5398865.160000000149012, 458.477 ], [ 507375.178000000014435, 5398864.5, 458.476 ], [ 507375.113000000012107, 5398863.5, 458.481 ], [ 507375.049, 5398862.5, 458.481 ], [ 507374.984, 5398861.5, 458.48 ], [ 507374.919999999983702, 5398860.5, 458.476 ], [ 507374.88, 5398859.879999999888241, 458.475 ], [ 507375.5, 5398859.838000000454485, 458.478 ], [ 507376.5, 5398859.770999999716878, 458.487 ], [ 507377.10999999998603, 5398859.730000000447035, 458.489 ], [ 507377.093999999982771, 5398859.5, 458.489 ], [ 507377.026000000012573, 5398858.5, 458.482 ], [ 507376.957, 5398857.5, 458.477 ], [ 507376.88900000002468, 5398856.5, 458.483 ], [ 507376.821, 5398855.5, 458.486 ], [ 507376.75199999997858, 5398854.5, 458.479 ], [ 507376.684, 5398853.5, 458.481 ], [ 507376.615, 5398852.5, 458.489 ], [ 507376.590000000025611, 5398852.129999999888241, 458.488 ], [ 507376.5, 5398852.136, 458.489 ], [ 507375.5, 5398852.207999999634922, 458.493 ], [ 507374.5, 5398852.279, 458.49 ], [ 507374.340000000025611, 5398852.29, 458.488 ], [ 507374.286000000021886, 5398851.5, 458.486 ], [ 507374.218, 5398850.5, 458.488 ], [ 507374.150000000023283, 5398849.5, 458.491 ], [ 507374.082, 5398848.5, 458.491 ], [ 507374.012999999977183, 5398847.5, 458.493 ], [ 507373.979999999981374, 5398847.009999999776483, 458.498 ], [ 507374.5, 5398846.974999999627471, 458.503 ], [ 507375.5, 5398846.909, 458.499 ], [ 507376.229999999981374, 5398846.860000000335276, 458.494 ], [ 507376.205000000016298, 5398846.5, 458.494 ], [ 507376.136, 5398845.5, 458.491 ], [ 507376.066, 5398844.5, 458.486 ], [ 507375.996999999973923, 5398843.5, 458.484 ], [ 507375.928000000014435, 5398842.5, 458.484 ], [ 507375.858, 5398841.5, 458.487 ], [ 507375.788999999989755, 5398840.5, 458.49 ], [ 507375.78000000002794, 5398840.370000000111759, 458.49 ] ] ] } },
{ "type": "Feature", "properties": { "fid": 504, "gml_id": "DEBW_5221000QuiG", "creationDate": "2025-01-08", "informationSystem": "http://repository.gdi-de.org/schemas/adv/citygml/fdv/art.htm#_9100", "name": "DEBWL5221000QuiG", "Gemeindeschluessel": "08111000", "Geometrietyp2DReferenz": 3000, "DatenquelleDachhoehe": [ 1000 ], "Grundrissaktualitaet": "2024-04-01", "DatenquelleBodenhoehe": [ 1100 ], "DatenquelleLage": [ 1000 ], "function": "31001_2463", "roofType": 1000, "measuredHeight": 2.625, "measuredHeight_uom": "urn:adv:uom:m", "CountryName": "Germany", "LocalityName": "Stuttgart", "ThoroughfareName": "Allmandring", "consistsOfBuildingPart|BuildingPart|creationDate": null, "consistsOfBuildingPart|BuildingPart|roofType": null, "consistsOfBuildingPart|BuildingPart|measuredHeight": null, "consistsOfBuildingPart|BuildingPart|measuredHeight_uom": null, "ThoroughfareNumber": null, "name_": null }, "geometry": { "type": "MultiLineString", "coordinates": [ [ [ 507402.56, 5398918.570000000298023, 457.675 ], [ 507403.5, 5398918.50800000037998, 457.743 ], [ 507403.619, 5398918.5, 457.748 ], [ 507404.5, 5398918.441999999806285, 457.793 ], [ 507405.5, 5398918.376000000163913, 457.835 ], [ 507406.5, 5398918.309000000357628, 457.876 ], [ 507407.5, 5398918.242999999783933, 457.927 ], [ 507408.5, 5398918.177000000141561, 457.974 ], [ 507409.5, 5398918.110999999567866, 458.021 ], [ 507409.96999999997206, 5398918.08, 458.037 ], [ 507409.99900000001071, 5398918.5, 458.04 ], [ 507410.069000000017695, 5398919.5, 458.054 ], [ 507410.13900000002468, 5398920.5, 458.024 ], [ 507410.18, 5398921.08, 457.994 ], [ 507409.5, 5398921.123999999836087, 457.992 ], [ 507408.5, 5398921.189000000245869, 457.968 ], [ 507407.5, 5398921.253999999724329, 457.928 ], [ 507406.5, 5398921.31900000013411, 457.888 ], [ 507405.5, 5398921.38399999961257, 457.848 ], [ 507404.5, 5398921.449, 457.807 ], [ 507403.722, 5398921.5, 457.738 ], [ 507403.5, 5398921.514000000432134, 457.721 ], [ 507402.799999999988358, 5398921.559999999590218, 457.651 ], [ 507402.794999999983702, 5398921.5, 457.655 ], [ 507402.715000000025611, 5398920.5, 457.67 ], [ 507402.635, 5398919.5, 457.662 ], [ 507402.56, 5398918.570000000298023, 457.675 ] ] ] } },
{ "type": "Feature", "properties": { "fid": 531, "gml_id": "DEBW_5221000QWGc", "creationDate": "2025-01-08", "informationSystem": "http://repository.gdi-de.org/schemas/adv/citygml/fdv/art.htm#_9100", "name": "DEBWL5221000QWGc", "Gemeindeschluessel": "08111000", "Geometrietyp2DReferenz": 3000, "DatenquelleDachhoehe": [ 1000 ], "Grundrissaktualitaet": "2024-04-01", "DatenquelleBodenhoehe": [ 1100 ], "DatenquelleLage": [ 1000 ], "function": "31001_2112", "roofType": 1000, "measuredHeight": 3.349, "measuredHeight_uom": "urn:adv:uom:m", "CountryName": "Germany", "LocalityName": "Stuttgart", "ThoroughfareName": "Nobelstraße", "consistsOfBuildingPart|BuildingPart|creationDate": null, "consistsOfBuildingPart|BuildingPart|roofType": null, "consistsOfBuildingPart|BuildingPart|measuredHeight": null, "consistsOfBuildingPart|BuildingPart|measuredHeight_uom": null, "ThoroughfareNumber": null, "name_": null }, "geometry": { "type": "MultiLineString", "coordinates": [ [ [ 507285.25, 5398605.570000000298023, 452.899 ], [ 507285.31, 5398605.5, 452.897 ], [ 507285.5, 5398605.28000000026077, 452.889 ], [ 507286.170999999972992, 5398604.5, 452.876 ], [ 507286.5, 5398604.117999999783933, 452.874 ], [ 507286.60999999998603, 5398603.990000000223517, 452.871 ], [ 507287.208999999973457, 5398604.5, 452.934 ], [ 507287.5, 5398604.747999999672174, 452.961 ], [ 507288.289999999979045, 5398605.42, 453.04 ], [ 507288.295999999972992, 5398605.5, 453.089 ], [ 507288.365, 5398606.5, 453.208 ], [ 507288.434, 5398607.5, 453.276 ], [ 507288.5, 5398608.457999999634922, 453.323 ], [ 507288.503000000026077, 5398608.5, 453.341 ], [ 507288.571999999985565, 5398609.5, 453.465 ], [ 507288.590000000025611, 5398609.759999999776483, 453.529 ], [ 507288.5, 5398609.861999999731779, 453.522 ], [ 507287.935, 5398610.5, 453.52 ], [ 507287.5, 5398610.99100000038743, 453.507 ], [ 507287.049, 5398611.5, 453.473 ], [ 507286.5, 5398612.120000000111759, 453.406 ], [ 507286.163999999989755, 5398612.5, 453.375 ], [ 507285.729999999981374, 5398612.990000000223517, 453.357 ], [ 507285.5, 5398613.007000000216067, 453.342 ], [ 507284.5, 5398613.082000000402331, 453.349 ], [ 507283.5, 5398613.156999999657273, 453.34 ], [ 507282.5, 5398613.231999999843538, 453.352 ], [ 507281.5, 5398613.307, 453.317 ], [ 507281.460000000020955, 5398613.309999999590218, 453.294 ], [ 507280.538, 5398612.5, 453.154 ], [ 507280.5, 5398612.466, 453.122 ], [ 507279.81, 5398611.860000000335276, 452.977 ], [ 507280.131, 5398611.5, 452.968 ], [ 507280.5, 5398611.08600000012666, 452.977 ], [ 507281.022, 5398610.5, 452.977 ], [ 507281.200000000011642, 5398610.299999999813735, 452.969 ], [ 507280.5, 5398609.650999999605119, 452.9 ], [ 507280.337, 5398609.5, 452.876 ], [ 507280.24, 5398609.410000000149012, 452.86 ], [ 507280.172000000020489, 5398608.5, 452.825 ], [ 507280.098, 5398607.5, 452.776 ], [ 507280.049999999988358, 5398606.849999999627471, 452.734 ], [ 507280.37, 5398606.5, 452.727 ], [ 507280.5, 5398606.358, 452.716 ], [ 507281.283999999985099, 5398605.5, 452.687 ], [ 507281.5, 5398605.264000000432134, 452.669 ], [ 507281.76, 5398604.980000000447035, 452.659 ], [ 507282.5, 5398604.932, 452.683 ], [ 507283.5, 5398604.86699999962002, 452.723 ], [ 507284.37, 5398604.809999999590218, 452.76 ], [ 507284.5, 5398604.92200000025332, 452.789 ], [ 507285.169, 5398605.5, 452.89 ], [ 507285.25, 5398605.570000000298023, 452.899 ] ] ] } },
{ "type": "Feature", "properties": { "fid": 543, "gml_id": "DEBW_5221000Qw3a", "creationDate": "2025-01-08", "informationSystem": "http://repository.gdi-de.org/schemas/adv/citygml/fdv/art.htm#_9100", "name": "DEBWL5221000Qw3a", "Gemeindeschluessel": "08111000", "Geometrietyp2DReferenz": 3000, "DatenquelleDachhoehe": [ 1000 ], "Grundrissaktualitaet": "2024-04-01", "DatenquelleBodenhoehe": [ 1100 ], "DatenquelleLage": [ 1000 ], "function": "31001_2112", "roofType": 1000, "measuredHeight": 2.825, "measuredHeight_uom": "urn:adv:uom:m", "CountryName": "Germany", "LocalityName": "Stuttgart", "ThoroughfareName": "Nobelstraße", "consistsOfBuildingPart|BuildingPart|creationDate": null, "consistsOfBuildingPart|BuildingPart|roofType": null, "consistsOfBuildingPart|BuildingPart|measuredHeight": null, "consistsOfBuildingPart|BuildingPart|measuredHeight_uom": null, "ThoroughfareNumber": null, "name_": null }, "geometry": { "type": "MultiLineString", "coordinates": [ [ [ 507359.57, 5398748.929999999701977, 457.402 ], [ 507360.5, 5398748.855999999679625, 457.309 ], [ 507361.5, 5398748.775999999605119, 457.304 ], [ 507361.57, 5398748.769999999552965, 457.304 ], [ 507361.62, 5398749.5, 457.315 ], [ 507361.63, 5398749.650000000372529, 457.316 ], [ 507361.909999999974389, 5398749.629999999888241, 457.314 ], [ 507361.976000000024214, 5398750.5, 457.321 ], [ 507362.053000000014435, 5398751.5, 457.335 ], [ 507362.129000000015367, 5398752.5, 457.349 ], [ 507362.206, 5398753.5, 457.386 ], [ 507362.282, 5398754.5, 457.45 ], [ 507362.359, 5398755.5, 457.483 ], [ 507362.38, 5398755.78000000026077, 457.491 ], [ 507361.5, 5398755.849000000394881, 457.701 ], [ 507360.5, 5398755.928000000305474, 457.999 ], [ 507359.5, 5398756.007000000216067, 458.093 ], [ 507358.5, 5398756.08600000012666, 458.109 ], [ 507357.5, 5398756.165, 458.149 ], [ 507356.5, 5398756.242999999783933, 458.208 ], [ 507355.5, 5398756.321999999694526, 458.317 ], [ 507355.400000000023283, 5398756.33, 458.357 ], [ 507355.333999999973457, 5398755.5, 458.307 ], [ 507355.254000000015367, 5398754.5, 458.264 ], [ 507355.174, 5398753.5, 458.213 ], [ 507355.093999999982771, 5398752.5, 458.226 ], [ 507355.01500000001397, 5398751.5, 458.247 ], [ 507354.935, 5398750.5, 458.246 ], [ 507354.909999999974389, 5398750.190000000409782, 458.243 ], [ 507355.5, 5398750.143000000156462, 458.11 ], [ 507356.5, 5398750.063, 458.021 ], [ 507357.5, 5398749.981999999843538, 457.917 ], [ 507358.5, 5398749.901999999769032, 457.653 ], [ 507359.5, 5398749.821999999694526, 457.404 ], [ 507359.650000000023283, 5398749.809999999590218, 457.39 ], [ 507359.621999999973923, 5398749.5, 457.38 ], [ 507359.57, 5398748.929999999701977, 457.402 ] ] ] } },
{ "type": "Feature", "properties": { "fid": 577, "gml_id": "DEBW_5221000c8Da", "creationDate": "2025-01-08", "informationSystem": "http://repository.gdi-de.org/schemas/adv/citygml/fdv/art.htm#_9100", "name": "DEBWL5221000c8Da", "Gemeindeschluessel": "08111000", "Geometrietyp2DReferenz": 3000, "DatenquelleDachhoehe": [ 1000 ], "Grundrissaktualitaet": "2024-04-01", "DatenquelleBodenhoehe": [ 1100 ], "DatenquelleLage": [ 1000 ], "function": "51009_1610", "roofType": 1000, "measuredHeight": 8.809, "measuredHeight_uom": "urn:adv:uom:m", "CountryName": "Germany", "LocalityName": "Stuttgart", "ThoroughfareName": null, "consistsOfBuildingPart|BuildingPart|creationDate": null, "consistsOfBuildingPart|BuildingPart|roofType": null, "consistsOfBuildingPart|BuildingPart|measuredHeight": null, "consistsOfBuildingPart|BuildingPart|measuredHeight_uom": null, "ThoroughfareNumber": null, "name_": null }, "geometry": { "type": "MultiLineString", "coordinates": [ [ [ 507270.25, 5398616.150000000372529, 452.775 ], [ 507270.273999999975786, 5398616.5, 452.758 ], [ 507270.343, 5398617.5, 452.941 ], [ 507270.412000000011176, 5398618.5, 453.287 ], [ 507270.481000000028871, 5398619.5, 453.457 ], [ 507270.5, 5398619.768000000156462, 453.507 ], [ 507270.550999999977648, 5398620.5, 453.559 ], [ 507270.62, 5398621.5, 453.607 ], [ 507270.689000000013039, 5398622.5, 453.678 ], [ 507270.757999999972526, 5398623.5, 453.77 ], [ 507270.827, 5398624.5, 453.857 ], [ 507270.896, 5398625.5, 453.934 ], [ 507270.965000000025611, 5398626.5, 454.011 ], [ 507271.033999999985099, 5398627.5, 454.097 ], [ 507271.103, 5398628.5, 454.183 ], [ 507271.172000000020489, 5398629.5, 454.262 ], [ 507271.242000000027474, 5398630.5, 454.337 ], [ 507271.310999999986961, 5398631.5, 454.4 ], [ 507271.38, 5398632.5, 454.405 ], [ 507271.449000000022352, 5398633.5, 454.396 ], [ 507271.5, 5398634.24100000038743, 454.413 ], [ 507271.517999999981839, 5398634.5, 454.432 ], [ 507271.587, 5398635.5, 454.481 ], [ 507271.656000000017229, 5398636.5, 454.521 ], [ 507271.724999999976717, 5398637.5, 454.552 ], [ 507271.794, 5398638.5, 454.581 ], [ 507271.863000000012107, 5398639.5, 454.614 ], [ 507271.931999999971595, 5398640.5, 454.645 ], [ 507272.00199999997858, 5398641.5, 454.669 ], [ 507272.07, 5398642.490000000223517, 454.682 ], [ 507271.934, 5398642.5, 454.682 ], [ 507271.5, 5398642.531999999657273, 454.671 ], [ 507270.5, 5398642.605000000447035, 454.645 ], [ 507269.5, 5398642.678999999538064, 454.622 ], [ 507268.5, 5398642.752000000327826, 454.597 ], [ 507268.26, 5398642.769999999552965, 454.587 ], [ 507268.242000000027474, 5398642.5, 454.581 ], [ 507268.174, 5398641.5, 454.554 ], [ 507268.106000000028871, 5398640.5, 454.524 ], [ 507268.038999999989755, 5398639.5, 454.492 ], [ 507267.971000000019558, 5398638.5, 454.457 ], [ 507267.909999999974389, 5398637.599999999627471, 454.422 ], [ 507268.5, 5398637.562, 454.451 ], [ 507269.460000000020955, 5398637.5, 454.48 ], [ 507269.5, 5398637.497000000439584, 454.483 ], [ 507270.39000000001397, 5398637.440000000409782, 454.507 ], [ 507270.325000000011642, 5398636.5, 454.483 ], [ 507270.256, 5398635.5, 454.445 ], [ 507270.186999999976251, 5398634.5, 454.401 ], [ 507270.118000000016764, 5398633.5, 454.366 ], [ 507270.049, 5398632.5, 454.338 ], [ 507269.979999999981374, 5398631.5, 454.291 ], [ 507269.911000000021886, 5398630.5, 454.224 ], [ 507269.841000000014901, 5398629.5, 454.148 ], [ 507269.772, 5398628.5, 454.058 ], [ 507269.702999999979511, 5398627.5, 453.97 ], [ 507269.634000000020023, 5398626.5, 453.886 ], [ 507269.565, 5398625.5, 453.806 ], [ 507269.5, 5398624.558000000193715, 453.729 ], [ 507269.495999999984633, 5398624.5, 453.705 ], [ 507269.427000000025146, 5398623.5, 453.615 ], [ 507269.358, 5398622.5, 453.515 ], [ 507269.288999999989755, 5398621.5, 453.413 ], [ 507269.21999999997206, 5398620.5, 453.294 ], [ 507269.151000000012573, 5398619.5, 453.126 ], [ 507269.081, 5398618.5, 452.871 ], [ 507269.020000000018626, 5398617.610000000335276, 452.647 ], [ 507268.5, 5398617.644999999552965, 452.56 ], [ 507267.5, 5398617.713000000454485, 452.431 ], [ 507266.5, 5398617.78000000026077, 452.391 ], [ 507265.5, 5398617.848000000230968, 452.374 ], [ 507264.5, 5398617.916000000201166, 452.366 ], [ 507263.5, 5398617.983, 452.363 ], [ 507262.5, 5398618.051, 452.365 ], [ 507261.5, 5398618.119, 452.368 ], [ 507260.5, 5398618.185999999754131, 452.364 ], [ 507259.5, 5398618.253999999724329, 452.356 ], [ 507258.5, 5398618.321999999694526, 452.35 ], [ 507257.5, 5398618.389000000432134, 452.348 ], [ 507256.5, 5398618.457000000402331, 452.346 ], [ 507255.863000000012107, 5398618.5, 452.349 ], [ 507255.5, 5398618.525000000372529, 452.347 ], [ 507254.5, 5398618.592000000178814, 452.339 ], [ 507253.5, 5398618.660000000149012, 452.338 ], [ 507252.5, 5398618.727, 452.343 ], [ 507251.5, 5398618.795, 452.344 ], [ 507250.5, 5398618.862999999895692, 452.337 ], [ 507249.5, 5398618.929999999701977, 452.328 ], [ 507248.5, 5398618.997999999672174, 452.324 ], [ 507247.5, 5398619.065999999642372, 452.322 ], [ 507246.5, 5398619.13300000037998, 452.319 ], [ 507245.5, 5398619.201000000350177, 452.32 ], [ 507244.5, 5398619.269000000320375, 452.324 ], [ 507243.5, 5398619.33600000012666, 452.326 ], [ 507242.5, 5398619.404, 452.324 ], [ 507241.5, 5398619.472, 452.321 ], [ 507241.079000000027008, 5398619.5, 452.324 ], [ 507240.5, 5398619.53899999987334, 452.329 ], [ 507239.5, 5398619.606999999843538, 452.384 ], [ 507238.5, 5398619.673999999649823, 452.493 ], [ 507237.5, 5398619.74199999962002, 452.617 ], [ 507236.94, 5398619.78000000026077, 452.693 ], [ 507236.920999999972992, 5398619.5, 452.681 ], [ 507236.854, 5398618.5, 452.643 ], [ 507236.849999999976717, 5398618.440000000409782, 452.636 ], [ 507237.5, 5398618.394999999552965, 452.553 ], [ 507238.5, 5398618.326999999582767, 452.437 ], [ 507239.5, 5398618.25800000037998, 452.352 ], [ 507240.5, 5398618.190000000409782, 452.322 ], [ 507241.5, 5398618.121000000275671, 452.316 ], [ 507242.5, 5398618.053000000305474, 452.308 ], [ 507243.5, 5398617.984000000171363, 452.302 ], [ 507244.5, 5398617.915, 452.295 ], [ 507245.5, 5398617.847, 452.293 ], [ 507246.5, 5398617.778, 452.294 ], [ 507247.5, 5398617.71, 452.295 ], [ 507248.5, 5398617.640999999828637, 452.297 ], [ 507249.5, 5398617.572999999858439, 452.297 ], [ 507250.5, 5398617.503999999724329, 452.299 ], [ 507250.56, 5398617.5, 452.299 ], [ 507251.5, 5398617.435999999754131, 452.297 ], [ 507252.5, 5398617.36699999962002, 452.298 ], [ 507253.5, 5398617.298000000417233, 452.297 ], [ 507254.5, 5398617.230000000447035, 452.291 ], [ 507255.5, 5398617.161000000312924, 452.297 ], [ 507256.5, 5398617.093000000342727, 452.306 ], [ 507257.5, 5398617.024000000208616, 452.306 ], [ 507258.5, 5398616.956000000238419, 452.306 ], [ 507259.5, 5398616.887000000104308, 452.312 ], [ 507260.5, 5398616.818, 452.324 ], [ 507261.5, 5398616.75, 452.329 ], [ 507262.5, 5398616.68099999986589, 452.334 ], [ 507263.5, 5398616.612999999895692, 452.338 ], [ 507264.5, 5398616.543999999761581, 452.346 ], [ 507265.145000000018626, 5398616.5, 452.354 ], [ 507265.5, 5398616.475999999791384, 452.365 ], [ 507266.5, 5398616.406999999657273, 452.387 ], [ 507267.5, 5398616.338999999687076, 452.434 ], [ 507268.5, 5398616.269999999552965, 452.528 ], [ 507269.5, 5398616.201000000350177, 452.672 ], [ 507270.25, 5398616.150000000372529, 452.775 ] ] ] } },
{ "type": "Feature", "properties": { "fid": 586, "gml_id": "DEBW_5221000Qi2l", "creationDate": "2025-01-08", "informationSystem": "http://repository.gdi-de.org/schemas/adv/citygml/fdv/art.htm#_9100", "name": "DEBWL5221000Qi2l", "Gemeindeschluessel": "08111000", "Geometrietyp2DReferenz": 3000, "DatenquelleDachhoehe": [ 1000 ], "Grundrissaktualitaet": "2024-04-01", "DatenquelleBodenhoehe": [ 1100 ], "DatenquelleLage": [ 1000 ], "function": "31001_1010", "roofType": 5000, "measuredHeight": 11.291, "measuredHeight_uom": "urn:adv:uom:m", "CountryName": "Germany", "LocalityName": "Stuttgart", "ThoroughfareName": "Pfaffenwaldring", "consistsOfBuildingPart|BuildingPart|creationDate": null, "consistsOfBuildingPart|BuildingPart|roofType": null, "consistsOfBuildingPart|BuildingPart|measuredHeight": null, "consistsOfBuildingPart|BuildingPart|measuredHeight_uom": null, "ThoroughfareNumber": "76C, null", "name_": null }, "geometry": { "type": "MultiLineString", "coordinates": [ [ [ 507512.94, 5398907.940000000409782, 457.123 ], [ 507513.5, 5398907.898, 457.254 ], [ 507514.5, 5398907.821999999694526, 457.549 ], [ 507515.5, 5398907.747000000439584, 457.718 ], [ 507516.5, 5398907.671, 457.82 ], [ 507517.5, 5398907.596, 457.905 ], [ 507518.5, 5398907.519999999552965, 457.964 ], [ 507518.770000000018626, 5398907.5, 457.973 ], [ 507519.5, 5398907.445000000298023, 458.015 ], [ 507519.830000000016298, 5398907.42, 458.018 ], [ 507519.836000000010245, 5398907.5, 458.005 ], [ 507519.913, 5398908.5, 457.914 ], [ 507519.99, 5398909.5, 457.826 ], [ 507520.066999999980908, 5398910.5, 457.731 ], [ 507520.143999999971129, 5398911.5, 457.604 ], [ 507520.221000000019558, 5398912.5, 457.456 ], [ 507520.289999999979045, 5398913.400000000372529, 457.372 ], [ 507520.5, 5398913.38399999961257, 457.444 ], [ 507521.5, 5398913.308000000193715, 457.593 ], [ 507522.5, 5398913.233, 457.692 ], [ 507523.5, 5398913.156999999657273, 457.747 ], [ 507524.5, 5398913.081000000238419, 457.768 ], [ 507525.5, 5398913.006, 457.786 ], [ 507526.5, 5398912.929999999701977, 457.801 ], [ 507526.63, 5398912.92, 457.803 ], [ 507526.674, 5398913.5, 457.774 ], [ 507526.75, 5398914.5, 457.736 ], [ 507526.826, 5398915.5, 457.704 ], [ 507526.902, 5398916.5, 457.681 ], [ 507526.977000000013504, 5398917.5, 457.663 ], [ 507527.053000000014435, 5398918.5, 457.648 ], [ 507527.129000000015367, 5398919.5, 457.64 ], [ 507527.18, 5398920.17, 457.638 ], [ 507527.206, 5398920.5, 457.638 ], [ 507527.283, 5398921.5, 457.644 ], [ 507527.36099999997532, 5398922.5, 457.653 ], [ 507527.438000000023749, 5398923.5, 457.662 ], [ 507527.450000000011642, 5398923.650000000372529, 457.663 ], [ 507526.5, 5398923.722, 457.667 ], [ 507525.5, 5398923.79700000025332, 457.664 ], [ 507524.5, 5398923.872999999672174, 457.663 ], [ 507523.5, 5398923.949, 457.67 ], [ 507522.5, 5398924.024000000208616, 457.685 ], [ 507521.5, 5398924.099999999627471, 457.699 ], [ 507520.57, 5398924.17, 457.703 ], [ 507520.517999999981839, 5398923.5, 457.691 ], [ 507520.5, 5398923.269999999552965, 457.682 ], [ 507520.44, 5398922.5, 457.652 ], [ 507520.362000000022817, 5398921.5, 457.625 ], [ 507520.299999999988358, 5398920.700000000186265, 457.574 ], [ 507519.5, 5398920.759999999776483, 457.548 ], [ 507518.5, 5398920.83600000012666, 457.504 ], [ 507517.5, 5398920.911999999545515, 457.462 ], [ 507516.5, 5398920.986999999731779, 457.426 ], [ 507515.5, 5398921.063, 457.318 ], [ 507514.5, 5398921.138000000268221, 457.041 ], [ 507513.950000000011642, 5398921.179999999701977, 456.833 ], [ 507513.897999999986496, 5398920.5, 456.384 ], [ 507513.821999999985565, 5398919.5, 455.761 ], [ 507513.745999999984633, 5398918.5, 455.643 ], [ 507513.669, 5398917.5, 455.608 ], [ 507513.593, 5398916.5, 455.59 ], [ 507513.517, 5398915.5, 455.58 ], [ 507513.5, 5398915.281000000424683, 455.578 ], [ 507513.44, 5398914.5, 455.55 ], [ 507513.364, 5398913.5, 455.539 ], [ 507513.288, 5398912.5, 455.549 ], [ 507513.212, 5398911.5, 455.562 ], [ 507513.135, 5398910.5, 455.689 ], [ 507513.059, 5398909.5, 456.112 ], [ 507512.983, 5398908.5, 456.702 ], [ 507512.94, 5398907.940000000409782, 457.123 ] ] ] } },
{ "type": "Feature", "properties": { "fid": 612, "gml_id": "DEBW_5221000QWvp", "creationDate": "2025-01-08", "informationSystem": "http://repository.gdi-de.org/schemas/adv/citygml/fdv/art.htm#_9100", "name": "DEBWL5221000QWvp", "Gemeindeschluessel": "08111000", "Geometrietyp2DReferenz": 3000, "DatenquelleDachhoehe": [ 1000 ], "Grundrissaktualitaet": "2024-04-01", "DatenquelleBodenhoehe": [ 1100 ], "DatenquelleLage": [ 1000 ], "function": "31001_2463", "roofType": 1000, "measuredHeight": 2.68, "measuredHeight_uom": "urn:adv:uom:m", "CountryName": "Germany", "LocalityName": "Stuttgart", "ThoroughfareName": "Allmandring", "consistsOfBuildingPart|BuildingPart|creationDate": null, "consistsOfBuildingPart|BuildingPart|roofType": null, "consistsOfBuildingPart|BuildingPart|measuredHeight": null, "consistsOfBuildingPart|BuildingPart|measuredHeight_uom": null, "ThoroughfareNumber": "28/2, null", "name_": null }, "geometry": { "type": "MultiLineString", "coordinates": [ [ [ 507026.69, 5398904.559999999590218, 454.801 ], [ 507026.754000000015367, 5398905.5, 454.712 ], [ 507026.822999999974854, 5398906.5, 454.628 ], [ 507026.891, 5398907.5, 454.575 ], [ 507026.960000000020955, 5398908.5, 454.559 ], [ 507027.028, 5398909.5, 454.559 ], [ 507027.097, 5398910.5, 454.557 ], [ 507027.164999999979045, 5398911.5, 454.52 ], [ 507027.229999999981374, 5398912.450000000186265, 454.466 ], [ 507026.5, 5398912.497000000439584, 454.441 ], [ 507026.451, 5398912.5, 454.423 ], [ 507025.5, 5398912.560999999754131, 454.402 ], [ 507024.5, 5398912.625, 454.361 ], [ 507023.5, 5398912.689000000245869, 454.317 ], [ 507023.49, 5398912.690000000409782, 454.315 ], [ 507023.477000000013504, 5398912.5, 454.321 ], [ 507023.408, 5398911.5, 454.365 ], [ 507023.340000000025611, 5398910.5, 454.401 ], [ 507023.271, 5398909.5, 454.418 ], [ 507023.202999999979511, 5398908.5, 454.417 ], [ 507023.134000000020023, 5398907.5, 454.401 ], [ 507023.066, 5398906.5, 454.397 ], [ 507022.996999999973923, 5398905.5, 454.431 ], [ 507022.950000000011642, 5398904.809999999590218, 454.462 ], [ 507023.5, 5398904.773, 454.483 ], [ 507024.5, 5398904.706000000238419, 454.492 ], [ 507025.5, 5398904.639999999664724, 454.58 ], [ 507026.5, 5398904.572999999858439, 454.771 ], [ 507026.69, 5398904.559999999590218, 454.801 ] ] ] } },
{ "type": "Feature", "properties": { "fid": 626, "gml_id": "DEBW_5221VF0001S", "creationDate": "2025-01-08", "informationSystem": "http://repository.gdi-de.org/schemas/adv/citygml/fdv/art.htm#_9100", "name": "DEBWL5221VF0001S", "Gemeindeschluessel": "08111000", "Geometrietyp2DReferenz": 3000, "DatenquelleDachhoehe": [ 1000 ], "Grundrissaktualitaet": "2024-04-01", "DatenquelleBodenhoehe": [ 1100 ], "DatenquelleLage": [ 1000 ], "function": "31001_3024", "roofType": 1000, "measuredHeight": 14.551, "measuredHeight_uom": "urn:adv:uom:m", "CountryName": "Germany", "LocalityName": "Stuttgart", "ThoroughfareName": "Allmandring", "consistsOfBuildingPart|BuildingPart|creationDate": null, "consistsOfBuildingPart|BuildingPart|roofType": null, "consistsOfBuildingPart|BuildingPart|measuredHeight": null, "consistsOfBuildingPart|BuildingPart|measuredHeight_uom": null, "ThoroughfareNumber": "13, null", "name_": null }, "geometry": { "type": "MultiLineString", "coordinates": [ [ [ 507229.43, 5398929.21, 457.574 ], [ 507229.450000000011642, 5398929.5, 457.549 ], [ 507229.5, 5398930.247999999672174, 457.484 ], [ 507229.517, 5398930.5, 457.457 ], [ 507229.583999999973457, 5398931.5, 457.392 ], [ 507229.652, 5398932.5, 457.335 ], [ 507229.718999999982771, 5398933.5, 457.281 ], [ 507229.787000000011176, 5398934.5, 457.226 ], [ 507229.854, 5398935.5, 457.172 ], [ 507229.922000000020489, 5398936.5, 457.113 ], [ 507229.989, 5398937.5, 457.049 ], [ 507230.056999999971595, 5398938.5, 456.994 ], [ 507230.12400000001071, 5398939.5, 456.95 ], [ 507230.191999999980908, 5398940.5, 456.907 ], [ 507230.259000000020023, 5398941.5, 456.854 ], [ 507230.327, 5398942.5, 456.801 ], [ 507230.393999999971129, 5398943.5, 456.746 ], [ 507230.461000000010245, 5398944.5, 456.695 ], [ 507230.5, 5398945.071000000461936, 456.657 ], [ 507230.528999999980442, 5398945.5, 456.632 ], [ 507230.596000000019558, 5398946.5, 456.574 ], [ 507230.663999999989755, 5398947.5, 456.538 ], [ 507230.731000000028871, 5398948.5, 456.539 ], [ 507230.799, 5398949.5, 456.525 ], [ 507230.865999999979977, 5398950.5, 456.484 ], [ 507230.934, 5398951.5, 456.455 ], [ 507231.00099999998929, 5398952.5, 456.429 ], [ 507231.069000000017695, 5398953.5, 456.4 ], [ 507231.136, 5398954.5, 456.378 ], [ 507231.204000000027008, 5398955.5, 456.358 ], [ 507231.271, 5398956.5, 456.347 ], [ 507231.337999999988824, 5398957.5, 456.34 ], [ 507231.406000000017229, 5398958.5, 456.375 ], [ 507231.473, 5398959.5, 456.409 ], [ 507231.5, 5398959.894999999552965, 456.39 ], [ 507231.541000000026543, 5398960.5, 456.342 ], [ 507231.608, 5398961.5, 456.276 ], [ 507231.675999999977648, 5398962.5, 456.237 ], [ 507231.743000000016764, 5398963.5, 456.193 ], [ 507231.810999999986961, 5398964.5, 456.151 ], [ 507231.878000000026077, 5398965.5, 456.096 ], [ 507231.946, 5398966.5, 456.082 ], [ 507232.012999999977183, 5398967.5, 456.091 ], [ 507232.080000000016298, 5398968.5, 456.13 ], [ 507232.147999999986496, 5398969.5, 456.173 ], [ 507232.215000000025611, 5398970.5, 456.203 ], [ 507232.283, 5398971.5, 456.227 ], [ 507232.349999999976717, 5398972.5, 456.256 ], [ 507232.418, 5398973.5, 456.28 ], [ 507232.48499999998603, 5398974.5, 456.293 ], [ 507232.5, 5398974.718999999575317, 456.296 ], [ 507232.553000000014435, 5398975.5, 456.347 ], [ 507232.62, 5398976.5, 456.426 ], [ 507232.688000000023749, 5398977.5, 456.411 ], [ 507232.755, 5398978.5, 456.277 ], [ 507232.822999999974854, 5398979.5, 456.065 ], [ 507232.89000000001397, 5398980.5, 455.784 ], [ 507232.957999999984168, 5398981.5, 455.413 ], [ 507233.025000000023283, 5398982.5, 455.254 ], [ 507233.093, 5398983.5, 455.257 ], [ 507233.159999999974389, 5398984.5, 455.201 ], [ 507233.228, 5398985.5, 455.111 ], [ 507233.26, 5398985.980000000447035, 455.109 ], [ 507233.294999999983702, 5398986.5, 455.095 ], [ 507233.363000000012107, 5398987.5, 455.043 ], [ 507233.43, 5398988.5, 454.963 ], [ 507233.49800000002142, 5398989.5, 454.926 ], [ 507233.5, 5398989.529, 454.925 ], [ 507233.566, 5398990.5, 454.899 ], [ 507233.632999999972526, 5398991.5, 454.879 ], [ 507233.701, 5398992.5, 454.868 ], [ 507233.768999999971129, 5398993.5, 454.887 ], [ 507233.836000000010245, 5398994.5, 454.901 ], [ 507233.903999999980442, 5398995.5, 454.874 ], [ 507233.971000000019558, 5398996.5, 454.872 ], [ 507234.038999999989755, 5398997.5, 454.889 ], [ 507234.107000000018161, 5398998.5, 454.901 ], [ 507234.174, 5398999.5, 454.817 ], [ 507234.242000000027474, 5399000.5, 454.612 ], [ 507234.31, 5399001.5, 454.38 ], [ 507234.37699999997858, 5399002.5, 454.103 ], [ 507234.38, 5399002.54, 454.096 ], [ 507233.5, 5399002.599999999627471, 454.003 ], [ 507232.5, 5399002.667999999597669, 453.896 ], [ 507231.5, 5399002.735999999567866, 453.781 ], [ 507230.5, 5399002.803999999538064, 453.727 ], [ 507229.5, 5399002.871000000275671, 453.69 ], [ 507228.5, 5399002.939000000245869, 453.67 ], [ 507227.5, 5399003.007000000216067, 453.66 ], [ 507226.5, 5399003.075000000186265, 453.655 ], [ 507225.5, 5399003.143000000156462, 453.654 ], [ 507224.5, 5399003.21100000012666, 453.653 ], [ 507223.5, 5399003.279, 453.644 ], [ 507222.5, 5399003.347, 453.629 ], [ 507221.5, 5399003.415, 453.627 ], [ 507220.5, 5399003.483, 453.626 ], [ 507220.245, 5399003.5, 453.623 ], [ 507219.5, 5399003.551, 453.62 ], [ 507218.5, 5399003.619, 453.62 ], [ 507217.5, 5399003.685999999754131, 453.616 ], [ 507216.5, 5399003.753999999724329, 453.609 ], [ 507215.5, 5399003.821999999694526, 453.604 ], [ 507214.5, 5399003.889999999664724, 453.602 ], [ 507213.5, 5399003.957999999634922, 453.6 ], [ 507212.5, 5399004.025999999605119, 453.597 ], [ 507211.5, 5399004.093999999575317, 453.596 ], [ 507210.5, 5399004.161999999545515, 453.592 ], [ 507209.5, 5399004.230000000447035, 453.584 ], [ 507208.5, 5399004.298000000417233, 453.583 ], [ 507207.5, 5399004.36600000038743, 453.581 ], [ 507206.5, 5399004.434000000357628, 453.574 ], [ 507205.522, 5399004.5, 453.576 ], [ 507205.5, 5399004.501000000163913, 453.576 ], [ 507204.5, 5399004.56900000013411, 453.589 ], [ 507203.5, 5399004.637000000104308, 453.62 ], [ 507202.5, 5399004.705, 453.659 ], [ 507201.5, 5399004.773, 453.648 ], [ 507200.5, 5399004.841, 453.526 ], [ 507199.5, 5399004.909, 453.377 ], [ 507198.5, 5399004.977, 453.261 ], [ 507198.159999999974389, 5399005.0, 453.223 ], [ 507198.12599999998929, 5399004.5, 453.247 ], [ 507198.059, 5399003.5, 453.292 ], [ 507197.990999999979977, 5399002.5, 453.34 ], [ 507197.924, 5399001.5, 453.397 ], [ 507197.856000000028871, 5399000.5, 453.456 ], [ 507197.788999999989755, 5398999.5, 453.523 ], [ 507197.721000000019558, 5398998.5, 453.586 ], [ 507197.653999999980442, 5398997.5, 453.649 ], [ 507197.586000000010245, 5398996.5, 453.724 ], [ 507197.518999999971129, 5398995.5, 453.788 ], [ 507197.5, 5398995.218999999575317, 453.822 ], [ 507197.452, 5398994.5, 453.865 ], [ 507197.384000000020023, 5398993.5, 453.948 ], [ 507197.316999999980908, 5398992.5, 454.003 ], [ 507197.24900000001071, 5398991.5, 454.06 ], [ 507197.181999999971595, 5398990.5, 454.152 ], [ 507197.114, 5398989.5, 454.228 ], [ 507197.047000000020489, 5398988.5, 454.293 ], [ 507196.979, 5398987.5, 454.367 ], [ 507196.912000000011176, 5398986.5, 454.433 ], [ 507196.843999999982771, 5398985.5, 454.501 ], [ 507196.777, 5398984.5, 454.585 ], [ 507196.708999999973457, 5398983.5, 454.652 ], [ 507196.642, 5398982.5, 454.688 ], [ 507196.574000000022352, 5398981.5, 454.719 ], [ 507196.506999999983236, 5398980.5, 454.793 ], [ 507196.5, 5398980.398, 454.811 ], [ 507196.439000000013039, 5398979.5, 454.85 ], [ 507196.371999999973923, 5398978.5, 454.92 ], [ 507196.304, 5398977.5, 454.99 ], [ 507196.237000000022817, 5398976.5, 455.064 ], [ 507196.169, 5398975.5, 455.131 ], [ 507196.102000000013504, 5398974.5, 455.193 ], [ 507196.034999999974389, 5398973.5, 455.272 ], [ 507195.967, 5398972.5, 455.358 ], [ 507195.900000000023283, 5398971.5, 455.445 ], [ 507195.832, 5398970.5, 455.546 ], [ 507195.76500000001397, 5398969.5, 455.633 ], [ 507195.696999999985565, 5398968.5, 455.692 ], [ 507195.63, 5398967.5, 455.731 ], [ 507195.561999999976251, 5398966.5, 455.781 ], [ 507195.5, 5398965.57799999974668, 455.849 ], [ 507195.495, 5398965.5, 455.852 ], [ 507195.427000000025146, 5398964.5, 455.921 ], [ 507195.35999999998603, 5398963.5, 455.993 ], [ 507195.292000000015832, 5398962.5, 456.061 ], [ 507195.224999999976717, 5398961.5, 456.125 ], [ 507195.157, 5398960.5, 456.195 ], [ 507195.090000000025611, 5398959.5, 456.271 ], [ 507195.022, 5398958.5, 456.34 ], [ 507194.955000000016298, 5398957.5, 456.409 ], [ 507194.886999999987893, 5398956.5, 456.475 ], [ 507194.82, 5398955.5, 456.544 ], [ 507194.75199999997858, 5398954.5, 456.611 ], [ 507194.685, 5398953.5, 456.672 ], [ 507194.618000000016764, 5398952.5, 456.729 ], [ 507194.549999999988358, 5398951.5, 456.778 ], [ 507194.5, 5398950.75800000037998, 456.82 ], [ 507194.483, 5398950.5, 456.829 ], [ 507194.414999999979045, 5398949.5, 456.894 ], [ 507194.348, 5398948.5, 456.967 ], [ 507194.28000000002794, 5398947.5, 457.009 ], [ 507194.212999999988824, 5398946.5, 457.054 ], [ 507194.145000000018626, 5398945.5, 457.149 ], [ 507194.077999999979511, 5398944.5, 457.219 ], [ 507194.01, 5398943.5, 457.226 ], [ 507193.943000000028405, 5398942.5, 457.266 ], [ 507193.875, 5398941.5, 457.299 ], [ 507193.808000000019092, 5398940.5, 457.342 ], [ 507193.74, 5398939.5, 457.388 ], [ 507193.673, 5398938.5, 457.42 ], [ 507193.604999999981374, 5398937.5, 457.451 ], [ 507193.538, 5398936.5, 457.48 ], [ 507193.5, 5398935.938, 457.5 ], [ 507193.46999999997206, 5398935.5, 457.5 ], [ 507193.403, 5398934.5, 457.523 ], [ 507193.336000000010245, 5398933.5, 457.555 ], [ 507193.267999999981839, 5398932.5, 457.597 ], [ 507193.210000000020955, 5398931.639999999664724, 457.633 ], [ 507193.5, 5398931.621000000275671, 457.646 ], [ 507194.5, 5398931.553000000305474, 457.669 ], [ 507195.297000000020489, 5398931.5, 457.68 ], [ 507195.5, 5398931.485999999567866, 457.695 ], [ 507196.5, 5398931.418999999761581, 457.721 ], [ 507197.5, 5398931.352, 457.741 ], [ 507198.5, 5398931.285000000149012, 457.758 ], [ 507199.5, 5398931.218000000342727, 457.778 ], [ 507200.5, 5398931.150999999605119, 457.799 ], [ 507201.5, 5398931.083999999798834, 457.825 ], [ 507202.5, 5398931.017, 457.853 ], [ 507203.5, 5398930.950000000186265, 457.883 ], [ 507204.5, 5398930.88300000037998, 457.912 ], [ 507205.5, 5398930.815000000409782, 457.927 ], [ 507206.5, 5398930.747999999672174, 457.928 ], [ 507207.5, 5398930.68099999986589, 457.934 ], [ 507208.5, 5398930.614, 457.934 ], [ 507209.5, 5398930.54700000025332, 457.939 ], [ 507210.202, 5398930.5, 457.947 ], [ 507210.5, 5398930.480000000447035, 457.968 ], [ 507211.5, 5398930.412999999709427, 457.974 ], [ 507212.5, 5398930.346, 457.989 ], [ 507213.5, 5398930.279, 458.005 ], [ 507214.5, 5398930.212000000290573, 458.01 ], [ 507215.5, 5398930.144999999552965, 458.008 ], [ 507216.5, 5398930.076999999582767, 458.013 ], [ 507217.5, 5398930.009999999776483, 458.018 ], [ 507218.5, 5398929.943, 458.028 ], [ 507219.5, 5398929.876000000163913, 458.036 ], [ 507220.5, 5398929.809000000357628, 458.029 ], [ 507221.5, 5398929.74199999962002, 458.008 ], [ 507222.5, 5398929.674999999813735, 457.963 ], [ 507223.5, 5398929.608, 457.925 ], [ 507224.5, 5398929.541000000201166, 457.875 ], [ 507225.107000000018161, 5398929.5, 457.849 ], [ 507225.5, 5398929.474000000394881, 457.834 ], [ 507226.5, 5398929.406999999657273, 457.771 ], [ 507227.5, 5398929.338999999687076, 457.689 ], [ 507228.5, 5398929.271999999880791, 457.622 ], [ 507229.43, 5398929.21, 457.574 ] ] ] } },
{ "type": "Feature", "properties": { "fid": 731, "gml_id": "DEBW_5222M60001L", "creationDate": "2025-01-08", "informationSystem": "http://repository.gdi-de.org/schemas/adv/citygml/fdv/art.htm#_9100", "name": "DEBWL5222M60001L", "Gemeindeschluessel": "08111000", "Geometrietyp2DReferenz": 3000, "DatenquelleDachhoehe": [ 1000 ], "Grundrissaktualitaet": "2024-04-01", "DatenquelleBodenhoehe": [ 1100 ], "DatenquelleLage": [ 1000 ], "function": "51009_1610", "roofType": 1000, "measuredHeight": 6.175, "measuredHeight_uom": "urn:adv:uom:m", "CountryName": "Germany", "LocalityName": "Stuttgart", "ThoroughfareName": null, "consistsOfBuildingPart|BuildingPart|creationDate": null, "consistsOfBuildingPart|BuildingPart|roofType": null, "consistsOfBuildingPart|BuildingPart|measuredHeight": null, "consistsOfBuildingPart|BuildingPart|measuredHeight_uom": null, "ThoroughfareNumber": null, "name_": null }, "geometry": { "type": "MultiLineString", "coordinates": [ [ [ 507211.37, 5398666.480000000447035, 455.291 ], [ 507211.370999999984633, 5398666.5, 455.312 ], [ 507211.439000000013039, 5398667.5, 455.409 ], [ 507211.5, 5398668.411000000312924, 455.469 ], [ 507211.506, 5398668.5, 455.49 ], [ 507211.572999999974854, 5398669.5, 455.558 ], [ 507211.641, 5398670.5, 455.611 ], [ 507211.707999999984168, 5398671.5, 455.644 ], [ 507211.775000000023283, 5398672.5, 455.661 ], [ 507211.843, 5398673.5, 455.682 ], [ 507211.909999999974389, 5398674.5, 455.697 ], [ 507211.977000000013504, 5398675.5, 455.693 ], [ 507212.044999999983702, 5398676.5, 455.689 ], [ 507212.112000000022817, 5398677.5, 455.697 ], [ 507212.179, 5398678.5, 455.71 ], [ 507212.246999999973923, 5398679.5, 455.723 ], [ 507212.314000000013039, 5398680.5, 455.741 ], [ 507212.381, 5398681.5, 455.761 ], [ 507212.449000000022352, 5398682.5, 455.768 ], [ 507212.5, 5398683.264999999664724, 455.768 ], [ 507212.516, 5398683.5, 455.767 ], [ 507212.582999999984168, 5398684.5, 455.759 ], [ 507212.650000000023283, 5398685.5, 455.746 ], [ 507212.718, 5398686.5, 455.738 ], [ 507212.784999999974389, 5398687.5, 455.74 ], [ 507212.852000000013504, 5398688.5, 455.743 ], [ 507212.919999999983702, 5398689.5, 455.739 ], [ 507212.987000000022817, 5398690.5, 455.737 ], [ 507213.01, 5398690.839999999850988, 455.735 ], [ 507213.5, 5398690.80599999986589, 455.735 ], [ 507214.5, 5398690.737999999895692, 455.732 ], [ 507215.5, 5398690.668999999761581, 455.732 ], [ 507216.5, 5398690.600999999791384, 455.732 ], [ 507217.5, 5398690.531999999657273, 455.729 ], [ 507217.971000000019558, 5398690.5, 455.727 ], [ 507218.5, 5398690.463999999687076, 455.723 ], [ 507219.5, 5398690.394999999552965, 455.718 ], [ 507220.5, 5398690.326999999582767, 455.717 ], [ 507221.5, 5398690.25800000037998, 455.717 ], [ 507222.5, 5398690.190000000409782, 455.711 ], [ 507223.5, 5398690.121000000275671, 455.713 ], [ 507224.5, 5398690.052000000141561, 455.716 ], [ 507225.5, 5398689.984000000171363, 455.711 ], [ 507226.5, 5398689.915, 455.708 ], [ 507227.5, 5398689.847, 455.712 ], [ 507228.5, 5398689.778, 455.713 ], [ 507229.5, 5398689.71, 455.711 ], [ 507230.5, 5398689.640999999828637, 455.711 ], [ 507231.5, 5398689.572999999858439, 455.711 ], [ 507232.5, 5398689.503999999724329, 455.716 ], [ 507232.560999999986961, 5398689.5, 455.717 ], [ 507233.5, 5398689.435999999754131, 455.718 ], [ 507234.5, 5398689.36699999962002, 455.719 ], [ 507235.5, 5398689.298999999649823, 455.721 ], [ 507236.5, 5398689.230000000447035, 455.724 ], [ 507237.5, 5398689.161000000312924, 455.727 ], [ 507238.5, 5398689.093000000342727, 455.73 ], [ 507239.5, 5398689.024000000208616, 455.734 ], [ 507240.5, 5398688.956000000238419, 455.731 ], [ 507241.5, 5398688.887000000104308, 455.724 ], [ 507242.5, 5398688.81900000013411, 455.718 ], [ 507243.5, 5398688.75, 455.714 ], [ 507244.5, 5398688.682, 455.706 ], [ 507245.5, 5398688.612999999895692, 455.699 ], [ 507246.5, 5398688.545, 455.698 ], [ 507247.151000000012573, 5398688.5, 455.698 ], [ 507247.5, 5398688.475999999791384, 455.693 ], [ 507248.5, 5398688.407999999821186, 455.692 ], [ 507249.5, 5398688.338999999687076, 455.691 ], [ 507250.5, 5398688.269999999552965, 455.687 ], [ 507251.5, 5398688.201999999582767, 455.68 ], [ 507252.5, 5398688.13300000037998, 455.674 ], [ 507253.5, 5398688.065000000409782, 455.67 ], [ 507254.5, 5398687.996000000275671, 455.662 ], [ 507255.5, 5398687.928000000305474, 455.658 ], [ 507256.5, 5398687.859000000171363, 455.656 ], [ 507257.5, 5398687.791000000201166, 455.653 ], [ 507258.5, 5398687.722, 455.648 ], [ 507259.5, 5398687.654, 455.643 ], [ 507260.5, 5398687.585, 455.638 ], [ 507260.71999999997206, 5398687.570000000298023, 455.635 ], [ 507260.76, 5398688.5, 455.647 ], [ 507260.78000000002794, 5398688.96999999973923, 455.644 ], [ 507260.5, 5398688.989, 455.647 ], [ 507259.5, 5398689.058000000193715, 455.653 ], [ 507258.5, 5398689.126000000163913, 455.657 ], [ 507257.5, 5398689.195000000298023, 455.661 ], [ 507256.5, 5398689.263000000268221, 455.665 ], [ 507255.5, 5398689.332000000402331, 455.669 ], [ 507254.5, 5398689.400000000372529, 455.671 ], [ 507253.5, 5398689.468999999575317, 455.676 ], [ 507253.043, 5398689.5, 455.676 ], [ 507252.5, 5398689.536999999545515, 455.678 ], [ 507251.5, 5398689.605999999679625, 455.682 ], [ 507250.5, 5398689.673999999649823, 455.687 ], [ 507249.5, 5398689.742999999783933, 455.691 ], [ 507248.5, 5398689.810999999754131, 455.693 ], [ 507247.5, 5398689.879999999888241, 455.695 ], [ 507246.5, 5398689.947999999858439, 455.694 ], [ 507245.5, 5398690.017, 455.694 ], [ 507244.5, 5398690.085, 455.701 ], [ 507243.5, 5398690.154, 455.711 ], [ 507242.5, 5398690.222, 455.716 ], [ 507241.5, 5398690.291000000201166, 455.72 ], [ 507240.5, 5398690.359000000171363, 455.723 ], [ 507239.5, 5398690.428000000305474, 455.721 ], [ 507238.5, 5398690.496000000275671, 455.714 ], [ 507238.445, 5398690.5, 455.706 ], [ 507237.5, 5398690.565000000409782, 455.705 ], [ 507236.5, 5398690.63300000037998, 455.713 ], [ 507235.5, 5398690.701999999582767, 455.713 ], [ 507234.5, 5398690.769999999552965, 455.713 ], [ 507233.5, 5398690.838999999687076, 455.712 ], [ 507232.5, 5398690.906999999657273, 455.712 ], [ 507231.5, 5398690.975999999791384, 455.709 ], [ 507230.5, 5398691.043999999761581, 455.707 ], [ 507229.5, 5398691.112999999895692, 455.707 ], [ 507228.5, 5398691.18099999986589, 455.708 ], [ 507227.5, 5398691.25, 455.709 ], [ 507226.5, 5398691.318, 455.709 ], [ 507225.5, 5398691.387000000104308, 455.712 ], [ 507224.5, 5398691.455, 455.715 ], [ 507223.847, 5398691.5, 455.709 ], [ 507223.5, 5398691.524000000208616, 455.708 ], [ 507222.5, 5398691.592000000178814, 455.71 ], [ 507221.5, 5398691.661000000312924, 455.716 ], [ 507220.5, 5398691.729000000283122, 455.717 ], [ 507219.5, 5398691.798000000417233, 455.715 ], [ 507218.5, 5398691.86600000038743, 455.715 ], [ 507217.5, 5398691.934999999590218, 455.716 ], [ 507216.5, 5398692.002999999560416, 455.718 ], [ 507215.5, 5398692.071999999694526, 455.718 ], [ 507214.5, 5398692.139999999664724, 455.717 ], [ 507213.5, 5398692.208999999798834, 455.72 ], [ 507212.5, 5398692.276999999769032, 455.721 ], [ 507211.729999999981374, 5398692.33, 455.719 ], [ 507211.674, 5398691.5, 455.725 ], [ 507211.606000000028871, 5398690.5, 455.733 ], [ 507211.538, 5398689.5, 455.742 ], [ 507211.5, 5398688.941999999806285, 455.746 ], [ 507211.46999999997206, 5398688.5, 455.747 ], [ 507211.402, 5398687.5, 455.746 ], [ 507211.333999999973457, 5398686.5, 455.74 ], [ 507211.266, 5398685.5, 455.74 ], [ 507211.197999999974854, 5398684.5, 455.743 ], [ 507211.131, 5398683.5, 455.74 ], [ 507211.063000000023749, 5398682.5, 455.736 ], [ 507210.995, 5398681.5, 455.728 ], [ 507210.927000000025146, 5398680.5, 455.713 ], [ 507210.859, 5398679.5, 455.702 ], [ 507210.791000000026543, 5398678.5, 455.692 ], [ 507210.723, 5398677.5, 455.68 ], [ 507210.65500000002794, 5398676.5, 455.674 ], [ 507210.587999999988824, 5398675.5, 455.684 ], [ 507210.520000000018626, 5398674.5, 455.701 ], [ 507210.5, 5398674.21, 455.699 ], [ 507210.452, 5398673.5, 455.692 ], [ 507210.384000000020023, 5398672.5, 455.671 ], [ 507210.316, 5398671.5, 455.657 ], [ 507210.24800000002142, 5398670.5, 455.64 ], [ 507210.18, 5398669.5, 455.614 ], [ 507210.112000000022817, 5398668.5, 455.544 ], [ 507210.044, 5398667.5, 455.44 ], [ 507209.979999999981374, 5398666.549999999813735, 455.332 ], [ 507210.5, 5398666.524000000208616, 455.321 ], [ 507210.973, 5398666.5, 455.315 ], [ 507211.37, 5398666.480000000447035, 455.291 ] ] ] } },
{ "type": "Feature", "properties": { "fid": 733, "gml_id": "DEBW_5221000Qwld", "creationDate": "2025-01-08", "informationSystem": "http://repository.gdi-de.org/schemas/adv/citygml/fdv/art.htm#_9100", "name": "DEBWL5221000Qwld", "Gemeindeschluessel": "08111000", "Geometrietyp2DReferenz": 3000, "DatenquelleDachhoehe": [ 1000 ], "Grundrissaktualitaet": "2024-04-01", "DatenquelleBodenhoehe": [ 1100 ], "DatenquelleLage": [ 1000 ], "function": "31001_2140", "roofType": 1000, "measuredHeight": 2.915, "measuredHeight_uom": "urn:adv:uom:m", "CountryName": "Germany", "LocalityName": "Stuttgart", "ThoroughfareName": "Nobelstraße", "consistsOfBuildingPart|BuildingPart|creationDate": null, "consistsOfBuildingPart|BuildingPart|roofType": null, "consistsOfBuildingPart|BuildingPart|measuredHeight": null, "consistsOfBuildingPart|BuildingPart|measuredHeight_uom": null, "ThoroughfareNumber": null, "name_": null }, "geometry": { "type": "MultiLineString", "coordinates": [ [ [ 507188.229999999981374, 5398767.809999999590218, 456.044 ], [ 507188.5, 5398767.502999999560416, 455.952 ], [ 507188.50199999997858, 5398767.5, 455.951 ], [ 507189.381, 5398766.5, 455.762 ], [ 507189.5, 5398766.365000000223517, 455.761 ], [ 507189.900000000023283, 5398765.910000000149012, 455.755 ], [ 507190.5, 5398765.870000000111759, 455.762 ], [ 507191.5, 5398765.803999999538064, 455.727 ], [ 507192.5, 5398765.737999999895692, 455.679 ], [ 507193.5, 5398765.67200000025332, 455.656 ], [ 507194.5, 5398765.605999999679625, 455.653 ], [ 507194.74, 5398765.589999999850988, 455.655 ], [ 507194.802000000025146, 5398766.5, 455.663 ], [ 507194.869, 5398767.5, 455.669 ], [ 507194.936999999976251, 5398768.5, 455.707 ], [ 507195.005, 5398769.5, 455.955 ], [ 507195.072999999974854, 5398770.5, 456.517 ], [ 507195.10999999998603, 5398771.049999999813735, 456.614 ], [ 507194.5, 5398771.089999999850988, 457.157 ], [ 507193.5, 5398771.15500000026077, 457.477 ], [ 507192.5, 5398771.21999999973923, 457.264 ], [ 507191.5, 5398771.286000000312924, 457.032 ], [ 507190.5, 5398771.350999999791384, 457.298 ], [ 507189.5, 5398771.416000000201166, 457.799 ], [ 507188.5, 5398771.480999999679625, 458.023 ], [ 507188.213999999978114, 5398771.5, 458.088 ], [ 507187.5, 5398771.54700000025332, 458.107 ], [ 507186.5, 5398771.611999999731779, 458.143 ], [ 507185.5, 5398771.677000000141561, 458.173 ], [ 507184.5, 5398771.74199999962002, 458.244 ], [ 507183.5, 5398771.808000000193715, 458.328 ], [ 507183.31, 5398771.820000000298023, 458.342 ], [ 507183.293, 5398771.5, 458.348 ], [ 507183.238000000012107, 5398770.5, 458.307 ], [ 507183.184, 5398769.5, 458.037 ], [ 507183.129000000015367, 5398768.5, 457.384 ], [ 507183.10999999998603, 5398768.150000000372529, 456.93 ], [ 507183.5, 5398768.123999999836087, 456.578 ], [ 507184.5, 5398768.058000000193715, 456.104 ], [ 507185.5, 5398767.99100000038743, 455.988 ], [ 507186.5, 5398767.924999999813735, 456.011 ], [ 507187.5, 5398767.858, 456.046 ], [ 507188.229999999981374, 5398767.809999999590218, 456.044 ] ] ] } },
{ "type": "Feature", "properties": { "fid": 735, "gml_id": "DEBW_5221000Qh6a", "creationDate": "2025-01-08", "informationSystem": "http://repository.gdi-de.org/schemas/adv/citygml/fdv/art.htm#_9100", "name": "DEBWL5221000Qh6a", "Gemeindeschluessel": "08111000", "Geometrietyp2DReferenz": 3000, "DatenquelleDachhoehe": [ 1000 ], "Grundrissaktualitaet": "2024-04-01", "DatenquelleBodenhoehe": [ 1100 ], "DatenquelleLage": [ 1000 ], "function": "31001_1010", "roofType": 5000, "measuredHeight": 10.554, "measuredHeight_uom": "urn:adv:uom:m", "CountryName": "Germany", "LocalityName": "Stuttgart", "ThoroughfareName": "Pfaffenwaldring", "consistsOfBuildingPart|BuildingPart|creationDate": null, "consistsOfBuildingPart|BuildingPart|roofType": null, "consistsOfBuildingPart|BuildingPart|measuredHeight": null, "consistsOfBuildingPart|BuildingPart|measuredHeight_uom": null, "ThoroughfareNumber": "74A, null", "name_": null }, "geometry": { "type": "MultiLineString", "coordinates": [ [ [ 507510.849999999976717, 5398873.150000000372529, 457.618 ], [ 507511.5, 5398873.105000000447035, 457.611 ], [ 507512.5, 5398873.036000000312924, 457.605 ], [ 507513.5, 5398872.967000000178814, 457.609 ], [ 507514.5, 5398872.898, 457.616 ], [ 507515.5, 5398872.829, 457.621 ], [ 507516.5, 5398872.759999999776483, 457.626 ], [ 507517.080000000016298, 5398872.71999999973923, 457.63 ], [ 507517.065, 5398872.5, 457.628 ], [ 507516.995999999984633, 5398871.5, 457.622 ], [ 507516.927000000025146, 5398870.5, 457.625 ], [ 507516.859, 5398869.5, 457.629 ], [ 507516.840000000025611, 5398869.230000000447035, 457.627 ], [ 507517.5, 5398869.185999999754131, 457.617 ], [ 507518.5, 5398869.119, 457.614 ], [ 507519.5, 5398869.051, 457.623 ], [ 507520.5, 5398868.984000000171363, 457.615 ], [ 507521.5, 5398868.917000000365078, 457.598 ], [ 507522.5, 5398868.849999999627471, 457.591 ], [ 507523.5, 5398868.782999999821186, 457.601 ], [ 507523.69, 5398868.769999999552965, 457.604 ], [ 507523.74, 5398869.5, 457.608 ], [ 507523.808000000019092, 5398870.5, 457.613 ], [ 507523.87699999997858, 5398871.5, 457.613 ], [ 507523.94, 5398872.42, 457.62 ], [ 507523.946, 5398872.5, 457.625 ], [ 507524.016, 5398873.5, 457.644 ], [ 507524.086000000010245, 5398874.5, 457.668 ], [ 507524.156000000017229, 5398875.5, 457.693 ], [ 507524.227000000013504, 5398876.5, 457.72 ], [ 507524.297000000020489, 5398877.5, 457.752 ], [ 507524.367000000027474, 5398878.5, 457.787 ], [ 507524.436999999976251, 5398879.5, 457.817 ], [ 507524.44, 5398879.54, 457.818 ], [ 507523.5, 5398879.603000000119209, 457.81 ], [ 507522.5, 5398879.671, 457.805 ], [ 507521.5, 5398879.737999999895692, 457.812 ], [ 507520.5, 5398879.80599999986589, 457.816 ], [ 507519.5, 5398879.872999999672174, 457.817 ], [ 507518.5, 5398879.940999999642372, 457.817 ], [ 507518.07, 5398879.96999999973923, 457.816 ], [ 507518.106000000028871, 5398880.5, 457.835 ], [ 507518.174999999988358, 5398881.5, 457.862 ], [ 507518.243000000016764, 5398882.5, 457.884 ], [ 507518.310999999986961, 5398883.5, 457.879 ], [ 507518.38, 5398884.5, 457.926 ], [ 507518.447999999974854, 5398885.5, 458.02 ], [ 507518.479999999981374, 5398885.96999999973923, 458.033 ], [ 507517.5, 5398886.036000000312924, 458.028 ], [ 507516.5, 5398886.102, 458.031 ], [ 507515.5, 5398886.168999999761581, 458.032 ], [ 507514.5, 5398886.235999999567866, 458.033 ], [ 507513.5, 5398886.303000000305474, 458.044 ], [ 507512.5, 5398886.370000000111759, 458.052 ], [ 507511.75, 5398886.42, 458.047 ], [ 507511.688000000023749, 5398885.5, 458.033 ], [ 507511.62, 5398884.5, 457.985 ], [ 507511.552000000025146, 5398883.5, 457.936 ], [ 507511.5, 5398882.734000000171363, 457.898 ], [ 507511.484, 5398882.5, 457.888 ], [ 507511.416000000026543, 5398881.5, 457.847 ], [ 507511.348, 5398880.5, 457.807 ], [ 507511.281000000017229, 5398879.5, 457.769 ], [ 507511.212999999988824, 5398878.5, 457.734 ], [ 507511.145000000018626, 5398877.5, 457.703 ], [ 507511.077, 5398876.5, 457.674 ], [ 507511.009000000020023, 5398875.5, 457.65 ], [ 507510.941999999980908, 5398874.5, 457.63 ], [ 507510.87400000001071, 5398873.5, 457.618 ], [ 507510.849999999976717, 5398873.150000000372529, 457.618 ] ] ] } },
{ "type": "Feature", "properties": { "fid": 741, "gml_id": "DEBW_5221000QWg7", "creationDate": "2025-01-08", "informationSystem": "http://repository.gdi-de.org/schemas/adv/citygml/fdv/art.htm#_9100", "name": "DEBWL5221000QWg7", "Gemeindeschluessel": "08111000", "Geometrietyp2DReferenz": 3000, "DatenquelleDachhoehe": [ 3000 ], "Grundrissaktualitaet": "2024-04-01", "DatenquelleBodenhoehe": [ 1100 ], "DatenquelleLage": [ 1000 ], "function": "31001_2140", "roofType": 9999, "measuredHeight": 6.0, "measuredHeight_uom": "urn:adv:uom:m", "CountryName": "Germany", "LocalityName": "Stuttgart", "ThoroughfareName": "Allmandring", "consistsOfBuildingPart|BuildingPart|creationDate": null, "consistsOfBuildingPart|BuildingPart|roofType": null, "consistsOfBuildingPart|BuildingPart|measuredHeight": null, "consistsOfBuildingPart|BuildingPart|measuredHeight_uom": null, "ThoroughfareNumber": null, "name_": null }, "geometry": { "type": "MultiLineString", "coordinates": [ [ [ 507051.460000000020955, 5398836.139999999664724, 456.006 ], [ 507051.5, 5398836.137000000104308, 456.011 ], [ 507052.5, 5398836.06900000013411, 456.647 ], [ 507053.5, 5398836.001000000163913, 456.872 ], [ 507054.5, 5398835.934000000357628, 456.943 ], [ 507055.5, 5398835.86600000038743, 457.307 ], [ 507056.5, 5398835.798000000417233, 457.568 ], [ 507057.5, 5398835.730000000447035, 457.641 ], [ 507058.5, 5398835.661999999545515, 457.706 ], [ 507059.5, 5398835.593999999575317, 457.742 ], [ 507060.5, 5398835.525999999605119, 457.813 ], [ 507060.884000000020023, 5398835.5, 457.756 ], [ 507061.5, 5398835.457999999634922, 456.783 ], [ 507061.62, 5398835.450000000186265, 456.771 ], [ 507061.62300000002142, 5398835.5, 457.636 ], [ 507061.691, 5398836.5, 459.444 ], [ 507061.759000000020023, 5398837.5, 459.461 ], [ 507061.78000000002794, 5398837.809999999590218, 459.446 ], [ 507062.5, 5398837.759999999776483, 459.452 ], [ 507063.5, 5398837.690000000409782, 459.446 ], [ 507064.5, 5398837.621000000275671, 459.44 ], [ 507065.5, 5398837.551, 459.429 ], [ 507066.24, 5398837.5, 459.427 ], [ 507066.5, 5398837.481999999843538, 459.436 ], [ 507067.5, 5398837.411999999545515, 459.45 ], [ 507068.5, 5398837.343000000342727, 459.446 ], [ 507069.5, 5398837.273, 459.435 ], [ 507070.5, 5398837.204, 459.434 ], [ 507071.5, 5398837.13399999961257, 459.436 ], [ 507072.5, 5398837.065000000409782, 459.436 ], [ 507073.5, 5398836.995000000111759, 459.437 ], [ 507074.5, 5398836.926, 459.442 ], [ 507075.5, 5398836.855999999679625, 459.451 ], [ 507076.5, 5398836.786999999545515, 459.455 ], [ 507077.5, 5398836.717000000178814, 459.456 ], [ 507078.5, 5398836.648, 459.46 ], [ 507079.5, 5398836.57799999974668, 459.458 ], [ 507080.5, 5398836.50899999961257, 459.461 ], [ 507080.628000000026077, 5398836.5, 459.462 ], [ 507081.5, 5398836.439000000245869, 459.474 ], [ 507082.5, 5398836.370000000111759, 459.479 ], [ 507083.5, 5398836.299999999813735, 459.48 ], [ 507084.5, 5398836.230999999679625, 459.47 ], [ 507085.5, 5398836.161000000312924, 459.459 ], [ 507086.5, 5398836.092000000178814, 459.456 ], [ 507087.5, 5398836.021999999880791, 459.461 ], [ 507088.5, 5398835.95299999974668, 459.468 ], [ 507089.5, 5398835.88300000037998, 459.466 ], [ 507090.5, 5398835.814000000245869, 459.455 ], [ 507091.5, 5398835.744, 459.444 ], [ 507092.5, 5398835.674999999813735, 459.43 ], [ 507093.5, 5398835.605000000447035, 459.416 ], [ 507094.5, 5398835.536000000312924, 459.408 ], [ 507095.016, 5398835.5, 459.407 ], [ 507095.5, 5398835.466, 459.425 ], [ 507096.5, 5398835.396999999880791, 459.428 ], [ 507097.5, 5398835.326999999582767, 459.421 ], [ 507098.5, 5398835.25800000037998, 459.398 ], [ 507099.5, 5398835.188, 459.39 ], [ 507100.5, 5398835.119, 459.019 ], [ 507101.49, 5398835.049999999813735, 457.597 ], [ 507101.5, 5398835.197999999858439, 457.038 ], [ 507101.520000000018626, 5398835.5, 457.036 ], [ 507101.587999999988824, 5398836.5, 457.098 ], [ 507101.656000000017229, 5398837.5, 456.951 ], [ 507101.723999999987427, 5398838.5, 456.803 ], [ 507101.791000000026543, 5398839.5, 456.832 ], [ 507101.859, 5398840.5, 456.818 ], [ 507101.927000000025146, 5398841.5, 456.876 ], [ 507101.995, 5398842.5, 456.95 ], [ 507102.061999999976251, 5398843.5, 456.974 ], [ 507102.13, 5398844.5, 457.158 ], [ 507102.197999999974854, 5398845.5, 457.225 ], [ 507102.26500000001397, 5398846.5, 457.545 ], [ 507102.332999999984168, 5398847.5, 457.877 ], [ 507102.401000000012573, 5398848.5, 458.198 ], [ 507102.468999999982771, 5398849.5, 458.5 ], [ 507102.5, 5398849.962000000290573, 458.535 ], [ 507102.51, 5398850.110000000335276, 458.547 ], [ 507102.5, 5398850.110999999567866, 458.548 ], [ 507101.5, 5398850.179999999701977, 458.584 ], [ 507100.5, 5398850.25, 458.586 ], [ 507099.5, 5398850.31900000013411, 458.573 ], [ 507098.5, 5398850.388000000268221, 458.563 ], [ 507097.5, 5398850.457999999634922, 458.561 ], [ 507096.893999999971129, 5398850.5, 458.55 ], [ 507096.5, 5398850.526999999769032, 458.55 ], [ 507095.5, 5398850.597, 458.553 ], [ 507094.5, 5398850.666000000201166, 458.551 ], [ 507093.5, 5398850.735999999567866, 458.549 ], [ 507092.5, 5398850.804999999701977, 458.54 ], [ 507091.5, 5398850.875, 458.541 ], [ 507090.5, 5398850.94400000013411, 458.544 ], [ 507089.5, 5398851.014000000432134, 458.552 ], [ 507088.5, 5398851.082999999634922, 458.557 ], [ 507087.5, 5398851.151999999769032, 458.558 ], [ 507086.5, 5398851.222, 458.568 ], [ 507085.5, 5398851.291000000201166, 458.572 ], [ 507084.5, 5398851.360999999567866, 458.566 ], [ 507083.5, 5398851.429999999701977, 458.567 ], [ 507082.5, 5398851.5, 458.573 ], [ 507082.495, 5398851.5, 458.565 ], [ 507081.5, 5398851.56900000013411, 458.562 ], [ 507080.5, 5398851.639000000432134, 458.557 ], [ 507079.5, 5398851.707999999634922, 458.558 ], [ 507078.5, 5398851.776999999769032, 458.545 ], [ 507077.5, 5398851.847, 458.536 ], [ 507076.5, 5398851.916000000201166, 458.534 ], [ 507075.5, 5398851.985999999567866, 458.533 ], [ 507074.5, 5398852.054999999701977, 458.544 ], [ 507073.5, 5398852.125, 458.56 ], [ 507072.5, 5398852.19400000013411, 458.57 ], [ 507071.5, 5398852.264000000432134, 458.567 ], [ 507071.12, 5398852.29, 458.56 ], [ 507071.061999999976251, 5398851.5, 458.608 ], [ 507070.989, 5398850.5, 458.723 ], [ 507070.916000000026543, 5398849.5, 458.912 ], [ 507070.842, 5398848.5, 459.102 ], [ 507070.770000000018626, 5398847.509999999776483, 459.172 ], [ 507070.5, 5398847.529, 459.175 ], [ 507069.5, 5398847.598000000230968, 459.176 ], [ 507068.5, 5398847.667999999597669, 459.176 ], [ 507067.75, 5398847.71999999973923, 459.159 ], [ 507067.733, 5398847.5, 459.172 ], [ 507067.68, 5398846.809999999590218, 459.179 ], [ 507067.5, 5398846.821999999694526, 459.175 ], [ 507066.5, 5398846.889000000432134, 459.16 ], [ 507065.5, 5398846.955, 459.167 ], [ 507064.5, 5398847.021999999880791, 459.151 ], [ 507063.5, 5398847.088999999687076, 459.111 ], [ 507062.5, 5398847.15500000026077, 459.083 ], [ 507061.5, 5398847.222, 459.069 ], [ 507060.5, 5398847.28899999987334, 459.046 ], [ 507059.5, 5398847.355000000447035, 459.024 ], [ 507058.5, 5398847.42200000025332, 459.013 ], [ 507057.5, 5398847.489, 459.004 ], [ 507057.330000000016298, 5398847.5, 458.974 ], [ 507056.5, 5398847.554999999701977, 458.965 ], [ 507055.5, 5398847.622000000439584, 458.942 ], [ 507054.5, 5398847.689000000245869, 458.903 ], [ 507053.5, 5398847.754999999888241, 458.812 ], [ 507052.5, 5398847.821999999694526, 457.584 ], [ 507052.229999999981374, 5398847.839999999850988, 456.649 ], [ 507052.207999999984168, 5398847.5, 456.647 ], [ 507052.142, 5398846.5, 456.564 ], [ 507052.076, 5398845.5, 456.538 ], [ 507052.01, 5398844.5, 456.535 ], [ 507051.944000000017695, 5398843.5, 456.6 ], [ 507051.879000000015367, 5398842.5, 456.553 ], [ 507051.813000000023749, 5398841.5, 456.808 ], [ 507051.746999999973923, 5398840.5, 456.918 ], [ 507051.680999999982305, 5398839.5, 457.207 ], [ 507051.615, 5398838.5, 457.367 ], [ 507051.549999999988358, 5398837.5, 457.101 ], [ 507051.5, 5398836.747999999672174, 456.79 ], [ 507051.484, 5398836.5, 456.231 ], [ 507051.460000000020955, 5398836.139999999664724, 456.006 ] ] ] } },
{ "type": "Feature", "properties": { "fid": 747, "gml_id": "DEBW_5221000Qu5x", "creationDate": "2025-01-08", "informationSystem": "http://repository.gdi-de.org/schemas/adv/citygml/fdv/art.htm#_9100", "name": "DEBWL5221000Qu5x", "Gemeindeschluessel": "08111000", "Geometrietyp2DReferenz": 3000, "DatenquelleDachhoehe": [ 1000 ], "Grundrissaktualitaet": "2024-04-01", "DatenquelleBodenhoehe": [ 1100 ], "DatenquelleLage": [ 1000 ], "function": "31001_1010", "roofType": 1000, "measuredHeight": 9.825, "measuredHeight_uom": "urn:adv:uom:m", "CountryName": "Germany", "LocalityName": "Stuttgart", "ThoroughfareName": "Allmandring", "consistsOfBuildingPart|BuildingPart|creationDate": null, "consistsOfBuildingPart|BuildingPart|roofType": null, "consistsOfBuildingPart|BuildingPart|measuredHeight": null, "consistsOfBuildingPart|BuildingPart|measuredHeight_uom": null, "ThoroughfareNumber": null, "name_": null }, "geometry": { "type": "MultiLineString", "coordinates": [ [ [ 507411.10999999998603, 5398901.490000000223517, 458.372 ], [ 507410.958999999973457, 5398901.5, 458.371 ], [ 507410.5, 5398901.53000000026077, 458.37 ], [ 507409.5, 5398901.597, 458.374 ], [ 507408.849999999976717, 5398901.639999999664724, 458.376 ], [ 507408.908999999985099, 5398902.5, 458.378 ], [ 507408.978, 5398903.5, 458.378 ], [ 507409.045999999972992, 5398904.5, 458.369 ], [ 507409.115, 5398905.5, 458.357 ], [ 507409.183000000019092, 5398906.5, 458.343 ], [ 507409.25199999997858, 5398907.5, 458.326 ], [ 507409.321, 5398908.5, 458.292 ], [ 507409.37, 5398909.21999999973923, 458.257 ], [ 507409.5, 5398909.21100000012666, 458.295 ], [ 507410.5, 5398909.139000000432134, 458.355 ], [ 507411.5, 5398909.068, 458.363 ], [ 507411.60999999998603, 5398909.059999999590218, 458.363 ], [ 507411.641, 5398909.5, 458.359 ], [ 507411.711000000010245, 5398910.5, 458.345 ], [ 507411.781000000017229, 5398911.5, 458.318 ], [ 507411.851000000024214, 5398912.5, 458.28 ], [ 507411.920999999972992, 5398913.5, 458.222 ], [ 507411.979999999981374, 5398914.339999999850988, 458.183 ], [ 507411.5, 5398914.373999999836087, 458.16 ], [ 507410.5, 5398914.445000000298023, 458.088 ], [ 507409.729999999981374, 5398914.5, 458.006 ], [ 507409.795999999972992, 5398915.5, 458.016 ], [ 507409.82, 5398915.870000000111759, 458.019 ], [ 507409.5, 5398915.890999999828637, 458.008 ], [ 507408.5, 5398915.956000000238419, 457.951 ], [ 507407.5, 5398916.020999999716878, 457.885 ], [ 507406.5, 5398916.08600000012666, 457.82 ], [ 507405.5, 5398916.150999999605119, 457.735 ], [ 507404.5, 5398916.216, 457.63 ], [ 507403.5, 5398916.281000000424683, 457.425 ], [ 507402.5, 5398916.34499999973923, 457.023 ], [ 507402.43, 5398916.349999999627471, 456.836 ], [ 507402.371999999973923, 5398915.5, 456.252 ], [ 507402.303000000014435, 5398914.5, 455.973 ], [ 507402.23499999998603, 5398913.5, 455.925 ], [ 507402.166000000026543, 5398912.5, 455.904 ], [ 507402.098, 5398911.5, 455.914 ], [ 507402.03000000002794, 5398910.5, 456.021 ], [ 507401.961000000010245, 5398909.5, 456.756 ], [ 507401.892999999981839, 5398908.5, 457.942 ], [ 507401.824000000022352, 5398907.5, 458.288 ], [ 507401.756, 5398906.5, 458.326 ], [ 507401.686999999976251, 5398905.5, 458.343 ], [ 507401.619, 5398904.5, 458.34 ], [ 507401.549999999988358, 5398903.5, 458.335 ], [ 507401.5, 5398902.763000000268221, 458.324 ], [ 507401.482000000018161, 5398902.5, 458.328 ], [ 507401.413999999989755, 5398901.5, 458.35 ], [ 507401.34499999997206, 5398900.5, 458.371 ], [ 507401.277, 5398899.5, 458.381 ], [ 507401.207999999984168, 5398898.5, 458.39 ], [ 507401.14000000001397, 5398897.5, 458.392 ], [ 507401.071, 5398896.5, 458.388 ], [ 507401.003000000026077, 5398895.5, 458.385 ], [ 507400.934, 5398894.5, 458.382 ], [ 507400.865999999979977, 5398893.5, 458.376 ], [ 507400.798, 5398892.5, 458.389 ], [ 507400.729, 5398891.5, 458.406 ], [ 507400.661000000021886, 5398890.5, 458.402 ], [ 507400.659999999974389, 5398890.490000000223517, 458.4 ], [ 507401.5, 5398890.432, 458.404 ], [ 507402.5, 5398890.362999999895692, 458.397 ], [ 507403.5, 5398890.293999999761581, 458.39 ], [ 507404.5, 5398890.224999999627471, 458.386 ], [ 507405.5, 5398890.156000000424683, 458.383 ], [ 507406.5, 5398890.087000000290573, 458.38 ], [ 507407.5, 5398890.018000000156462, 458.374 ], [ 507408.049999999988358, 5398889.980000000447035, 458.374 ], [ 507408.086000000010245, 5398890.5, 458.372 ], [ 507408.15500000002794, 5398891.5, 458.373 ], [ 507408.223999999987427, 5398892.5, 458.38 ], [ 507408.292000000015832, 5398893.5, 458.38 ], [ 507408.36099999997532, 5398894.5, 458.374 ], [ 507408.43, 5398895.5, 458.377 ], [ 507408.49, 5398896.370000000111759, 458.382 ], [ 507408.5, 5398896.369, 458.386 ], [ 507409.5, 5398896.303000000305474, 458.399 ], [ 507410.5, 5398896.235999999567866, 458.392 ], [ 507410.74, 5398896.21999999973923, 458.389 ], [ 507410.76, 5398896.5, 458.392 ], [ 507410.830000000016298, 5398897.5, 458.389 ], [ 507410.900000000023283, 5398898.5, 458.383 ], [ 507410.96999999997206, 5398899.5, 458.378 ], [ 507411.039999999979045, 5398900.5, 458.373 ], [ 507411.10999999998603, 5398901.490000000223517, 458.372 ] ] ] } },
{ "type": "Feature", "properties": { "fid": 748, "gml_id": "DEBW_5221000QueH", "creationDate": "2025-01-08", "informationSystem": "http://repository.gdi-de.org/schemas/adv/citygml/fdv/art.htm#_9100", "name": "DEBWL5221000QueH", "Gemeindeschluessel": "08111000", "Geometrietyp2DReferenz": 3000, "DatenquelleDachhoehe": [ 1000 ], "Grundrissaktualitaet": "2024-04-01", "DatenquelleBodenhoehe": [ 1100 ], "DatenquelleLage": [ 1000 ], "function": "31001_1010", "roofType": 1000, "measuredHeight": 8.427, "measuredHeight_uom": "urn:adv:uom:m", "CountryName": "Germany", "LocalityName": "Stuttgart", "ThoroughfareName": "Allmandring", "consistsOfBuildingPart|BuildingPart|creationDate": null, "consistsOfBuildingPart|BuildingPart|roofType": null, "consistsOfBuildingPart|BuildingPart|measuredHeight": null, "consistsOfBuildingPart|BuildingPart|measuredHeight_uom": null, "ThoroughfareNumber": null, "name_": null }, "geometry": { "type": "MultiLineString", "coordinates": [ [ [ 507407.57, 5398850.009999999776483, 458.359 ], [ 507407.5, 5398850.014999999664724, 458.359 ], [ 507406.5, 5398850.082000000402331, 458.357 ], [ 507405.5, 5398850.149000000208616, 458.35 ], [ 507405.330000000016298, 5398850.160000000149012, 458.347 ], [ 507405.353, 5398850.5, 458.345 ], [ 507405.422000000020489, 5398851.5, 458.346 ], [ 507405.49, 5398852.5, 458.352 ], [ 507405.5, 5398852.644999999552965, 458.351 ], [ 507405.559, 5398853.5, 458.355 ], [ 507405.62699999997858, 5398854.5, 458.355 ], [ 507405.695, 5398855.5, 458.36 ], [ 507405.76400000002468, 5398856.5, 458.364 ], [ 507405.832, 5398857.5, 458.361 ], [ 507405.849999999976717, 5398857.759999999776483, 458.36 ], [ 507406.5, 5398857.716, 458.364 ], [ 507407.5, 5398857.650000000372529, 458.367 ], [ 507408.090000000025611, 5398857.610000000335276, 458.365 ], [ 507408.153999999980442, 5398858.5, 458.359 ], [ 507408.226000000024214, 5398859.5, 458.352 ], [ 507408.298, 5398860.5, 458.354 ], [ 507408.37, 5398861.5, 458.356 ], [ 507408.443000000028405, 5398862.5, 458.36 ], [ 507408.46999999997206, 5398862.879999999888241, 458.361 ], [ 507407.5, 5398862.94400000013411, 458.365 ], [ 507406.5, 5398863.011, 458.355 ], [ 507406.210000000020955, 5398863.03000000026077, 458.35 ], [ 507406.245, 5398863.5, 458.351 ], [ 507406.299999999988358, 5398864.25, 458.35 ], [ 507405.5, 5398864.304999999701977, 458.348 ], [ 507404.5, 5398864.373999999836087, 458.345 ], [ 507403.5, 5398864.443, 458.345 ], [ 507402.668, 5398864.5, 458.348 ], [ 507402.5, 5398864.512000000104308, 458.348 ], [ 507401.5, 5398864.58, 458.352 ], [ 507400.5, 5398864.649000000208616, 458.357 ], [ 507399.5, 5398864.718000000342727, 458.364 ], [ 507398.89000000001397, 5398864.759999999776483, 458.366 ], [ 507398.871999999973923, 5398864.5, 458.366 ], [ 507398.804, 5398863.5, 458.363 ], [ 507398.73499999998603, 5398862.5, 458.358 ], [ 507398.667000000015832, 5398861.5, 458.362 ], [ 507398.598, 5398860.5, 458.357 ], [ 507398.53000000002794, 5398859.5, 458.349 ], [ 507398.5, 5398859.062, 458.347 ], [ 507398.462, 5398858.5, 458.344 ], [ 507398.392999999981839, 5398857.5, 458.347 ], [ 507398.325000000011642, 5398856.5, 458.353 ], [ 507398.256, 5398855.5, 458.346 ], [ 507398.188000000023749, 5398854.5, 458.338 ], [ 507398.119, 5398853.5, 458.342 ], [ 507398.050999999977648, 5398852.5, 458.343 ], [ 507397.982000000018161, 5398851.5, 458.344 ], [ 507397.913999999989755, 5398850.5, 458.345 ], [ 507397.846000000019558, 5398849.5, 458.351 ], [ 507397.777, 5398848.5, 458.359 ], [ 507397.708999999973457, 5398847.5, 458.36 ], [ 507397.64000000001397, 5398846.5, 458.36 ], [ 507397.571999999985565, 5398845.5, 458.362 ], [ 507397.503000000026077, 5398844.5, 458.36 ], [ 507397.5, 5398844.451999999582767, 458.359 ], [ 507397.435, 5398843.5, 458.355 ], [ 507397.365999999979977, 5398842.5, 458.364 ], [ 507397.298, 5398841.5, 458.38 ], [ 507397.229999999981374, 5398840.5, 458.393 ], [ 507397.161000000021886, 5398839.5, 458.377 ], [ 507397.12, 5398838.900000000372529, 458.358 ], [ 507397.5, 5398838.873999999836087, 458.363 ], [ 507398.5, 5398838.804999999701977, 458.366 ], [ 507399.5, 5398838.735999999567866, 458.364 ], [ 507400.5, 5398838.667000000365078, 458.368 ], [ 507401.5, 5398838.599000000394881, 458.37 ], [ 507402.5, 5398838.53000000026077, 458.358 ], [ 507402.931999999971595, 5398838.5, 458.354 ], [ 507403.5, 5398838.46100000012666, 458.348 ], [ 507404.5, 5398838.392, 458.342 ], [ 507404.53000000002794, 5398838.389999999664724, 458.342 ], [ 507404.537000000011176, 5398838.5, 458.346 ], [ 507404.604999999981374, 5398839.5, 458.355 ], [ 507404.673, 5398840.5, 458.359 ], [ 507404.740999999979977, 5398841.5, 458.361 ], [ 507404.809, 5398842.5, 458.369 ], [ 507404.87599999998929, 5398843.5, 458.369 ], [ 507404.944000000017695, 5398844.5, 458.367 ], [ 507404.96999999997206, 5398844.879999999888241, 458.366 ], [ 507405.5, 5398844.84499999973923, 458.372 ], [ 507406.5, 5398844.778, 458.368 ], [ 507407.21999999997206, 5398844.730000000447035, 458.365 ], [ 507407.271, 5398845.5, 458.36 ], [ 507407.337, 5398846.5, 458.352 ], [ 507407.403999999980442, 5398847.5, 458.351 ], [ 507407.46999999997206, 5398848.5, 458.354 ], [ 507407.5, 5398848.954, 458.356 ], [ 507407.536000000021886, 5398849.5, 458.356 ], [ 507407.57, 5398850.009999999776483, 458.359 ] ] ] } },
{ "type": "Feature", "properties": { "fid": 771, "gml_id": "DEBW_5221000QwFZ", "creationDate": "2025-01-08", "informationSystem": "http://repository.gdi-de.org/schemas/adv/citygml/fdv/art.htm#_9100", "name": "DEBWL5221000QwFZ", "Gemeindeschluessel": "08111000", "Geometrietyp2DReferenz": 3000, "DatenquelleDachhoehe": [ 1000 ], "Grundrissaktualitaet": "2024-04-01", "DatenquelleBodenhoehe": [ 1100 ], "DatenquelleLage": [ 1000 ], "function": "31001_2140", "roofType": 1000, "measuredHeight": 2.785, "measuredHeight_uom": "urn:adv:uom:m", "CountryName": "Germany", "LocalityName": "Stuttgart", "ThoroughfareName": "Nobelstraße", "consistsOfBuildingPart|BuildingPart|creationDate": null, "consistsOfBuildingPart|BuildingPart|roofType": null, "consistsOfBuildingPart|BuildingPart|measuredHeight": null, "consistsOfBuildingPart|BuildingPart|measuredHeight_uom": null, "ThoroughfareNumber": null, "name_": null }, "geometry": { "type": "MultiLineString", "coordinates": [ [ [ 507283.37, 5398570.299999999813735, 454.281 ], [ 507283.311999999976251, 5398569.5, 454.277 ], [ 507283.24, 5398568.5, 454.278 ], [ 507283.167000000015832, 5398567.5, 454.305 ], [ 507283.09499999997206, 5398566.5, 454.328 ], [ 507283.022, 5398565.5, 454.351 ], [ 507282.950000000011642, 5398564.5, 454.356 ], [ 507282.878000000026077, 5398563.5, 454.35 ], [ 507282.805, 5398562.5, 454.346 ], [ 507282.789999999979045, 5398562.29, 454.352 ], [ 507283.5, 5398562.235999999567866, 454.167 ], [ 507284.5, 5398562.161000000312924, 453.797 ], [ 507285.5, 5398562.08600000012666, 453.668 ], [ 507286.5, 5398562.009999999776483, 453.651 ], [ 507287.5, 5398561.934999999590218, 453.627 ], [ 507288.5, 5398561.860000000335276, 453.61 ], [ 507288.76, 5398561.839999999850988, 453.606 ], [ 507288.808000000019092, 5398562.5, 453.632 ], [ 507288.88, 5398563.5, 453.685 ], [ 507288.952, 5398564.5, 453.736 ], [ 507289.023999999975786, 5398565.5, 453.779 ], [ 507289.097, 5398566.5, 453.807 ], [ 507289.169, 5398567.5, 453.801 ], [ 507289.240999999979977, 5398568.5, 453.779 ], [ 507289.313000000023749, 5398569.5, 453.778 ], [ 507289.340000000025611, 5398569.870000000111759, 453.791 ], [ 507288.5, 5398569.93099999986589, 453.941 ], [ 507287.5, 5398570.002999999560416, 454.162 ], [ 507286.5, 5398570.075000000186265, 454.252 ], [ 507285.5, 5398570.146999999880791, 454.261 ], [ 507284.5, 5398570.218999999575317, 454.254 ], [ 507283.5, 5398570.291000000201166, 454.269 ], [ 507283.37, 5398570.299999999813735, 454.281 ] ] ] } },
{ "type": "Feature", "properties": { "fid": 792, "gml_id": "DEBW_5222Ld00004", "creationDate": "2025-01-08", "informationSystem": "http://repository.gdi-de.org/schemas/adv/citygml/fdv/art.htm#_9100", "name": "DEBWL5222Ld00004", "Gemeindeschluessel": "08111000", "Geometrietyp2DReferenz": 3000, "DatenquelleDachhoehe": [ 1000 ], "Grundrissaktualitaet": "2024-04-01", "DatenquelleBodenhoehe": [ 1100 ], "DatenquelleLage": [ 1000 ], "function": "51009_1610", "roofType": 2100, "measuredHeight": 7.097, "measuredHeight_uom": "urn:adv:uom:m", "CountryName": "Germany", "LocalityName": "Stuttgart", "ThoroughfareName": null, "consistsOfBuildingPart|BuildingPart|creationDate": null, "consistsOfBuildingPart|BuildingPart|roofType": null, "consistsOfBuildingPart|BuildingPart|measuredHeight": null, "consistsOfBuildingPart|BuildingPart|measuredHeight_uom": null, "ThoroughfareNumber": null, "name_": null }, "geometry": { "type": "MultiLineString", "coordinates": [ [ [ 507564.14000000001397, 5398725.679999999701977, 455.965 ], [ 507564.136999999987893, 5398726.5, 455.964 ], [ 507564.134000000020023, 5398727.5, 455.969 ], [ 507564.13, 5398728.5, 455.97 ], [ 507564.12699999997858, 5398729.5, 455.978 ], [ 507564.12400000001071, 5398730.5, 455.97 ], [ 507564.12, 5398731.5, 455.94 ], [ 507564.117000000027474, 5398732.5, 455.924 ], [ 507564.113000000012107, 5398733.5, 455.927 ], [ 507564.10999999998603, 5398734.5, 455.936 ], [ 507564.107000000018161, 5398735.5, 455.936 ], [ 507564.103, 5398736.5, 455.938 ], [ 507564.099999999976717, 5398737.5, 455.94 ], [ 507564.096000000019558, 5398738.5, 455.934 ], [ 507564.093, 5398739.5, 455.924 ], [ 507564.090000000025611, 5398740.360000000335276, 455.91 ], [ 507563.5, 5398740.360000000335276, 455.938 ], [ 507562.5, 5398740.360000000335276, 456.044 ], [ 507561.5, 5398740.360000000335276, 456.09 ], [ 507560.5, 5398740.360000000335276, 456.093 ], [ 507559.5, 5398740.360000000335276, 456.08 ], [ 507559.020000000018626, 5398740.360000000335276, 456.077 ], [ 507559.022, 5398739.5, 456.068 ], [ 507559.023999999975786, 5398738.5, 456.059 ], [ 507559.027, 5398737.5, 456.049 ], [ 507559.028999999980442, 5398736.5, 456.057 ], [ 507559.031000000017229, 5398735.5, 456.075 ], [ 507559.033999999985099, 5398734.5, 456.066 ], [ 507559.036000000021886, 5398733.5, 456.029 ], [ 507559.038999999989755, 5398732.5, 456.012 ], [ 507559.039999999979045, 5398731.879999999888241, 456.011 ], [ 507558.94, 5398731.879999999888241, 456.012 ], [ 507558.941, 5398731.5, 456.008 ], [ 507558.944000000017695, 5398730.5, 456.0 ], [ 507558.947999999974854, 5398729.5, 456.01 ], [ 507558.951, 5398728.5, 456.035 ], [ 507558.954000000027008, 5398727.5, 456.056 ], [ 507558.957, 5398726.5, 456.077 ], [ 507558.960000000020955, 5398725.679999999701977, 456.068 ], [ 507559.5, 5398725.679999999701977, 456.043 ], [ 507560.5, 5398725.679999999701977, 456.012 ], [ 507561.5, 5398725.679999999701977, 456.014 ], [ 507562.5, 5398725.679999999701977, 456.001 ], [ 507563.5, 5398725.679999999701977, 455.967 ], [ 507564.14000000001397, 5398725.679999999701977, 455.965 ] ] ] } },
{ "type": "Feature", "properties": { "fid": 821, "gml_id": "DEBW_5221000Qw7X", "creationDate": "2025-01-08", "informationSystem": "http://repository.gdi-de.org/schemas/adv/citygml/fdv/art.htm#_9100", "name": "DEBWL5221000Qw7X", "Gemeindeschluessel": "08111000", "Geometrietyp2DReferenz": 3000, "DatenquelleDachhoehe": [ 1000 ], "Grundrissaktualitaet": "2024-04-01", "DatenquelleBodenhoehe": [ 1100 ], "DatenquelleLage": [ 1000 ], "function": "31001_2140", "roofType": 1000, "measuredHeight": 6.196, "measuredHeight_uom": "urn:adv:uom:m", "CountryName": "Germany", "LocalityName": "Stuttgart", "ThoroughfareName": "Nobelstraße", "consistsOfBuildingPart|BuildingPart|creationDate": null, "consistsOfBuildingPart|BuildingPart|roofType": null, "consistsOfBuildingPart|BuildingPart|measuredHeight": null, "consistsOfBuildingPart|BuildingPart|measuredHeight_uom": null, "ThoroughfareNumber": null, "name_": null }, "geometry": { "type": "MultiLineString", "coordinates": [ [ [ 507207.549999999988358, 5398662.160000000149012, 454.965 ], [ 507207.5, 5398662.16399999987334, 454.97 ], [ 507206.5, 5398662.236999999731779, 455.24 ], [ 507205.5, 5398662.310999999754131, 455.467 ], [ 507204.5, 5398662.384999999776483, 455.522 ], [ 507203.5, 5398662.457999999634922, 455.495 ], [ 507202.935, 5398662.5, 455.48 ], [ 507202.5, 5398662.531999999657273, 455.473 ], [ 507201.5, 5398662.605999999679625, 455.46 ], [ 507200.5, 5398662.678999999538064, 455.441 ], [ 507199.5, 5398662.752999999560416, 455.422 ], [ 507198.5, 5398662.826999999582767, 455.405 ], [ 507197.5, 5398662.900000000372529, 455.402 ], [ 507196.69, 5398662.96, 455.417 ], [ 507196.652, 5398662.5, 455.423 ], [ 507196.57, 5398661.5, 455.443 ], [ 507196.5, 5398660.657999999821186, 455.455 ], [ 507196.487000000022817, 5398660.5, 455.459 ], [ 507196.403999999980442, 5398659.5, 455.467 ], [ 507196.321999999985565, 5398658.5, 455.47 ], [ 507196.26, 5398657.75, 455.47 ], [ 507196.243000000016764, 5398657.5, 455.47 ], [ 507196.174999999988358, 5398656.5, 455.467 ], [ 507196.108, 5398655.5, 455.463 ], [ 507196.039999999979045, 5398654.5, 455.457 ], [ 507195.972, 5398653.5, 455.452 ], [ 507195.903999999980442, 5398652.5, 455.45 ], [ 507195.837, 5398651.5, 455.45 ], [ 507195.768999999971129, 5398650.5, 455.453 ], [ 507195.701, 5398649.5, 455.455 ], [ 507195.632999999972526, 5398648.5, 455.457 ], [ 507195.566, 5398647.5, 455.458 ], [ 507195.5, 5398646.532999999821186, 455.457 ], [ 507195.49800000002142, 5398646.5, 455.459 ], [ 507195.43, 5398645.5, 455.456 ], [ 507195.362000000022817, 5398644.5, 455.45 ], [ 507195.294, 5398643.5, 455.442 ], [ 507195.227000000013504, 5398642.5, 455.429 ], [ 507195.158999999985099, 5398641.5, 455.411 ], [ 507195.091000000014901, 5398640.5, 455.389 ], [ 507195.022999999986496, 5398639.5, 455.36 ], [ 507194.956, 5398638.5, 455.322 ], [ 507194.89000000001397, 5398637.53000000026077, 455.273 ], [ 507194.887999999977183, 5398637.5, 455.272 ], [ 507194.819000000017695, 5398636.5, 455.207 ], [ 507194.75099999998929, 5398635.5, 455.122 ], [ 507194.681999999971595, 5398634.5, 455.017 ], [ 507194.62, 5398633.589999999850988, 454.899 ], [ 507195.5, 5398633.53000000026077, 454.947 ], [ 507195.941, 5398633.5, 454.968 ], [ 507196.5, 5398633.462000000290573, 454.979 ], [ 507197.5, 5398633.394000000320375, 455.054 ], [ 507198.5, 5398633.326000000350177, 455.151 ], [ 507199.5, 5398633.25800000037998, 455.277 ], [ 507200.5, 5398633.190000000409782, 455.423 ], [ 507200.64000000001397, 5398633.179999999701977, 455.434 ], [ 507201.5, 5398633.122000000439584, 455.527 ], [ 507202.5, 5398633.054999999701977, 455.558 ], [ 507203.5, 5398632.987999999895692, 455.582 ], [ 507204.5, 5398632.921, 455.637 ], [ 507205.5, 5398632.854000000283122, 455.61 ], [ 507205.56, 5398632.849999999627471, 455.606 ], [ 507205.604, 5398633.5, 455.668 ], [ 507205.672000000020489, 5398634.5, 455.705 ], [ 507205.74, 5398635.5, 455.711 ], [ 507205.808000000019092, 5398636.5, 455.698 ], [ 507205.87599999998929, 5398637.5, 455.67 ], [ 507205.944000000017695, 5398638.5, 455.64 ], [ 507206.011999999987893, 5398639.5, 455.608 ], [ 507206.079000000027008, 5398640.5, 455.576 ], [ 507206.147, 5398641.5, 455.55 ], [ 507206.215000000025611, 5398642.5, 455.531 ], [ 507206.283, 5398643.5, 455.516 ], [ 507206.351000000024214, 5398644.5, 455.506 ], [ 507206.419, 5398645.5, 455.498 ], [ 507206.487000000022817, 5398646.5, 455.491 ], [ 507206.5, 5398646.695000000298023, 455.484 ], [ 507206.555, 5398647.5, 455.475 ], [ 507206.62300000002142, 5398648.5, 455.463 ], [ 507206.69, 5398649.5, 455.448 ], [ 507206.757999999972526, 5398650.5, 455.428 ], [ 507206.826, 5398651.5, 455.401 ], [ 507206.893999999971129, 5398652.5, 455.369 ], [ 507206.962, 5398653.5, 455.334 ], [ 507207.03000000002794, 5398654.5, 455.3 ], [ 507207.098, 5398655.5, 455.267 ], [ 507207.166000000026543, 5398656.5, 455.238 ], [ 507207.234, 5398657.5, 455.212 ], [ 507207.302000000025146, 5398658.5, 455.186 ], [ 507207.369, 5398659.5, 455.152 ], [ 507207.436999999976251, 5398660.5, 455.105 ], [ 507207.5, 5398661.423999999649823, 455.014 ], [ 507207.505, 5398661.5, 454.992 ], [ 507207.549999999988358, 5398662.160000000149012, 454.965 ] ] ] } },
{ "type": "Feature", "properties": { "fid": 828, "gml_id": "DEBW_5221000QhwN", "creationDate": "2025-01-08", "informationSystem": "http://repository.gdi-de.org/schemas/adv/citygml/fdv/art.htm#_9100", "name": "DEBWL5221000QhwN", "Gemeindeschluessel": "08111000", "Geometrietyp2DReferenz": 3000, "DatenquelleDachhoehe": [ 1000 ], "Grundrissaktualitaet": "2024-04-01", "DatenquelleBodenhoehe": [ 1100 ], "DatenquelleLage": [ 1000 ], "function": "31001_2140", "roofType": 1000, "measuredHeight": 3.719, "measuredHeight_uom": "urn:adv:uom:m", "CountryName": "Germany", "LocalityName": "Stuttgart", "ThoroughfareName": "Allmandring", "consistsOfBuildingPart|BuildingPart|creationDate": null, "consistsOfBuildingPart|BuildingPart|roofType": null, "consistsOfBuildingPart|BuildingPart|measuredHeight": null, "consistsOfBuildingPart|BuildingPart|measuredHeight_uom": null, "ThoroughfareNumber": "3/2, null", "name_": null }, "geometry": { "type": "MultiLineString", "coordinates": [ [ [ 507439.13, 5398971.889999999664724, 456.98 ], [ 507439.104, 5398971.5, 457.051 ], [ 507439.036000000021886, 5398970.5, 457.299 ], [ 507438.968999999982771, 5398969.5, 457.354 ], [ 507438.901000000012573, 5398968.5, 457.371 ], [ 507438.833999999973457, 5398967.5, 457.385 ], [ 507438.766, 5398966.5, 457.389 ], [ 507438.699000000022352, 5398965.5, 457.373 ], [ 507438.631, 5398964.5, 457.342 ], [ 507438.564000000013039, 5398963.5, 457.31 ], [ 507438.51, 5398962.700000000186265, 457.271 ], [ 507439.5, 5398962.636, 457.277 ], [ 507440.5, 5398962.570000000298023, 457.277 ], [ 507441.5, 5398962.504999999888241, 457.284 ], [ 507441.582999999984168, 5398962.5, 457.284 ], [ 507442.5, 5398962.440000000409782, 457.271 ], [ 507443.12, 5398962.400000000372529, 457.27 ], [ 507443.12699999997858, 5398962.5, 457.283 ], [ 507443.193000000028405, 5398963.5, 457.32 ], [ 507443.26, 5398964.5, 457.325 ], [ 507443.326, 5398965.5, 457.287 ], [ 507443.392999999981839, 5398966.5, 457.265 ], [ 507443.458999999973457, 5398967.5, 457.269 ], [ 507443.5, 5398968.111999999731779, 457.253 ], [ 507443.526000000012573, 5398968.5, 457.249 ], [ 507443.592, 5398969.5, 457.196 ], [ 507443.658999999985099, 5398970.5, 457.066 ], [ 507443.724999999976717, 5398971.5, 456.904 ], [ 507443.729999999981374, 5398971.570000000298023, 456.897 ], [ 507443.5, 5398971.58600000012666, 456.856 ], [ 507442.5, 5398971.656000000424683, 456.586 ], [ 507441.5, 5398971.724999999627471, 456.567 ], [ 507440.5, 5398971.795, 456.593 ], [ 507439.5, 5398971.864, 456.791 ], [ 507439.13, 5398971.889999999664724, 456.98 ] ] ] } },
{ "type": "Feature", "properties": { "fid": 842, "gml_id": "DEBW_5221000Qwwd", "creationDate": "2025-01-08", "informationSystem": "http://repository.gdi-de.org/schemas/adv/citygml/fdv/art.htm#_9100", "name": "DEBWL5221000Qwwd", "Gemeindeschluessel": "08111000", "Geometrietyp2DReferenz": 3000, "DatenquelleDachhoehe": [ 1000 ], "Grundrissaktualitaet": "2024-04-01", "DatenquelleBodenhoehe": [ 1100 ], "DatenquelleLage": [ 1000 ], "function": "31001_2140", "roofType": 1000, "measuredHeight": 7.438, "measuredHeight_uom": "urn:adv:uom:m", "CountryName": "Germany", "LocalityName": "Stuttgart", "ThoroughfareName": "Nobelstraße", "consistsOfBuildingPart|BuildingPart|creationDate": null, "consistsOfBuildingPart|BuildingPart|roofType": null, "consistsOfBuildingPart|BuildingPart|measuredHeight": null, "consistsOfBuildingPart|BuildingPart|measuredHeight_uom": null, "ThoroughfareNumber": "12M, null", "name_": null }, "geometry": { "type": "MultiLineString", "coordinates": [ [ [ 507182.400000000023283, 5398743.429999999701977, 455.771 ], [ 507182.5, 5398743.423000000417233, 455.767 ], [ 507183.5, 5398743.353000000119209, 455.753 ], [ 507184.5, 5398743.284, 455.739 ], [ 507185.5, 5398743.213999999687076, 455.731 ], [ 507186.5, 5398743.144000000320375, 455.725 ], [ 507187.5, 5398743.074, 455.719 ], [ 507188.5, 5398743.004999999888241, 455.713 ], [ 507189.5, 5398742.934999999590218, 455.709 ], [ 507190.5, 5398742.865000000223517, 455.708 ], [ 507191.5, 5398742.796, 455.709 ], [ 507192.5, 5398742.725999999791384, 455.71 ], [ 507193.5, 5398742.656000000424683, 455.712 ], [ 507194.5, 5398742.58600000012666, 455.718 ], [ 507195.5, 5398742.517, 455.721 ], [ 507195.74, 5398742.5, 455.72 ], [ 507196.5, 5398742.446999999694526, 455.713 ], [ 507197.5, 5398742.377000000327826, 455.709 ], [ 507198.5, 5398742.308000000193715, 455.711 ], [ 507199.5, 5398742.237999999895692, 455.712 ], [ 507200.5, 5398742.167999999597669, 455.708 ], [ 507201.5, 5398742.098000000230968, 455.706 ], [ 507202.5, 5398742.029, 455.711 ], [ 507203.5, 5398741.958999999798834, 455.721 ], [ 507204.49, 5398741.889999999664724, 455.725 ], [ 507204.5, 5398742.035000000149012, 455.727 ], [ 507204.532, 5398742.5, 455.734 ], [ 507204.601000000024214, 5398743.5, 455.75 ], [ 507204.669999999983702, 5398744.5, 455.771 ], [ 507204.739, 5398745.5, 455.76 ], [ 507204.74, 5398745.509999999776483, 455.76 ], [ 507204.5, 5398745.525999999605119, 455.762 ], [ 507203.5, 5398745.59499999973923, 455.767 ], [ 507202.5, 5398745.66399999987334, 455.76 ], [ 507201.5, 5398745.731999999843538, 455.747 ], [ 507200.5, 5398745.801, 455.746 ], [ 507200.37, 5398745.809999999590218, 455.743 ], [ 507200.354, 5398746.5, 455.741 ], [ 507200.351000000024214, 5398746.605000000447035, 455.74 ], [ 507200.267, 5398747.395999999716878, 455.734 ], [ 507200.246999999973923, 5398747.5, 455.73 ], [ 507200.117000000027474, 5398748.177000000141561, 455.727 ], [ 507200.027, 5398748.5, 455.726 ], [ 507199.903, 5398748.943, 455.722 ], [ 507199.696999999985565, 5398749.5, 455.711 ], [ 507199.62699999997858, 5398749.689000000245869, 455.71 ], [ 507199.5, 5398749.96100000012666, 455.71 ], [ 507199.289999999979045, 5398750.410000000149012, 455.709 ], [ 507199.239, 5398750.5, 455.71 ], [ 507198.870999999984633, 5398751.146999999880791, 455.708 ], [ 507198.62599999998929, 5398751.5, 455.701 ], [ 507198.5, 5398751.682, 455.696 ], [ 507198.387999999977183, 5398751.843000000342727, 455.688 ], [ 507197.843, 5398752.49199999962002, 455.682 ], [ 507197.835000000020955, 5398752.5, 455.677 ], [ 507197.5, 5398752.832999999634922, 455.68 ], [ 507197.242000000027474, 5398753.088999999687076, 455.697 ], [ 507196.745, 5398753.5, 455.712 ], [ 507196.588999999978114, 5398753.628999999724329, 455.715 ], [ 507196.5, 5398753.690000000409782, 455.716 ], [ 507195.89000000001397, 5398754.108, 455.716 ], [ 507195.5, 5398754.326000000350177, 455.716 ], [ 507195.189000000013039, 5398754.5, 455.711 ], [ 507195.150000000023283, 5398754.521999999880791, 455.71 ], [ 507194.5, 5398754.812, 455.705 ], [ 507194.37599999998929, 5398754.86699999962002, 455.701 ], [ 507193.574000000022352, 5398755.139999999664724, 455.697 ], [ 507193.5, 5398755.157999999821186, 455.697 ], [ 507192.75, 5398755.339999999850988, 455.697 ], [ 507192.69, 5398754.929999999701977, 455.699 ], [ 507192.5, 5398754.943, 455.699 ], [ 507191.5, 5398755.014000000432134, 455.702 ], [ 507190.5, 5398755.083999999798834, 455.712 ], [ 507190.13, 5398755.110000000335276, 455.712 ], [ 507190.159999999974389, 5398755.490000000223517, 455.712 ], [ 507189.5, 5398755.432, 455.714 ], [ 507189.325000000011642, 5398755.417000000365078, 455.713 ], [ 507188.5, 5398755.265999999828637, 455.708 ], [ 507187.694000000017695, 5398755.037999999709427, 455.699 ], [ 507187.5, 5398754.963000000454485, 455.698 ], [ 507186.912000000011176, 5398754.735000000335276, 455.696 ], [ 507186.5, 5398754.529, 455.696 ], [ 507186.441999999980908, 5398754.5, 455.695 ], [ 507186.162000000011176, 5398754.360000000335276, 455.7 ], [ 507185.5, 5398753.946999999694526, 455.703 ], [ 507185.451, 5398753.916000000201166, 455.7 ], [ 507184.90500000002794, 5398753.5, 455.702 ], [ 507184.783999999985099, 5398753.407999999821186, 455.707 ], [ 507184.5, 5398753.145999999716878, 455.707 ], [ 507184.168, 5398752.838999999687076, 455.705 ], [ 507183.865, 5398752.5, 455.706 ], [ 507183.609, 5398752.213999999687076, 455.705 ], [ 507183.5, 5398752.066999999806285, 455.704 ], [ 507183.10999999998603, 5398751.54, 455.697 ], [ 507183.082999999984168, 5398751.5, 455.697 ], [ 507182.667000000015832, 5398750.881, 455.701 ], [ 507182.5, 5398750.576000000350177, 455.702 ], [ 507182.457999999984168, 5398750.5, 455.696 ], [ 507182.284999999974389, 5398750.184000000357628, 455.7 ], [ 507181.988000000012107, 5398749.5, 455.701 ], [ 507181.968, 5398749.455, 455.704 ], [ 507181.718999999982771, 5398748.701000000350177, 455.709 ], [ 507181.672000000020489, 5398748.5, 455.709 ], [ 507181.538999999989755, 5398747.927000000141561, 455.718 ], [ 507181.5, 5398747.644999999552965, 455.72 ], [ 507181.479999999981374, 5398747.5, 455.715 ], [ 507181.43, 5398747.139999999664724, 455.721 ], [ 507181.5, 5398747.136, 455.724 ], [ 507181.919999999983702, 5398747.110000000335276, 455.726 ], [ 507182.5, 5398747.070000000298023, 455.722 ], [ 507182.650000000023283, 5398747.059999999590218, 455.721 ], [ 507182.61099999997532, 5398746.5, 455.72 ], [ 507182.543, 5398745.5, 455.722 ], [ 507182.5, 5398744.882000000216067, 455.736 ], [ 507182.473999999987427, 5398744.5, 455.739 ], [ 507182.40500000002794, 5398743.5, 455.768 ], [ 507182.400000000023283, 5398743.429999999701977, 455.771 ] ] ] } },
{ "type": "Feature", "properties": { "fid": 852, "gml_id": "DEBW_5221000QWZw", "creationDate": "2025-01-08", "informationSystem": "http://repository.gdi-de.org/schemas/adv/citygml/fdv/art.htm#_9100", "name": "DEBWL5221000QWZw", "Gemeindeschluessel": "08111000", "Geometrietyp2DReferenz": 3000, "DatenquelleDachhoehe": [ 1000 ], "Grundrissaktualitaet": "2024-04-01", "DatenquelleBodenhoehe": [ 1100 ], "DatenquelleLage": [ 1000 ], "function": "31001_1010", "roofType": 5000, "measuredHeight": 15.002, "measuredHeight_uom": "urn:adv:uom:m", "CountryName": "Germany", "LocalityName": "Stuttgart", "ThoroughfareName": "Allmandring", "consistsOfBuildingPart|BuildingPart|creationDate": null, "consistsOfBuildingPart|BuildingPart|roofType": null, "consistsOfBuildingPart|BuildingPart|measuredHeight": null, "consistsOfBuildingPart|BuildingPart|measuredHeight_uom": null, "ThoroughfareNumber": "26D, null", "name_": null }, "geometry": { "type": "MultiLineString", "coordinates": [ [ [ 507046.229999999981374, 5398969.269999999552965, 450.294 ], [ 507046.5, 5398969.236999999731779, 450.298 ], [ 507047.5, 5398969.114, 450.32 ], [ 507048.5, 5398968.99199999962002, 450.333 ], [ 507049.5, 5398968.869, 450.344 ], [ 507050.5, 5398968.746000000275671, 450.359 ], [ 507051.5, 5398968.623999999836087, 450.657 ], [ 507052.5, 5398968.501000000163913, 451.322 ], [ 507052.51, 5398968.5, 451.327 ], [ 507053.5, 5398968.378999999724329, 452.037 ], [ 507054.5, 5398968.256, 452.419 ], [ 507055.5, 5398968.13300000037998, 452.614 ], [ 507056.5, 5398968.011, 452.713 ], [ 507057.24, 5398967.92, 452.758 ], [ 507057.185, 5398967.5, 452.808 ], [ 507057.080000000016298, 5398966.690000000409782, 452.942 ], [ 507057.5, 5398966.639000000432134, 452.945 ], [ 507058.5, 5398966.515999999828637, 452.949 ], [ 507058.635, 5398966.5, 452.949 ], [ 507059.5, 5398966.394000000320375, 452.949 ], [ 507060.5, 5398966.271999999880791, 452.923 ], [ 507061.5, 5398966.150000000372529, 452.902 ], [ 507062.5, 5398966.028, 452.903 ], [ 507063.299999999988358, 5398965.929999999701977, 452.937 ], [ 507063.369, 5398966.5, 452.909 ], [ 507063.490999999979977, 5398967.5, 452.872 ], [ 507063.5, 5398967.574, 452.883 ], [ 507063.613000000012107, 5398968.5, 452.867 ], [ 507063.734, 5398969.5, 452.854 ], [ 507063.856000000028871, 5398970.5, 452.833 ], [ 507063.89000000001397, 5398970.78000000026077, 452.835 ], [ 507063.5, 5398970.826999999582767, 452.816 ], [ 507062.650000000023283, 5398970.929999999701977, 452.78 ], [ 507062.71999999997206, 5398971.5, 452.788 ], [ 507062.843, 5398972.5, 452.794 ], [ 507062.966000000014901, 5398973.5, 452.822 ], [ 507063.090000000025611, 5398974.5, 452.894 ], [ 507063.14000000001397, 5398974.910000000149012, 452.904 ], [ 507062.5, 5398974.985999999567866, 452.916 ], [ 507061.5, 5398975.104000000283122, 452.92 ], [ 507060.5, 5398975.222, 452.853 ], [ 507059.75, 5398975.309999999590218, 452.724 ], [ 507059.761999999987893, 5398975.5, 452.744 ], [ 507059.822999999974854, 5398976.5, 452.759 ], [ 507059.884000000020023, 5398977.5, 452.676 ], [ 507059.946, 5398978.5, 452.5 ], [ 507059.950000000011642, 5398978.570000000298023, 452.486 ], [ 507060.5, 5398978.534, 452.636 ], [ 507061.009000000020023, 5398978.5, 452.702 ], [ 507061.5, 5398978.468000000342727, 452.823 ], [ 507062.5, 5398978.400999999605119, 452.881 ], [ 507063.5, 5398978.335, 452.897 ], [ 507064.5, 5398978.269000000320375, 452.891 ], [ 507064.64000000001397, 5398978.259999999776483, 452.889 ], [ 507064.658, 5398978.5, 452.879 ], [ 507064.731000000028871, 5398979.5, 452.837 ], [ 507064.804, 5398980.5, 452.666 ], [ 507064.849999999976717, 5398981.120000000111759, 452.436 ], [ 507065.5, 5398981.07799999974668, 452.254 ], [ 507066.090000000025611, 5398981.04, 452.098 ], [ 507066.121999999973923, 5398981.5, 451.797 ], [ 507066.193000000028405, 5398982.5, 451.524 ], [ 507066.262999999977183, 5398983.5, 451.434 ], [ 507066.332999999984168, 5398984.5, 451.318 ], [ 507066.403, 5398985.5, 451.175 ], [ 507066.473999999987427, 5398986.5, 450.829 ], [ 507066.5, 5398986.875, 450.762 ], [ 507066.520000000018626, 5398987.160000000149012, 450.667 ], [ 507066.5, 5398987.161000000312924, 450.663 ], [ 507065.5, 5398987.230999999679625, 450.439 ], [ 507064.5, 5398987.301, 450.336 ], [ 507063.5, 5398987.371000000275671, 450.33 ], [ 507062.5, 5398987.440999999642372, 450.319 ], [ 507061.650000000023283, 5398987.5, 450.27 ], [ 507061.577999999979511, 5398986.5, 450.461 ], [ 507061.56, 5398986.25, 450.554 ], [ 507061.5, 5398986.253999999724329, 450.552 ], [ 507060.5, 5398986.321999999694526, 450.501 ], [ 507059.5, 5398986.389999999664724, 450.413 ], [ 507058.5, 5398986.457000000402331, 450.292 ], [ 507057.871999999973923, 5398986.5, 450.177 ], [ 507057.5, 5398986.525000000372529, 450.143 ], [ 507056.5, 5398986.593000000342727, 450.055 ], [ 507055.5, 5398986.661000000312924, 449.99 ], [ 507054.5, 5398986.729000000283122, 449.929 ], [ 507053.5, 5398986.796, 449.883 ], [ 507052.5, 5398986.864, 449.86 ], [ 507051.5, 5398986.932, 449.847 ], [ 507050.5, 5398987.0, 449.835 ], [ 507049.5, 5398987.068, 449.827 ], [ 507048.5, 5398987.134999999776483, 449.838 ], [ 507047.99, 5398987.17, 449.867 ], [ 507048.01400000002468, 5398987.5, 449.828 ], [ 507048.080000000016298, 5398988.410000000149012, 449.794 ], [ 507047.5, 5398988.450000000186265, 449.797 ], [ 507046.791000000026543, 5398988.5, 449.807 ], [ 507046.5, 5398988.519999999552965, 449.813 ], [ 507045.5, 5398988.589999999850988, 449.822 ], [ 507044.5, 5398988.660000000149012, 449.817 ], [ 507043.5, 5398988.730000000447035, 449.742 ], [ 507043.210000000020955, 5398988.75, 449.626 ], [ 507043.191999999980908, 5398988.5, 449.709 ], [ 507043.121999999973923, 5398987.5, 449.977 ], [ 507043.052000000025146, 5398986.5, 450.141 ], [ 507042.982000000018161, 5398985.5, 450.257 ], [ 507042.911000000021886, 5398984.5, 450.29 ], [ 507042.841000000014901, 5398983.5, 450.295 ], [ 507042.78000000002794, 5398982.629999999888241, 450.288 ], [ 507043.5, 5398982.57799999974668, 450.293 ], [ 507044.020000000018626, 5398982.54, 450.291 ], [ 507044.017, 5398982.5, 450.291 ], [ 507043.943000000028405, 5398981.5, 450.289 ], [ 507043.868000000016764, 5398980.5, 450.285 ], [ 507043.830000000016298, 5398979.990000000223517, 450.279 ], [ 507043.5, 5398980.029, 450.275 ], [ 507042.5, 5398980.148, 450.268 ], [ 507042.479999999981374, 5398980.150000000372529, 450.27 ], [ 507042.402, 5398979.5, 450.261 ], [ 507042.282, 5398978.5, 450.241 ], [ 507042.163, 5398977.5, 450.234 ], [ 507042.043, 5398976.5, 450.236 ], [ 507041.923, 5398975.5, 450.247 ], [ 507041.803000000014435, 5398974.5, 450.262 ], [ 507041.684, 5398973.5, 450.276 ], [ 507041.68, 5398973.46999999973923, 450.279 ], [ 507041.5, 5398973.49199999962002, 450.279 ], [ 507041.43, 5398973.5, 450.275 ], [ 507040.5, 5398973.611999999731779, 450.269 ], [ 507040.43, 5398973.620000000111759, 450.266 ], [ 507040.416000000026543, 5398973.5, 450.268 ], [ 507040.299, 5398972.5, 450.287 ], [ 507040.180999999982305, 5398971.5, 450.302 ], [ 507040.064000000013039, 5398970.5, 450.315 ], [ 507039.946999999985565, 5398969.5, 450.327 ], [ 507039.85999999998603, 5398968.759999999776483, 450.336 ], [ 507040.5, 5398968.684000000357628, 450.336 ], [ 507041.5, 5398968.565000000409782, 450.349 ], [ 507042.044999999983702, 5398968.5, 450.351 ], [ 507042.5, 5398968.446000000461936, 450.35 ], [ 507043.5, 5398968.326999999582767, 450.341 ], [ 507044.5, 5398968.207999999634922, 450.333 ], [ 507045.5, 5398968.088999999687076, 450.329 ], [ 507046.080000000016298, 5398968.019999999552965, 450.331 ], [ 507046.137999999977183, 5398968.5, 450.315 ], [ 507046.229999999981374, 5398969.269999999552965, 450.294 ] ] ] } },
{ "type": "Feature", "properties": { "fid": 857, "gml_id": "DEBW_5221000QfxZ", "creationDate": "2025-01-08", "informationSystem": "http://repository.gdi-de.org/schemas/adv/citygml/fdv/art.htm#_9100", "name": "DEBWL5221000QfxZ", "Gemeindeschluessel": "08111000", "Geometrietyp2DReferenz": 3000, "DatenquelleDachhoehe": [ 1000 ], "Grundrissaktualitaet": "2024-04-01", "DatenquelleBodenhoehe": [ 1100 ], "DatenquelleLage": [ 1000 ], "function": "31001_1010", "roofType": 5000, "measuredHeight": 7.199, "measuredHeight_uom": "urn:adv:uom:m", "CountryName": "Germany", "LocalityName": "Stuttgart", "ThoroughfareName": "Universitätsstraße", "consistsOfBuildingPart|BuildingPart|creationDate": null, "consistsOfBuildingPart|BuildingPart|roofType": null, "consistsOfBuildingPart|BuildingPart|measuredHeight": null, "consistsOfBuildingPart|BuildingPart|measuredHeight_uom": null, "ThoroughfareNumber": "96B, null", "name_": null }, "geometry": { "type": "MultiLineString", "coordinates": [ [ [ 507490.460000000020955, 5398768.21999999973923, 457.444 ], [ 507490.479999999981374, 5398768.5, 457.451 ], [ 507490.5, 5398768.769000000320375, 457.447 ], [ 507490.553000000014435, 5398769.5, 457.442 ], [ 507490.62599999998929, 5398770.5, 457.425 ], [ 507490.699000000022352, 5398771.5, 457.413 ], [ 507490.772, 5398772.5, 457.409 ], [ 507490.84499999997206, 5398773.5, 457.407 ], [ 507490.917000000015832, 5398774.5, 457.404 ], [ 507490.979999999981374, 5398775.360000000335276, 457.399 ], [ 507490.5, 5398775.394999999552965, 457.399 ], [ 507489.5, 5398775.467000000178814, 457.397 ], [ 507489.045999999972992, 5398775.5, 457.394 ], [ 507488.5, 5398775.54, 457.391 ], [ 507487.5, 5398775.611999999731779, 457.383 ], [ 507487.25, 5398775.629999999888241, 457.379 ], [ 507487.308000000019092, 5398776.5, 457.378 ], [ 507487.375, 5398777.5, 457.372 ], [ 507487.441999999980908, 5398778.5, 457.367 ], [ 507487.5, 5398779.360000000335276, 457.37 ], [ 507486.5, 5398779.426, 457.381 ], [ 507485.5, 5398779.49100000038743, 457.378 ], [ 507485.37, 5398779.5, 457.376 ], [ 507484.5, 5398779.557, 457.37 ], [ 507483.5, 5398779.622999999672174, 457.361 ], [ 507482.5, 5398779.689000000245869, 457.354 ], [ 507481.5, 5398779.753999999724329, 457.348 ], [ 507480.5, 5398779.820000000298023, 457.346 ], [ 507480.349999999976717, 5398779.83, 457.345 ], [ 507480.329000000027008, 5398779.5, 457.342 ], [ 507480.26500000001397, 5398778.5, 457.329 ], [ 507480.201, 5398777.5, 457.329 ], [ 507480.136999999987893, 5398776.5, 457.324 ], [ 507480.072999999974854, 5398775.5, 457.32 ], [ 507480.009000000020023, 5398774.5, 457.34 ], [ 507479.945, 5398773.5, 457.367 ], [ 507479.881, 5398772.5, 457.398 ], [ 507479.830000000016298, 5398771.71, 457.433 ], [ 507480.5, 5398771.667999999597669, 457.43 ], [ 507481.5, 5398771.605999999679625, 457.417 ], [ 507481.76, 5398771.589999999850988, 457.415 ], [ 507481.838999999978114, 5398771.5, 457.416 ], [ 507482.5, 5398770.744, 457.43 ], [ 507482.53000000002794, 5398770.71, 457.431 ], [ 507482.51500000001397, 5398770.5, 457.436 ], [ 507482.5, 5398770.296, 457.444 ], [ 507482.441999999980908, 5398769.5, 457.472 ], [ 507482.39000000001397, 5398768.78000000026077, 457.495 ], [ 507482.5, 5398768.771999999880791, 457.479 ], [ 507483.5, 5398768.70299999974668, 457.424 ], [ 507484.5, 5398768.63399999961257, 457.395 ], [ 507485.5, 5398768.564000000245869, 457.4 ], [ 507486.424999999988358, 5398768.5, 457.411 ], [ 507486.5, 5398768.495000000111759, 457.415 ], [ 507487.5, 5398768.424999999813735, 457.429 ], [ 507488.5, 5398768.355999999679625, 457.442 ], [ 507489.5, 5398768.286999999545515, 457.447 ], [ 507490.460000000020955, 5398768.21999999973923, 457.444 ] ] ] } },
{ "type": "Feature", "properties": { "fid": 871, "gml_id": "DEBW_5221000c8Dm", "creationDate": "2025-01-08", "informationSystem": "http://repository.gdi-de.org/schemas/adv/citygml/fdv/art.htm#_9100", "name": "DEBWL5221000c8Dm", "Gemeindeschluessel": "08111000", "Geometrietyp2DReferenz": 3000, "DatenquelleDachhoehe": [ 1000 ], "Grundrissaktualitaet": "2024-04-01", "DatenquelleBodenhoehe": [ 1100 ], "DatenquelleLage": [ 1000 ], "function": "31001_3024", "roofType": 1000, "measuredHeight": 10.298, "measuredHeight_uom": "urn:adv:uom:m", "CountryName": "Germany", "LocalityName": "Stuttgart", "ThoroughfareName": "Nobelstraße", "consistsOfBuildingPart|BuildingPart|creationDate": null, "consistsOfBuildingPart|BuildingPart|roofType": null, "consistsOfBuildingPart|BuildingPart|measuredHeight": null, "consistsOfBuildingPart|BuildingPart|measuredHeight_uom": null, "ThoroughfareNumber": "12L, null", "name_": null }, "geometry": { "type": "MultiLineString", "coordinates": [ [ [ 507154.710000000020955, 5398640.200000000186265, 456.135 ], [ 507155.5, 5398640.15500000026077, 456.129 ], [ 507156.5, 5398640.098000000230968, 456.119 ], [ 507157.5, 5398640.041000000201166, 456.105 ], [ 507158.5, 5398639.984000000171363, 456.097 ], [ 507159.5, 5398639.927000000141561, 456.101 ], [ 507160.5, 5398639.870000000111759, 456.093 ], [ 507161.5, 5398639.813, 456.077 ], [ 507162.26, 5398639.769999999552965, 456.062 ], [ 507162.5, 5398639.752000000327826, 456.047 ], [ 507163.5, 5398639.677000000141561, 456.008 ], [ 507163.590000000025611, 5398639.67, 456.006 ], [ 507164.5, 5398639.608, 455.967 ], [ 507165.5, 5398639.53899999987334, 455.927 ], [ 507166.076, 5398639.5, 455.909 ], [ 507166.5, 5398639.471, 455.884 ], [ 507167.5, 5398639.403, 455.839 ], [ 507168.5, 5398639.333999999798834, 455.795 ], [ 507169.5, 5398639.265999999828637, 455.75 ], [ 507170.5, 5398639.197999999858439, 455.704 ], [ 507171.5, 5398639.128999999724329, 455.658 ], [ 507172.5, 5398639.060999999754131, 455.612 ], [ 507173.5, 5398638.99199999962002, 455.566 ], [ 507174.5, 5398638.923999999649823, 455.522 ], [ 507175.5, 5398638.855999999679625, 455.479 ], [ 507176.5, 5398638.786999999545515, 455.437 ], [ 507177.5, 5398638.718999999575317, 455.397 ], [ 507178.5, 5398638.650999999605119, 455.36 ], [ 507179.5, 5398638.582000000402331, 455.326 ], [ 507180.5, 5398638.514000000432134, 455.294 ], [ 507180.702999999979511, 5398638.5, 455.289 ], [ 507181.5, 5398638.445000000298023, 455.253 ], [ 507182.5, 5398638.377000000327826, 455.226 ], [ 507183.5, 5398638.309000000357628, 455.203 ], [ 507184.5, 5398638.240000000223517, 455.185 ], [ 507185.5, 5398638.17200000025332, 455.171 ], [ 507186.5, 5398638.104000000283122, 455.16 ], [ 507187.5, 5398638.035000000149012, 455.154 ], [ 507188.5, 5398637.967000000178814, 455.152 ], [ 507189.5, 5398637.899000000208616, 455.157 ], [ 507190.5, 5398637.83, 455.167 ], [ 507191.5, 5398637.762000000104308, 455.183 ], [ 507192.5, 5398637.693, 455.204 ], [ 507193.5, 5398637.625, 455.23 ], [ 507194.5, 5398637.557, 455.262 ], [ 507194.89000000001397, 5398637.53000000026077, 455.273 ], [ 507194.956, 5398638.5, 455.322 ], [ 507195.022999999986496, 5398639.5, 455.36 ], [ 507195.091000000014901, 5398640.5, 455.389 ], [ 507195.158999999985099, 5398641.5, 455.411 ], [ 507195.227000000013504, 5398642.5, 455.429 ], [ 507195.294, 5398643.5, 455.442 ], [ 507195.362000000022817, 5398644.5, 455.45 ], [ 507195.43, 5398645.5, 455.456 ], [ 507195.49800000002142, 5398646.5, 455.459 ], [ 507195.5, 5398646.532999999821186, 455.457 ], [ 507195.566, 5398647.5, 455.458 ], [ 507195.632999999972526, 5398648.5, 455.457 ], [ 507195.701, 5398649.5, 455.455 ], [ 507195.768999999971129, 5398650.5, 455.453 ], [ 507195.837, 5398651.5, 455.45 ], [ 507195.903999999980442, 5398652.5, 455.45 ], [ 507195.972, 5398653.5, 455.452 ], [ 507196.039999999979045, 5398654.5, 455.457 ], [ 507196.108, 5398655.5, 455.463 ], [ 507196.174999999988358, 5398656.5, 455.467 ], [ 507196.243000000016764, 5398657.5, 455.47 ], [ 507196.26, 5398657.75, 455.47 ], [ 507195.5, 5398657.802000000141561, 455.476 ], [ 507194.5, 5398657.871000000275671, 455.491 ], [ 507193.5, 5398657.939000000245869, 455.508 ], [ 507192.5, 5398658.00800000037998, 455.528 ], [ 507191.5, 5398658.076000000350177, 455.55 ], [ 507190.5, 5398658.144999999552965, 455.572 ], [ 507189.5, 5398658.213000000454485, 455.595 ], [ 507188.5, 5398658.281999999657273, 455.618 ], [ 507187.5, 5398658.350999999791384, 455.641 ], [ 507186.5, 5398658.418999999761581, 455.666 ], [ 507185.5, 5398658.487999999895692, 455.69 ], [ 507185.321, 5398658.5, 455.701 ], [ 507184.5, 5398658.55599999986589, 455.717 ], [ 507183.5, 5398658.625, 455.741 ], [ 507182.5, 5398658.693, 455.767 ], [ 507181.5, 5398658.762000000104308, 455.793 ], [ 507180.5, 5398658.831000000238419, 455.819 ], [ 507179.5, 5398658.899000000208616, 455.846 ], [ 507178.5, 5398658.968000000342727, 455.873 ], [ 507177.5, 5398659.036000000312924, 455.9 ], [ 507176.5, 5398659.105000000447035, 455.928 ], [ 507175.5, 5398659.173000000417233, 455.956 ], [ 507174.5, 5398659.24199999962002, 455.985 ], [ 507173.5, 5398659.309999999590218, 456.014 ], [ 507172.5, 5398659.378999999724329, 456.043 ], [ 507171.5, 5398659.447999999858439, 456.073 ], [ 507170.73499999998603, 5398659.5, 456.101 ], [ 507170.5, 5398659.515999999828637, 456.107 ], [ 507169.5, 5398659.585, 456.138 ], [ 507168.5, 5398659.653, 456.168 ], [ 507167.5, 5398659.722, 456.2 ], [ 507166.5, 5398659.79, 456.232 ], [ 507165.5, 5398659.859000000171363, 456.265 ], [ 507164.5, 5398659.928000000305474, 456.297 ], [ 507163.5, 5398659.996000000275671, 456.33 ], [ 507162.5, 5398660.065000000409782, 456.363 ], [ 507161.5, 5398660.13300000037998, 456.395 ], [ 507160.5, 5398660.201999999582767, 456.426 ], [ 507159.5, 5398660.269999999552965, 456.46 ], [ 507158.5, 5398660.338999999687076, 456.5 ], [ 507157.5, 5398660.406999999657273, 456.545 ], [ 507156.5, 5398660.475999999791384, 456.56 ], [ 507156.150000000023283, 5398660.5, 456.554 ], [ 507156.090000000025611, 5398660.509999999776483, 456.555 ], [ 507156.088999999978114, 5398660.5, 456.555 ], [ 507156.021, 5398659.5, 456.533 ], [ 507155.952999999979511, 5398658.5, 456.499 ], [ 507155.885, 5398657.5, 456.473 ], [ 507155.818000000028405, 5398656.5, 456.459 ], [ 507155.75, 5398655.5, 456.447 ], [ 507155.681999999971595, 5398654.5, 456.429 ], [ 507155.614, 5398653.5, 456.411 ], [ 507155.545999999972992, 5398652.5, 456.396 ], [ 507155.5, 5398651.826999999582767, 456.364 ], [ 507155.478, 5398651.5, 456.349 ], [ 507155.409999999974389, 5398650.5, 456.282 ], [ 507155.342, 5398649.5, 456.25 ], [ 507155.273999999975786, 5398648.5, 456.241 ], [ 507155.206, 5398647.5, 456.235 ], [ 507155.137999999977183, 5398646.5, 456.23 ], [ 507155.07, 5398645.5, 456.227 ], [ 507155.00199999997858, 5398644.5, 456.234 ], [ 507154.934, 5398643.5, 456.228 ], [ 507154.865999999979977, 5398642.5, 456.183 ], [ 507154.798, 5398641.5, 456.128 ], [ 507154.729999999981374, 5398640.5, 456.138 ], [ 507154.710000000020955, 5398640.200000000186265, 456.135 ] ] ] } },
{ "type": "Feature", "properties": { "fid": 887, "gml_id": "DEBW_5221000Qw8o", "creationDate": "2025-01-08", "informationSystem": "http://repository.gdi-de.org/schemas/adv/citygml/fdv/art.htm#_9100", "name": "DEBWL5221000Qw8o", "Gemeindeschluessel": "08111000", "Geometrietyp2DReferenz": 3000, "DatenquelleDachhoehe": [ 1000 ], "Grundrissaktualitaet": "2024-04-01", "DatenquelleBodenhoehe": [ 1100 ], "DatenquelleLage": [ 1000 ], "function": "31001_2112", "roofType": 2100, "measuredHeight": 3.42, "measuredHeight_uom": "urn:adv:uom:m", "CountryName": "Germany", "LocalityName": "Stuttgart", "ThoroughfareName": "Allmandring", "consistsOfBuildingPart|BuildingPart|creationDate": null, "consistsOfBuildingPart|BuildingPart|roofType": null, "consistsOfBuildingPart|BuildingPart|measuredHeight": null, "consistsOfBuildingPart|BuildingPart|measuredHeight_uom": null, "ThoroughfareNumber": null, "name_": null }, "geometry": { "type": "MultiLineString", "coordinates": [ [ [ 507095.71999999997206, 5398951.650000000372529, 454.825 ], [ 507096.5, 5398951.648, 454.833 ], [ 507097.5, 5398951.644999999552965, 454.854 ], [ 507098.5, 5398951.642, 454.878 ], [ 507099.5, 5398951.639000000432134, 454.89 ], [ 507100.5, 5398951.636, 454.879 ], [ 507101.5, 5398951.63300000037998, 454.853 ], [ 507102.5, 5398951.629999999888241, 454.823 ], [ 507102.520000000018626, 5398951.629999999888241, 454.823 ], [ 507102.521, 5398952.5, 454.822 ], [ 507102.522999999986496, 5398953.5, 454.823 ], [ 507102.523999999975786, 5398954.5, 454.832 ], [ 507102.526000000012573, 5398955.5, 454.836 ], [ 507102.527, 5398956.5, 454.843 ], [ 507102.528999999980442, 5398957.5, 454.856 ], [ 507102.53000000002794, 5398958.42, 454.853 ], [ 507102.5, 5398958.42, 454.853 ], [ 507101.5, 5398958.423000000417233, 454.863 ], [ 507100.5, 5398958.426, 454.855 ], [ 507099.5, 5398958.428999999538064, 454.848 ], [ 507098.5, 5398958.432, 454.849 ], [ 507097.5, 5398958.434999999590218, 454.855 ], [ 507096.5, 5398958.438, 454.862 ], [ 507095.729999999981374, 5398958.440000000409782, 454.847 ], [ 507095.729, 5398957.5, 454.869 ], [ 507095.727000000013504, 5398956.5, 454.863 ], [ 507095.726000000024214, 5398955.5, 454.858 ], [ 507095.723999999987427, 5398954.5, 454.851 ], [ 507095.723, 5398953.5, 454.836 ], [ 507095.721000000019558, 5398952.5, 454.824 ], [ 507095.71999999997206, 5398951.650000000372529, 454.825 ] ] ] } },
{ "type": "Feature", "properties": { "fid": 927, "gml_id": "DEBW_5221000QhFr", "creationDate": "2025-01-08", "informationSystem": "http://repository.gdi-de.org/schemas/adv/citygml/fdv/art.htm#_9100", "name": "DEBWL5221000QhFr", "Gemeindeschluessel": "08111000", "Geometrietyp2DReferenz": 3000, "DatenquelleDachhoehe": [ 1000 ], "Grundrissaktualitaet": "2024-04-01", "DatenquelleBodenhoehe": [ 1100 ], "DatenquelleLage": [ 1000 ], "function": "31001_1010", "roofType": 5000, "measuredHeight": 7.668, "measuredHeight_uom": "urn:adv:uom:m", "CountryName": "Germany", "LocalityName": "Stuttgart", "ThoroughfareName": "Pfaffenwaldring", "consistsOfBuildingPart|BuildingPart|creationDate": null, "consistsOfBuildingPart|BuildingPart|roofType": null, "consistsOfBuildingPart|BuildingPart|measuredHeight": null, "consistsOfBuildingPart|BuildingPart|measuredHeight_uom": null, "ThoroughfareNumber": "76B, null", "name_": null }, "geometry": { "type": "MultiLineString", "coordinates": [ [ [ 507526.63, 5398912.92, 457.803 ], [ 507527.5, 5398912.861999999731779, 457.81 ], [ 507528.5, 5398912.796, 457.808 ], [ 507529.5, 5398912.730000000447035, 457.793 ], [ 507530.26, 5398912.679999999701977, 457.782 ], [ 507530.24800000002142, 5398912.5, 457.786 ], [ 507530.179, 5398911.5, 457.808 ], [ 507530.11099999997532, 5398910.5, 457.821 ], [ 507530.043, 5398909.5, 457.826 ], [ 507530.01, 5398909.019999999552965, 457.826 ], [ 507530.5, 5398908.990000000223517, 457.813 ], [ 507531.5, 5398908.928000000305474, 457.788 ], [ 507532.5, 5398908.86699999962002, 457.761 ], [ 507533.5, 5398908.804999999701977, 457.735 ], [ 507534.5, 5398908.742999999783933, 457.712 ], [ 507535.5, 5398908.682, 457.689 ], [ 507536.5, 5398908.620000000111759, 457.669 ], [ 507537.31, 5398908.570000000298023, 457.663 ], [ 507537.37599999998929, 5398909.5, 457.661 ], [ 507537.446999999985565, 5398910.5, 457.664 ], [ 507537.5, 5398911.245000000111759, 457.666 ], [ 507537.517999999981839, 5398911.5, 457.669 ], [ 507537.588999999978114, 5398912.5, 457.664 ], [ 507537.659999999974389, 5398913.5, 457.656 ], [ 507537.731000000028871, 5398914.5, 457.657 ], [ 507537.802000000025146, 5398915.5, 457.667 ], [ 507537.87300000002142, 5398916.5, 457.668 ], [ 507537.94, 5398917.440000000409782, 457.658 ], [ 507537.5, 5398917.468999999575317, 457.656 ], [ 507537.022, 5398917.5, 457.65 ], [ 507536.5, 5398917.534, 457.649 ], [ 507535.950000000011642, 5398917.570000000298023, 457.65 ], [ 507536.01500000001397, 5398918.5, 457.644 ], [ 507536.085000000020955, 5398919.5, 457.643 ], [ 507536.090000000025611, 5398919.570000000298023, 457.643 ], [ 507535.5, 5398919.610000000335276, 457.644 ], [ 507534.5, 5398919.677000000141561, 457.653 ], [ 507533.5, 5398919.744, 457.658 ], [ 507532.5, 5398919.812, 457.656 ], [ 507531.5, 5398919.878999999724329, 457.662 ], [ 507530.5, 5398919.946000000461936, 457.661 ], [ 507529.5, 5398920.014000000432134, 457.646 ], [ 507528.5, 5398920.081000000238419, 457.637 ], [ 507527.5, 5398920.148, 457.638 ], [ 507527.18, 5398920.17, 457.638 ], [ 507527.129000000015367, 5398919.5, 457.64 ], [ 507527.053000000014435, 5398918.5, 457.648 ], [ 507526.977000000013504, 5398917.5, 457.663 ], [ 507526.902, 5398916.5, 457.681 ], [ 507526.826, 5398915.5, 457.704 ], [ 507526.75, 5398914.5, 457.736 ], [ 507526.674, 5398913.5, 457.774 ], [ 507526.63, 5398912.92, 457.803 ] ] ] } },
{ "type": "Feature", "properties": { "fid": 951, "gml_id": "DEBW_5221000QWrk", "creationDate": "2025-01-08", "informationSystem": "http://repository.gdi-de.org/schemas/adv/citygml/fdv/art.htm#_9100", "name": "DEBWL5221000QWrk", "Gemeindeschluessel": "08111000", "Geometrietyp2DReferenz": 3000, "DatenquelleDachhoehe": [ 1000 ], "Grundrissaktualitaet": "2024-04-01", "DatenquelleBodenhoehe": [ 1100 ], "DatenquelleLage": [ 1000 ], "function": "31001_1010", "roofType": 5000, "measuredHeight": 15.444, "measuredHeight_uom": "urn:adv:uom:m", "CountryName": "Germany", "LocalityName": "Stuttgart", "ThoroughfareName": "Allmandring", "consistsOfBuildingPart|BuildingPart|creationDate": null, "consistsOfBuildingPart|BuildingPart|roofType": null, "consistsOfBuildingPart|BuildingPart|measuredHeight": null, "consistsOfBuildingPart|BuildingPart|measuredHeight_uom": null, "ThoroughfareNumber": "26A, null", "name_": null }, "geometry": { "type": "MultiLineString", "coordinates": [ [ [ 507084.330000000016298, 5398996.429999999701977, 451.507 ], [ 507084.5, 5398996.417999999597669, 451.525 ], [ 507085.5, 5398996.349000000394881, 451.601 ], [ 507086.5, 5398996.279, 451.667 ], [ 507087.5, 5398996.21, 451.723 ], [ 507088.5, 5398996.140999999828637, 451.761 ], [ 507089.5, 5398996.071000000461936, 451.769 ], [ 507090.5, 5398996.002000000327826, 451.761 ], [ 507091.5, 5398995.933000000193715, 451.751 ], [ 507092.5, 5398995.862999999895692, 451.729 ], [ 507093.5, 5398995.793999999761581, 451.689 ], [ 507094.5, 5398995.724999999627471, 451.638 ], [ 507095.43, 5398995.660000000149012, 451.61 ], [ 507095.419999999983702, 5398995.5, 451.628 ], [ 507095.354999999981374, 5398994.5, 451.742 ], [ 507095.349999999976717, 5398994.42, 451.763 ], [ 507095.5, 5398994.410000000149012, 451.763 ], [ 507096.5, 5398994.343000000342727, 451.765 ], [ 507097.5, 5398994.275000000372529, 451.781 ], [ 507098.5, 5398994.207999999634922, 451.74 ], [ 507099.5, 5398994.140999999828637, 451.637 ], [ 507100.5, 5398994.072999999858439, 451.598 ], [ 507101.5, 5398994.006, 451.566 ], [ 507101.590000000025611, 5398994.0, 451.568 ], [ 507101.62400000001071, 5398994.5, 451.559 ], [ 507101.691999999980908, 5398995.5, 451.55 ], [ 507101.76, 5398996.5, 451.499 ], [ 507101.827999999979511, 5398997.5, 451.354 ], [ 507101.896, 5398998.5, 450.911 ], [ 507101.919999999983702, 5398998.860000000335276, 450.779 ], [ 507101.5, 5398998.889999999664724, 450.771 ], [ 507100.659999999974389, 5398998.950000000186265, 450.78 ], [ 507100.700000000011642, 5398999.5, 450.597 ], [ 507100.772999999986496, 5399000.5, 450.457 ], [ 507100.84499999997206, 5399001.5, 450.387 ], [ 507100.918, 5399002.5, 450.235 ], [ 507100.990999999979977, 5399003.5, 450.015 ], [ 507101.063000000023749, 5399004.5, 449.766 ], [ 507101.136, 5399005.5, 449.379 ], [ 507101.150000000023283, 5399005.690000000409782, 449.334 ], [ 507100.5, 5399005.736999999731779, 449.358 ], [ 507099.770000000018626, 5399005.79, 449.465 ], [ 507099.848999999987427, 5399006.5, 449.322 ], [ 507099.961000000010245, 5399007.5, 449.228 ], [ 507100.049999999988358, 5399008.299999999813735, 449.177 ], [ 507100.5, 5399008.248999999836087, 449.133 ], [ 507101.289999999979045, 5399008.160000000149012, 449.09 ], [ 507101.332, 5399008.5, 449.054 ], [ 507101.455000000016298, 5399009.5, 448.979 ], [ 507101.5, 5399009.861999999731779, 448.958 ], [ 507101.579000000027008, 5399010.5, 448.941 ], [ 507101.702, 5399011.5, 448.938 ], [ 507101.825000000011642, 5399012.5, 448.942 ], [ 507101.949000000022352, 5399013.5, 448.951 ], [ 507102.039999999979045, 5399014.240000000223517, 448.957 ], [ 507101.5, 5399014.307, 448.982 ], [ 507100.5, 5399014.43099999986589, 449.054 ], [ 507099.938000000023749, 5399014.5, 449.088 ], [ 507099.5, 5399014.553999999538064, 449.103 ], [ 507098.5, 5399014.678000000305474, 449.121 ], [ 507097.5, 5399014.802000000141561, 449.119 ], [ 507097.19, 5399014.839999999850988, 449.114 ], [ 507097.146, 5399014.5, 449.118 ], [ 507097.03000000002794, 5399013.589999999850988, 449.137 ], [ 507096.5, 5399013.654, 449.137 ], [ 507095.5, 5399013.773, 449.129 ], [ 507094.5, 5399013.893000000156462, 449.086 ], [ 507093.5, 5399014.013000000268221, 448.991 ], [ 507092.5, 5399014.13300000037998, 448.874 ], [ 507091.5, 5399014.252999999560416, 448.737 ], [ 507090.5, 5399014.372999999672174, 448.508 ], [ 507089.5, 5399014.492999999783933, 448.218 ], [ 507089.441, 5399014.5, 448.126 ], [ 507088.5, 5399014.612999999895692, 447.976 ], [ 507087.5, 5399014.733, 447.9 ], [ 507086.5, 5399014.853000000119209, 447.892 ], [ 507085.5, 5399014.973000000230968, 447.893 ], [ 507084.5, 5399015.092000000178814, 447.901 ], [ 507083.520000000018626, 5399015.21, 447.918 ], [ 507083.555, 5399015.5, 447.882 ], [ 507083.669999999983702, 5399016.46, 447.835 ], [ 507083.5, 5399016.480999999679625, 447.83 ], [ 507083.343, 5399016.5, 447.812 ], [ 507082.5, 5399016.603000000119209, 447.791 ], [ 507081.5, 5399016.724999999627471, 447.757 ], [ 507080.5, 5399016.847, 447.716 ], [ 507079.5, 5399016.968999999575317, 447.658 ], [ 507078.840000000025611, 5399017.049999999813735, 447.683 ], [ 507078.771, 5399016.5, 447.744 ], [ 507078.647, 5399015.5, 447.969 ], [ 507078.522, 5399014.5, 448.353 ], [ 507078.5, 5399014.321000000461936, 448.479 ], [ 507078.397999999986496, 5399013.5, 448.749 ], [ 507078.272999999986496, 5399012.5, 448.933 ], [ 507078.148999999975786, 5399011.5, 449.01 ], [ 507078.080000000016298, 5399010.950000000186265, 449.034 ], [ 507078.5, 5399010.899000000208616, 448.984 ], [ 507079.32, 5399010.799999999813735, 448.912 ], [ 507079.284999999974389, 5399010.5, 448.933 ], [ 507079.169, 5399009.5, 448.992 ], [ 507079.054, 5399008.5, 449.03 ], [ 507078.99, 5399007.950000000186265, 449.021 ], [ 507079.5, 5399007.889000000432134, 449.001 ], [ 507080.5, 5399007.769999999552965, 448.969 ], [ 507081.5, 5399007.650000000372529, 448.965 ], [ 507082.5, 5399007.531000000424683, 448.989 ], [ 507082.759000000020023, 5399007.5, 448.999 ], [ 507083.5, 5399007.411000000312924, 449.061 ], [ 507083.68, 5399007.389999999664724, 449.069 ], [ 507083.576, 5399006.5, 449.159 ], [ 507083.5, 5399005.846, 449.254 ], [ 507083.460000000020955, 5399005.5, 449.273 ], [ 507083.343, 5399004.5, 449.402 ], [ 507083.299999999988358, 5399004.129999999888241, 449.472 ], [ 507082.5, 5399004.183000000193715, 449.386 ], [ 507081.5, 5399004.25, 449.247 ], [ 507080.5, 5399004.316999999806285, 449.127 ], [ 507079.85999999998603, 5399004.360000000335276, 449.066 ], [ 507079.804, 5399003.5, 449.112 ], [ 507079.739, 5399002.5, 449.179 ], [ 507079.674, 5399001.5, 449.274 ], [ 507079.608, 5399000.5, 449.582 ], [ 507079.599999999976717, 5399000.370000000111759, 449.727 ], [ 507079.5, 5399000.377999999560416, 449.709 ], [ 507078.5, 5399000.457000000402331, 449.628 ], [ 507078.340000000025611, 5399000.46999999973923, 449.661 ], [ 507078.272, 5398999.5, 450.098 ], [ 507078.202, 5398998.5, 450.444 ], [ 507078.131999999983236, 5398997.5, 450.787 ], [ 507078.061999999976251, 5398996.5, 451.131 ], [ 507078.0, 5398995.610000000335276, 451.368 ], [ 507078.5, 5398995.576000000350177, 451.416 ], [ 507079.5, 5398995.507000000216067, 451.512 ], [ 507079.596000000019558, 5398995.5, 451.52 ], [ 507080.5, 5398995.438, 451.648 ], [ 507081.5, 5398995.369, 451.704 ], [ 507082.5, 5398995.299999999813735, 451.71 ], [ 507083.5, 5398995.230999999679625, 451.715 ], [ 507084.24, 5398995.179999999701977, 451.735 ], [ 507084.262999999977183, 5398995.5, 451.664 ], [ 507084.330000000016298, 5398996.429999999701977, 451.507 ] ] ] } },
{ "type": "Feature", "properties": { "fid": 970, "gml_id": "DEBW_5221000Qi44", "creationDate": "2025-01-08", "informationSystem": "http://repository.gdi-de.org/schemas/adv/citygml/fdv/art.htm#_9100", "name": "DEBWL5221000Qi44", "Gemeindeschluessel": "08111000", "Geometrietyp2DReferenz": 3000, "DatenquelleDachhoehe": [ 1000 ], "Grundrissaktualitaet": "2024-04-01", "DatenquelleBodenhoehe": [ 1100 ], "DatenquelleLage": [ 1000 ], "function": "31001_1010", "roofType": 1000, "measuredHeight": 8.449, "measuredHeight_uom": "urn:adv:uom:m", "CountryName": "Germany", "LocalityName": "Stuttgart", "ThoroughfareName": "Allmandring", "consistsOfBuildingPart|BuildingPart|creationDate": null, "consistsOfBuildingPart|BuildingPart|roofType": null, "consistsOfBuildingPart|BuildingPart|measuredHeight": null, "consistsOfBuildingPart|BuildingPart|measuredHeight_uom": null, "ThoroughfareNumber": "3G, null", "name_": null }, "geometry": { "type": "MultiLineString", "coordinates": [ [ [ 507415.49, 5398837.650000000372529, 458.348 ], [ 507415.5, 5398837.649000000208616, 458.348 ], [ 507416.5, 5398837.582000000402331, 458.343 ], [ 507417.5, 5398837.514000000432134, 458.345 ], [ 507417.710000000020955, 5398837.5, 458.345 ], [ 507418.5, 5398837.446999999694526, 458.348 ], [ 507419.5, 5398837.378999999724329, 458.341 ], [ 507420.5, 5398837.310999999754131, 458.335 ], [ 507421.5, 5398837.244, 458.33 ], [ 507422.5, 5398837.176, 458.33 ], [ 507422.89000000001397, 5398837.150000000372529, 458.332 ], [ 507422.913999999989755, 5398837.5, 458.332 ], [ 507422.982000000018161, 5398838.5, 458.334 ], [ 507423.049999999988358, 5398839.5, 458.319 ], [ 507423.118000000016764, 5398840.5, 458.31 ], [ 507423.185999999986961, 5398841.5, 458.305 ], [ 507423.254000000015367, 5398842.5, 458.304 ], [ 507423.321999999985565, 5398843.5, 458.305 ], [ 507423.39000000001397, 5398844.5, 458.304 ], [ 507423.457999999984168, 5398845.5, 458.304 ], [ 507423.5, 5398846.112999999895692, 458.301 ], [ 507423.526000000012573, 5398846.5, 458.299 ], [ 507423.593999999982771, 5398847.5, 458.287 ], [ 507423.662000000011176, 5398848.5, 458.29 ], [ 507423.731000000028871, 5398849.5, 458.319 ], [ 507423.799, 5398850.5, 458.344 ], [ 507423.867000000027474, 5398851.5, 458.356 ], [ 507423.935, 5398852.5, 458.36 ], [ 507424.003000000026077, 5398853.5, 458.366 ], [ 507424.071, 5398854.5, 458.37 ], [ 507424.13900000002468, 5398855.5, 458.37 ], [ 507424.207, 5398856.5, 458.376 ], [ 507424.275000000023283, 5398857.5, 458.383 ], [ 507424.343, 5398858.5, 458.387 ], [ 507424.411000000021886, 5398859.5, 458.389 ], [ 507424.479, 5398860.5, 458.391 ], [ 507424.5, 5398860.80599999986589, 458.392 ], [ 507424.547000000020489, 5398861.5, 458.386 ], [ 507424.615, 5398862.5, 458.386 ], [ 507424.650000000023283, 5398863.009999999776483, 458.393 ], [ 507424.5, 5398863.019999999552965, 458.392 ], [ 507423.5, 5398863.088999999687076, 458.388 ], [ 507422.5, 5398863.157999999821186, 458.387 ], [ 507421.5, 5398863.227, 458.386 ], [ 507420.5, 5398863.296, 458.384 ], [ 507419.5, 5398863.365000000223517, 458.384 ], [ 507418.5, 5398863.434000000357628, 458.385 ], [ 507417.549999999988358, 5398863.5, 458.383 ], [ 507417.5, 5398863.502999999560416, 458.383 ], [ 507417.26, 5398863.519999999552965, 458.379 ], [ 507417.259000000020023, 5398863.5, 458.379 ], [ 507417.194000000017695, 5398862.5, 458.383 ], [ 507417.18, 5398862.28000000026077, 458.384 ], [ 507416.5, 5398862.325000000186265, 458.382 ], [ 507415.5, 5398862.392, 458.377 ], [ 507414.93, 5398862.429999999701977, 458.375 ], [ 507414.865999999979977, 5398861.5, 458.374 ], [ 507414.798, 5398860.5, 458.363 ], [ 507414.729, 5398859.5, 458.352 ], [ 507414.661000000021886, 5398858.5, 458.35 ], [ 507414.593, 5398857.5, 458.349 ], [ 507414.57, 5398857.17, 458.346 ], [ 507415.5, 5398857.104000000283122, 458.353 ], [ 507416.5, 5398857.032999999821186, 458.355 ], [ 507416.82, 5398857.009999999776483, 458.355 ], [ 507416.784999999974389, 5398856.5, 458.354 ], [ 507416.717, 5398855.5, 458.354 ], [ 507416.647999999986496, 5398854.5, 458.363 ], [ 507416.580000000016298, 5398853.5, 458.37 ], [ 507416.511, 5398852.5, 458.372 ], [ 507416.5, 5398852.338999999687076, 458.371 ], [ 507416.443000000028405, 5398851.5, 458.367 ], [ 507416.37400000001071, 5398850.5, 458.364 ], [ 507416.305, 5398849.5, 458.353 ], [ 507416.299999999988358, 5398849.42, 458.348 ], [ 507415.5, 5398849.473000000230968, 458.349 ], [ 507415.099999999976717, 5398849.5, 458.354 ], [ 507414.5, 5398849.54, 458.357 ], [ 507414.049999999988358, 5398849.570000000298023, 458.362 ], [ 507414.044999999983702, 5398849.5, 458.362 ], [ 507413.977000000013504, 5398848.5, 458.351 ], [ 507413.908999999985099, 5398847.5, 458.347 ], [ 507413.841000000014901, 5398846.5, 458.349 ], [ 507413.772, 5398845.5, 458.347 ], [ 507413.704000000027008, 5398844.5, 458.341 ], [ 507413.69, 5398844.29, 458.343 ], [ 507414.5, 5398844.235999999567866, 458.339 ], [ 507415.5, 5398844.168999999761581, 458.331 ], [ 507415.94, 5398844.139999999664724, 458.327 ], [ 507415.896, 5398843.5, 458.329 ], [ 507415.826, 5398842.5, 458.332 ], [ 507415.756999999983236, 5398841.5, 458.334 ], [ 507415.688000000023749, 5398840.5, 458.339 ], [ 507415.618000000016764, 5398839.5, 458.348 ], [ 507415.549, 5398838.5, 458.352 ], [ 507415.5, 5398837.793999999761581, 458.348 ], [ 507415.49, 5398837.650000000372529, 458.348 ] ] ] } },
{ "type": "Feature", "properties": { "fid": 1007, "gml_id": "DEBW_5221000QhDC", "creationDate": "2025-01-08", "informationSystem": "http://repository.gdi-de.org/schemas/adv/citygml/fdv/art.htm#_9100", "name": "DEBWL5221000QhDC", "Gemeindeschluessel": "08111000", "Geometrietyp2DReferenz": 3000, "DatenquelleDachhoehe": [ 1000 ], "Grundrissaktualitaet": "2024-04-01", "DatenquelleBodenhoehe": [ 1100 ], "DatenquelleLage": [ 1000 ], "function": "31001_1010", "roofType": 1000, "measuredHeight": 8.447, "measuredHeight_uom": "urn:adv:uom:m", "CountryName": "Germany", "LocalityName": "Stuttgart", "ThoroughfareName": "Allmandring", "consistsOfBuildingPart|BuildingPart|creationDate": null, "consistsOfBuildingPart|BuildingPart|roofType": null, "consistsOfBuildingPart|BuildingPart|measuredHeight": null, "consistsOfBuildingPart|BuildingPart|measuredHeight_uom": null, "ThoroughfareNumber": "3E, null", "name_": null }, "geometry": { "type": "MultiLineString", "coordinates": [ [ [ 507418.099999999976717, 5398908.629999999888241, 458.359 ], [ 507418.5, 5398908.603000000119209, 458.368 ], [ 507419.5, 5398908.536000000312924, 458.367 ], [ 507420.041000000026543, 5398908.5, 458.362 ], [ 507420.340000000025611, 5398908.480000000447035, 458.357 ], [ 507420.272999999986496, 5398907.5, 458.354 ], [ 507420.204000000027008, 5398906.5, 458.36 ], [ 507420.136, 5398905.5, 458.372 ], [ 507420.066999999980908, 5398904.5, 458.377 ], [ 507419.99900000001071, 5398903.5, 458.372 ], [ 507419.93, 5398902.5, 458.364 ], [ 507419.862000000022817, 5398901.5, 458.365 ], [ 507419.82, 5398900.889999999664724, 458.371 ], [ 507419.5, 5398900.912999999709427, 458.37 ], [ 507418.5, 5398900.984000000171363, 458.37 ], [ 507417.580000000016298, 5398901.049999999813735, 458.372 ], [ 507417.541000000026543, 5398900.5, 458.372 ], [ 507417.5, 5398899.907999999821186, 458.373 ], [ 507417.471000000019558, 5398899.5, 458.373 ], [ 507417.401000000012573, 5398898.5, 458.378 ], [ 507417.331, 5398897.5, 458.384 ], [ 507417.261, 5398896.5, 458.389 ], [ 507417.210000000020955, 5398895.769999999552965, 458.389 ], [ 507417.5, 5398895.751000000163913, 458.396 ], [ 507418.5, 5398895.684000000357628, 458.406 ], [ 507419.460000000020955, 5398895.620000000111759, 458.408 ], [ 507419.452, 5398895.5, 458.409 ], [ 507419.382999999972526, 5398894.5, 458.411 ], [ 507419.314000000013039, 5398893.5, 458.411 ], [ 507419.244, 5398892.5, 458.4 ], [ 507419.174999999988358, 5398891.5, 458.391 ], [ 507419.106000000028871, 5398890.5, 458.389 ], [ 507419.037000000011176, 5398889.5, 458.39 ], [ 507419.020000000018626, 5398889.25, 458.388 ], [ 507419.5, 5398889.217000000178814, 458.387 ], [ 507420.5, 5398889.148, 458.38 ], [ 507421.5, 5398889.079, 458.371 ], [ 507422.5, 5398889.009999999776483, 458.365 ], [ 507423.5, 5398888.940999999642372, 458.36 ], [ 507424.5, 5398888.872000000439584, 458.356 ], [ 507425.5, 5398888.803000000305474, 458.355 ], [ 507426.409999999974389, 5398888.740000000223517, 458.356 ], [ 507426.462, 5398889.5, 458.367 ], [ 507426.5, 5398890.054999999701977, 458.372 ], [ 507426.53000000002794, 5398890.5, 458.374 ], [ 507426.598999999987427, 5398891.5, 458.371 ], [ 507426.667000000015832, 5398892.5, 458.371 ], [ 507426.73599999997532, 5398893.5, 458.377 ], [ 507426.804, 5398894.5, 458.38 ], [ 507426.87300000002142, 5398895.5, 458.38 ], [ 507426.941, 5398896.5, 458.382 ], [ 507427.009000000020023, 5398897.5, 458.388 ], [ 507427.077999999979511, 5398898.5, 458.393 ], [ 507427.146, 5398899.5, 458.39 ], [ 507427.215000000025611, 5398900.5, 458.381 ], [ 507427.283, 5398901.5, 458.368 ], [ 507427.351000000024214, 5398902.5, 458.36 ], [ 507427.419999999983702, 5398903.5, 458.357 ], [ 507427.488000000012107, 5398904.5, 458.358 ], [ 507427.5, 5398904.671, 458.359 ], [ 507427.556999999971595, 5398905.5, 458.364 ], [ 507427.625, 5398906.5, 458.358 ], [ 507427.694000000017695, 5398907.5, 458.354 ], [ 507427.761999999987893, 5398908.5, 458.344 ], [ 507427.830000000016298, 5398909.5, 458.336 ], [ 507427.898999999975786, 5398910.5, 458.337 ], [ 507427.967, 5398911.5, 458.34 ], [ 507428.036000000021886, 5398912.5, 458.351 ], [ 507428.104, 5398913.5, 458.368 ], [ 507428.172000000020489, 5398914.5, 458.384 ], [ 507428.18, 5398914.610000000335276, 458.385 ], [ 507427.5, 5398914.657999999821186, 458.39 ], [ 507426.5, 5398914.728000000119209, 458.39 ], [ 507425.5, 5398914.798999999649823, 458.38 ], [ 507424.5, 5398914.869, 458.368 ], [ 507423.5, 5398914.940000000409782, 458.36 ], [ 507422.5, 5398915.009999999776483, 458.353 ], [ 507421.5, 5398915.081000000238419, 458.345 ], [ 507420.799999999988358, 5398915.129999999888241, 458.334 ], [ 507420.754000000015367, 5398914.5, 458.33 ], [ 507420.700000000011642, 5398913.759999999776483, 458.337 ], [ 507420.5, 5398913.773, 458.335 ], [ 507419.5, 5398913.839999999850988, 458.338 ], [ 507418.5, 5398913.906999999657273, 458.336 ], [ 507418.460000000020955, 5398913.910000000149012, 458.335 ], [ 507418.431999999971595, 5398913.5, 458.337 ], [ 507418.364, 5398912.5, 458.348 ], [ 507418.295999999972992, 5398911.5, 458.356 ], [ 507418.228, 5398910.5, 458.359 ], [ 507418.158999999985099, 5398909.5, 458.358 ], [ 507418.099999999976717, 5398908.629999999888241, 458.359 ] ] ] } },
{ "type": "Feature", "properties": { "fid": 1025, "gml_id": "DEBW_5221000QydF", "creationDate": "2025-01-08", "informationSystem": "http://repository.gdi-de.org/schemas/adv/citygml/fdv/art.htm#_9100", "name": "DEBWL5221000QydF", "Gemeindeschluessel": "08111000", "Geometrietyp2DReferenz": 3000, "DatenquelleDachhoehe": [ 1000 ], "Grundrissaktualitaet": "2024-04-01", "DatenquelleBodenhoehe": [ 1100 ], "DatenquelleLage": [ 1000 ], "function": "31001_1010", "roofType": 1000, "measuredHeight": 8.425, "measuredHeight_uom": "urn:adv:uom:m", "CountryName": "Germany", "LocalityName": "Stuttgart", "ThoroughfareName": "Allmandring", "consistsOfBuildingPart|BuildingPart|creationDate": null, "consistsOfBuildingPart|BuildingPart|roofType": null, "consistsOfBuildingPart|BuildingPart|measuredHeight": null, "consistsOfBuildingPart|BuildingPart|measuredHeight_uom": null, "ThoroughfareNumber": "3H, null", "name_": null }, "geometry": { "type": "MultiLineString", "coordinates": [ [ [ 507376.60999999998603, 5398885.610000000335276, 458.487 ], [ 507377.5, 5398885.54700000025332, 458.492 ], [ 507378.163999999989755, 5398885.5, 458.492 ], [ 507378.5, 5398885.475999999791384, 458.492 ], [ 507378.87, 5398885.450000000186265, 458.489 ], [ 507378.805, 5398884.5, 458.489 ], [ 507378.73599999997532, 5398883.5, 458.484 ], [ 507378.668, 5398882.5, 458.482 ], [ 507378.598999999987427, 5398881.5, 458.481 ], [ 507378.53000000002794, 5398880.5, 458.481 ], [ 507378.5, 5398880.057, 458.483 ], [ 507378.462, 5398879.5, 458.484 ], [ 507378.392999999981839, 5398878.5, 458.491 ], [ 507378.349999999976717, 5398877.870000000111759, 458.494 ], [ 507377.5, 5398877.927000000141561, 458.496 ], [ 507376.5, 5398877.992999999783933, 458.496 ], [ 507376.099999999976717, 5398878.019999999552965, 458.491 ], [ 507376.065, 5398877.5, 458.492 ], [ 507375.995999999984633, 5398876.5, 458.492 ], [ 507375.928000000014435, 5398875.5, 458.484 ], [ 507375.85999999998603, 5398874.5, 458.476 ], [ 507375.792000000015832, 5398873.5, 458.477 ], [ 507375.74, 5398872.740000000223517, 458.48 ], [ 507376.5, 5398872.689000000245869, 458.483 ], [ 507377.5, 5398872.622999999672174, 458.486 ], [ 507377.99, 5398872.589999999850988, 458.488 ], [ 507377.984, 5398872.5, 458.488 ], [ 507377.914999999979045, 5398871.5, 458.49 ], [ 507377.84499999997206, 5398870.5, 458.492 ], [ 507377.776000000012573, 5398869.5, 458.494 ], [ 507377.707, 5398868.5, 458.493 ], [ 507377.637999999977183, 5398867.5, 458.488 ], [ 507377.569000000017695, 5398866.5, 458.488 ], [ 507377.549999999988358, 5398866.230000000447035, 458.489 ], [ 507378.5, 5398866.165, 458.493 ], [ 507379.5, 5398866.096, 458.495 ], [ 507380.5, 5398866.026999999769032, 458.498 ], [ 507381.5, 5398865.957999999634922, 458.501 ], [ 507382.5, 5398865.889000000432134, 458.505 ], [ 507383.5, 5398865.820000000298023, 458.507 ], [ 507384.5, 5398865.751000000163913, 458.506 ], [ 507384.950000000011642, 5398865.71999999973923, 458.504 ], [ 507385.004000000015367, 5398866.5, 458.515 ], [ 507385.071999999985565, 5398867.5, 458.51 ], [ 507385.141, 5398868.5, 458.493 ], [ 507385.210000000020955, 5398869.5, 458.473 ], [ 507385.278999999980442, 5398870.5, 458.456 ], [ 507385.348, 5398871.5, 458.45 ], [ 507385.417000000015832, 5398872.5, 458.456 ], [ 507385.48499999998603, 5398873.5, 458.463 ], [ 507385.5, 5398873.713999999687076, 458.462 ], [ 507385.554, 5398874.5, 458.463 ], [ 507385.62300000002142, 5398875.5, 458.463 ], [ 507385.691999999980908, 5398876.5, 458.459 ], [ 507385.761, 5398877.5, 458.455 ], [ 507385.829000000027008, 5398878.5, 458.458 ], [ 507385.897999999986496, 5398879.5, 458.459 ], [ 507385.967, 5398880.5, 458.456 ], [ 507386.036000000021886, 5398881.5, 458.453 ], [ 507386.104999999981374, 5398882.5, 458.453 ], [ 507386.173, 5398883.5, 458.452 ], [ 507386.242000000027474, 5398884.5, 458.455 ], [ 507386.310999999986961, 5398885.5, 458.448 ], [ 507386.38, 5398886.5, 458.44 ], [ 507386.449000000022352, 5398887.5, 458.447 ], [ 507386.5, 5398888.247000000439584, 458.458 ], [ 507386.517, 5398888.5, 458.462 ], [ 507386.586000000010245, 5398889.5, 458.463 ], [ 507386.65500000002794, 5398890.5, 458.466 ], [ 507386.723999999987427, 5398891.5, 458.471 ], [ 507386.729999999981374, 5398891.589999999850988, 458.47 ], [ 507386.5, 5398891.605999999679625, 458.472 ], [ 507385.5, 5398891.674999999813735, 458.477 ], [ 507384.5, 5398891.742999999783933, 458.478 ], [ 507383.5, 5398891.812, 458.486 ], [ 507382.5, 5398891.881, 458.487 ], [ 507381.5, 5398891.950000000186265, 458.486 ], [ 507380.5, 5398892.019000000320375, 458.492 ], [ 507379.5, 5398892.088000000454485, 458.496 ], [ 507379.32, 5398892.099999999627471, 458.497 ], [ 507379.281000000017229, 5398891.5, 458.493 ], [ 507379.229999999981374, 5398890.71999999973923, 458.489 ], [ 507378.5, 5398890.768000000156462, 458.493 ], [ 507377.5, 5398890.835, 458.5 ], [ 507376.96999999997206, 5398890.870000000111759, 458.497 ], [ 507376.945, 5398890.5, 458.497 ], [ 507376.87599999998929, 5398889.5, 458.486 ], [ 507376.808000000019092, 5398888.5, 458.464 ], [ 507376.739, 5398887.5, 458.474 ], [ 507376.670999999972992, 5398886.5, 458.487 ], [ 507376.60999999998603, 5398885.610000000335276, 458.487 ] ] ] } },
{ "type": "Feature", "properties": { "fid": 1030, "gml_id": "DEBW_5221000QWa4", "creationDate": "2025-01-08", "informationSystem": "http://repository.gdi-de.org/schemas/adv/citygml/fdv/art.htm#_9100", "name": "DEBWL5221000QWa4", "Gemeindeschluessel": "08111000", "Geometrietyp2DReferenz": 3000, "DatenquelleDachhoehe": [ 1000 ], "Grundrissaktualitaet": "2024-04-01", "DatenquelleBodenhoehe": [ 1100 ], "DatenquelleLage": [ 1000 ], "function": "31001_1010", "roofType": 1000, "measuredHeight": 3.202, "measuredHeight_uom": "urn:adv:uom:m", "CountryName": "Germany", "LocalityName": "Stuttgart", "ThoroughfareName": "Allmandring", "consistsOfBuildingPart|BuildingPart|creationDate": null, "consistsOfBuildingPart|BuildingPart|roofType": null, "consistsOfBuildingPart|BuildingPart|measuredHeight": null, "consistsOfBuildingPart|BuildingPart|measuredHeight_uom": null, "ThoroughfareNumber": "28A, null", "name_": null }, "geometry": { "type": "MultiLineString", "coordinates": [ [ [ 507016.31, 5398879.839999999850988, 454.881 ], [ 507016.5, 5398879.82799999974668, 454.878 ], [ 507017.5, 5398879.763000000268221, 454.871 ], [ 507018.31, 5398879.71, 454.868 ], [ 507018.295999999972992, 5398879.5, 454.865 ], [ 507018.227000000013504, 5398878.5, 454.851 ], [ 507018.158999999985099, 5398877.5, 454.843 ], [ 507018.10999999998603, 5398876.78000000026077, 454.843 ], [ 507018.5, 5398876.753999999724329, 454.841 ], [ 507019.5, 5398876.685999999754131, 454.836 ], [ 507020.5, 5398876.617999999783933, 454.834 ], [ 507021.5, 5398876.549999999813735, 454.844 ], [ 507022.090000000025611, 5398876.509999999776483, 454.864 ], [ 507022.156000000017229, 5398877.5, 454.876 ], [ 507022.222, 5398878.5, 454.893 ], [ 507022.288999999989755, 5398879.5, 454.912 ], [ 507022.354999999981374, 5398880.5, 454.926 ], [ 507022.420999999972992, 5398881.5, 454.953 ], [ 507022.488000000012107, 5398882.5, 455.06 ], [ 507022.5, 5398882.683000000193715, 455.104 ], [ 507022.554, 5398883.5, 455.201 ], [ 507022.620999999984633, 5398884.5, 455.211 ], [ 507022.686999999976251, 5398885.5, 455.102 ], [ 507022.754000000015367, 5398886.5, 454.962 ], [ 507022.82, 5398887.5, 454.907 ], [ 507022.886, 5398888.5, 454.895 ], [ 507022.952999999979511, 5398889.5, 454.88 ], [ 507023.018999999971129, 5398890.5, 454.87 ], [ 507023.086000000010245, 5398891.5, 454.865 ], [ 507023.152, 5398892.5, 454.862 ], [ 507023.218, 5398893.5, 454.856 ], [ 507023.284999999974389, 5398894.5, 454.851 ], [ 507023.349999999976717, 5398895.480000000447035, 454.854 ], [ 507023.055, 5398895.5, 454.842 ], [ 507022.5, 5398895.537999999709427, 454.819 ], [ 507021.5, 5398895.605000000447035, 454.789 ], [ 507020.5, 5398895.673000000417233, 454.78 ], [ 507019.5, 5398895.74100000038743, 454.785 ], [ 507018.5, 5398895.809000000357628, 454.786 ], [ 507017.5, 5398895.877000000327826, 454.787 ], [ 507017.450000000011642, 5398895.879999999888241, 454.793 ], [ 507017.423, 5398895.5, 454.797 ], [ 507017.352000000013504, 5398894.5, 454.796 ], [ 507017.281000000017229, 5398893.5, 454.802 ], [ 507017.210000000020955, 5398892.5, 454.81 ], [ 507017.13900000002468, 5398891.5, 454.815 ], [ 507017.068000000028405, 5398890.5, 454.819 ], [ 507016.996999999973923, 5398889.5, 454.827 ], [ 507016.924999999988358, 5398888.5, 454.837 ], [ 507016.854, 5398887.5, 454.849 ], [ 507016.783, 5398886.5, 454.861 ], [ 507016.712, 5398885.5, 454.87 ], [ 507016.641, 5398884.5, 454.881 ], [ 507016.57, 5398883.5, 454.894 ], [ 507016.5, 5398882.513000000268221, 454.901 ], [ 507016.49900000001071, 5398882.5, 454.901 ], [ 507016.428000000014435, 5398881.5, 454.896 ], [ 507016.357000000018161, 5398880.5, 454.887 ], [ 507016.31, 5398879.839999999850988, 454.881 ] ] ] } },
{ "type": "Feature", "properties": { "fid": 1050, "gml_id": "DEBW_5221000Qwyn", "creationDate": "2025-01-08", "informationSystem": "http://repository.gdi-de.org/schemas/adv/citygml/fdv/art.htm#_9100", "name": "DEBWL5221000Qwyn", "Gemeindeschluessel": "08111000", "Geometrietyp2DReferenz": 3000, "DatenquelleDachhoehe": [ 1000 ], "Grundrissaktualitaet": "2024-04-01", "DatenquelleBodenhoehe": [ 1100 ], "DatenquelleLage": [ 1000 ], "function": "31001_1010", "roofType": 1000, "measuredHeight": 8.442, "measuredHeight_uom": "urn:adv:uom:m", "CountryName": "Germany", "LocalityName": "Stuttgart", "ThoroughfareName": "Allmandring", "consistsOfBuildingPart|BuildingPart|creationDate": null, "consistsOfBuildingPart|BuildingPart|roofType": null, "consistsOfBuildingPart|BuildingPart|measuredHeight": null, "consistsOfBuildingPart|BuildingPart|measuredHeight_uom": null, "ThoroughfareNumber": null, "name_": null }, "geometry": { "type": "MultiLineString", "coordinates": [ [ [ 507367.87, 5398852.740000000223517, 458.476 ], [ 507367.5, 5398852.764999999664724, 458.477 ], [ 507366.5, 5398852.831000000238419, 458.486 ], [ 507365.62, 5398852.889999999664724, 458.486 ], [ 507365.662000000011176, 5398853.5, 458.487 ], [ 507365.729999999981374, 5398854.5, 458.483 ], [ 507365.799, 5398855.5, 458.484 ], [ 507365.867000000027474, 5398856.5, 458.488 ], [ 507365.935999999986961, 5398857.5, 458.485 ], [ 507366.004000000015367, 5398858.5, 458.486 ], [ 507366.072999999974854, 5398859.5, 458.49 ], [ 507366.14000000001397, 5398860.480000000447035, 458.493 ], [ 507366.5, 5398860.454, 458.497 ], [ 507367.5, 5398860.38300000037998, 458.501 ], [ 507368.39000000001397, 5398860.320000000298023, 458.492 ], [ 507368.402, 5398860.5, 458.497 ], [ 507368.46999999997206, 5398861.5, 458.504 ], [ 507368.5, 5398861.933000000193715, 458.495 ], [ 507368.538999999989755, 5398862.5, 458.492 ], [ 507368.607000000018161, 5398863.5, 458.486 ], [ 507368.674999999988358, 5398864.5, 458.48 ], [ 507368.743000000016764, 5398865.5, 458.471 ], [ 507368.75, 5398865.599999999627471, 458.472 ], [ 507368.5, 5398865.617999999783933, 458.472 ], [ 507367.5, 5398865.689000000245869, 458.474 ], [ 507366.51, 5398865.759999999776483, 458.464 ], [ 507366.559, 5398866.5, 458.471 ], [ 507366.590000000025611, 5398866.96, 458.474 ], [ 507366.5, 5398866.966, 458.473 ], [ 507365.5, 5398867.034, 458.465 ], [ 507364.5, 5398867.100999999791384, 458.456 ], [ 507363.5, 5398867.168999999761581, 458.449 ], [ 507362.5, 5398867.235999999567866, 458.443 ], [ 507361.5, 5398867.303999999538064, 458.444 ], [ 507360.5, 5398867.371000000275671, 458.457 ], [ 507359.5, 5398867.439000000245869, 458.469 ], [ 507359.19, 5398867.46, 458.473 ], [ 507359.125, 5398866.5, 458.463 ], [ 507359.058000000019092, 5398865.5, 458.462 ], [ 507358.99, 5398864.5, 458.467 ], [ 507358.922000000020489, 5398863.5, 458.472 ], [ 507358.854999999981374, 5398862.5, 458.477 ], [ 507358.787000000011176, 5398861.5, 458.484 ], [ 507358.71999999997206, 5398860.5, 458.486 ], [ 507358.652, 5398859.5, 458.48 ], [ 507358.583999999973457, 5398858.5, 458.477 ], [ 507358.517, 5398857.5, 458.472 ], [ 507358.5, 5398857.252000000327826, 458.473 ], [ 507358.449000000022352, 5398856.5, 458.478 ], [ 507358.381999999983236, 5398855.5, 458.488 ], [ 507358.314000000013039, 5398854.5, 458.492 ], [ 507358.245999999984633, 5398853.5, 458.478 ], [ 507358.179, 5398852.5, 458.47 ], [ 507358.11099999997532, 5398851.5, 458.468 ], [ 507358.044, 5398850.5, 458.473 ], [ 507357.976000000024214, 5398849.5, 458.483 ], [ 507357.908, 5398848.5, 458.49 ], [ 507357.841000000014901, 5398847.5, 458.493 ], [ 507357.772999999986496, 5398846.5, 458.494 ], [ 507357.706, 5398845.5, 458.49 ], [ 507357.637999999977183, 5398844.5, 458.49 ], [ 507357.57, 5398843.5, 458.506 ], [ 507357.503000000026077, 5398842.5, 458.524 ], [ 507357.5, 5398842.457999999634922, 458.528 ], [ 507357.44, 5398841.570000000298023, 458.518 ], [ 507357.5, 5398841.565999999642372, 458.522 ], [ 507358.5, 5398841.507000000216067, 458.514 ], [ 507358.613000000012107, 5398841.5, 458.512 ], [ 507359.5, 5398841.446999999694526, 458.5 ], [ 507360.5, 5398841.387000000104308, 458.486 ], [ 507361.5, 5398841.32799999974668, 458.48 ], [ 507362.5, 5398841.268000000156462, 458.475 ], [ 507363.5, 5398841.207999999634922, 458.472 ], [ 507364.5, 5398841.149000000208616, 458.475 ], [ 507364.81, 5398841.129999999888241, 458.478 ], [ 507364.836000000010245, 5398841.5, 458.476 ], [ 507364.90500000002794, 5398842.5, 458.474 ], [ 507364.974999999976717, 5398843.5, 458.478 ], [ 507365.044, 5398844.5, 458.49 ], [ 507365.113000000012107, 5398845.5, 458.5 ], [ 507365.183000000019092, 5398846.5, 458.505 ], [ 507365.25199999997858, 5398847.5, 458.503 ], [ 507365.26, 5398847.610000000335276, 458.502 ], [ 507365.5, 5398847.593999999575317, 458.506 ], [ 507366.5, 5398847.526999999769032, 458.51 ], [ 507366.903, 5398847.5, 458.508 ], [ 507367.5, 5398847.46, 458.505 ], [ 507367.503000000026077, 5398847.5, 458.502 ], [ 507367.572999999974854, 5398848.5, 458.49 ], [ 507367.642999999981839, 5398849.5, 458.481 ], [ 507367.712999999988824, 5398850.5, 458.476 ], [ 507367.783, 5398851.5, 458.473 ], [ 507367.853, 5398852.5, 458.475 ], [ 507367.87, 5398852.740000000223517, 458.476 ] ] ] } },
{ "type": "Feature", "properties": { "fid": 1058, "gml_id": "DEBW_5221000QufU", "creationDate": "2025-01-08", "informationSystem": "http://repository.gdi-de.org/schemas/adv/citygml/fdv/art.htm#_9100", "name": "DEBWL5221000QufU", "Gemeindeschluessel": "08111000", "Geometrietyp2DReferenz": 3000, "DatenquelleDachhoehe": [ 1000 ], "Grundrissaktualitaet": "2024-04-01", "DatenquelleBodenhoehe": [ 1100 ], "DatenquelleLage": [ 1000 ], "function": "31001_1010", "roofType": 1000, "measuredHeight": 8.431, "measuredHeight_uom": "urn:adv:uom:m", "CountryName": "Germany", "LocalityName": "Stuttgart", "ThoroughfareName": "Allmandring", "consistsOfBuildingPart|BuildingPart|creationDate": null, "consistsOfBuildingPart|BuildingPart|roofType": null, "consistsOfBuildingPart|BuildingPart|measuredHeight": null, "consistsOfBuildingPart|BuildingPart|measuredHeight_uom": null, "ThoroughfareNumber": null, "name_": null }, "geometry": { "type": "MultiLineString", "coordinates": [ [ [ 507409.340000000025611, 5398875.759999999776483, 458.369 ], [ 507408.5, 5398875.820000000298023, 458.368 ], [ 507407.5, 5398875.890999999828637, 458.368 ], [ 507407.090000000025611, 5398875.92, 458.367 ], [ 507407.13, 5398876.5, 458.367 ], [ 507407.197999999974854, 5398877.5, 458.37 ], [ 507407.267, 5398878.5, 458.371 ], [ 507407.336000000010245, 5398879.5, 458.37 ], [ 507407.403999999980442, 5398880.5, 458.363 ], [ 507407.473, 5398881.5, 458.356 ], [ 507407.5, 5398881.896999999880791, 458.354 ], [ 507407.541000000026543, 5398882.5, 458.36 ], [ 507407.60999999998603, 5398883.5, 458.373 ], [ 507408.5, 5398883.440999999642372, 458.372 ], [ 507409.5, 5398883.373999999836087, 458.375 ], [ 507409.85999999998603, 5398883.349999999627471, 458.377 ], [ 507409.87, 5398883.5, 458.374 ], [ 507409.938000000023749, 5398884.5, 458.375 ], [ 507410.006999999983236, 5398885.5, 458.384 ], [ 507410.075000000011642, 5398886.5, 458.392 ], [ 507410.142999999981839, 5398887.5, 458.396 ], [ 507410.211000000010245, 5398888.5, 458.39 ], [ 507410.21999999997206, 5398888.629999999888241, 458.39 ], [ 507409.5, 5398888.678000000305474, 458.388 ], [ 507408.5, 5398888.745000000111759, 458.38 ], [ 507407.96999999997206, 5398888.78000000026077, 458.378 ], [ 507408.017999999981839, 5398889.5, 458.375 ], [ 507408.049999999988358, 5398889.980000000447035, 458.374 ], [ 507407.5, 5398890.018000000156462, 458.374 ], [ 507406.5, 5398890.087000000290573, 458.38 ], [ 507405.5, 5398890.156000000424683, 458.383 ], [ 507404.5, 5398890.224999999627471, 458.386 ], [ 507403.5, 5398890.293999999761581, 458.39 ], [ 507402.5, 5398890.362999999895692, 458.397 ], [ 507401.5, 5398890.432, 458.404 ], [ 507400.659999999974389, 5398890.490000000223517, 458.4 ], [ 507400.592, 5398889.5, 458.393 ], [ 507400.522999999986496, 5398888.5, 458.396 ], [ 507400.5, 5398888.16399999987334, 458.398 ], [ 507400.454000000027008, 5398887.5, 458.394 ], [ 507400.386, 5398886.5, 458.393 ], [ 507400.316999999980908, 5398885.5, 458.391 ], [ 507400.24800000002142, 5398884.5, 458.382 ], [ 507400.179, 5398883.5, 458.38 ], [ 507400.10999999998603, 5398882.5, 458.382 ], [ 507400.042000000015832, 5398881.5, 458.381 ], [ 507399.973, 5398880.5, 458.376 ], [ 507399.903999999980442, 5398879.5, 458.375 ], [ 507399.835000000020955, 5398878.5, 458.381 ], [ 507399.766, 5398877.5, 458.381 ], [ 507399.697999999974854, 5398876.5, 458.38 ], [ 507399.629000000015367, 5398875.5, 458.381 ], [ 507399.56, 5398874.5, 458.389 ], [ 507399.5, 5398873.627000000327826, 458.401 ], [ 507399.490999999979977, 5398873.5, 458.395 ], [ 507399.422000000020489, 5398872.5, 458.397 ], [ 507399.354, 5398871.5, 458.397 ], [ 507399.284999999974389, 5398870.5, 458.396 ], [ 507399.216000000014901, 5398869.5, 458.394 ], [ 507399.147, 5398868.5, 458.39 ], [ 507399.077999999979511, 5398867.5, 458.38 ], [ 507399.01, 5398866.5, 458.369 ], [ 507398.941, 5398865.5, 458.367 ], [ 507398.89000000001397, 5398864.759999999776483, 458.366 ], [ 507399.5, 5398864.718000000342727, 458.364 ], [ 507400.5, 5398864.649000000208616, 458.357 ], [ 507401.5, 5398864.58, 458.352 ], [ 507402.5, 5398864.512000000104308, 458.348 ], [ 507402.668, 5398864.5, 458.348 ], [ 507403.5, 5398864.443, 458.345 ], [ 507404.5, 5398864.373999999836087, 458.345 ], [ 507405.5, 5398864.304999999701977, 458.348 ], [ 507406.299999999988358, 5398864.25, 458.351 ], [ 507406.316999999980908, 5398864.5, 458.351 ], [ 507406.384000000020023, 5398865.5, 458.355 ], [ 507406.452, 5398866.5, 458.366 ], [ 507406.5, 5398867.217000000178814, 458.374 ], [ 507406.518999999971129, 5398867.5, 458.38 ], [ 507406.586000000010245, 5398868.5, 458.389 ], [ 507406.653999999980442, 5398869.5, 458.396 ], [ 507406.721000000019558, 5398870.5, 458.4 ], [ 507406.729999999981374, 5398870.629999999888241, 458.399 ], [ 507407.5, 5398870.575000000186265, 458.407 ], [ 507408.5, 5398870.503999999724329, 458.401 ], [ 507408.558000000019092, 5398870.5, 458.4 ], [ 507408.979999999981374, 5398870.46999999973923, 458.396 ], [ 507408.982000000018161, 5398870.5, 458.396 ], [ 507409.049999999988358, 5398871.5, 458.391 ], [ 507409.118000000016764, 5398872.5, 458.385 ], [ 507409.185999999986961, 5398873.5, 458.377 ], [ 507409.254000000015367, 5398874.5, 458.37 ], [ 507409.321999999985565, 5398875.5, 458.369 ], [ 507409.340000000025611, 5398875.759999999776483, 458.369 ] ] ] } },
{ "type": "Feature", "properties": { "fid": 1064, "gml_id": "DEBW_5221000Qhzr", "creationDate": "2025-01-08", "informationSystem": "http://repository.gdi-de.org/schemas/adv/citygml/fdv/art.htm#_9100", "name": "DEBWL5221000Qhzr", "Gemeindeschluessel": "08111000", "Geometrietyp2DReferenz": 3000, "DatenquelleDachhoehe": [ 1000 ], "Grundrissaktualitaet": "2024-04-01", "DatenquelleBodenhoehe": [ 1100 ], "DatenquelleLage": [ 1000 ], "function": "31001_1010", "roofType": 1000, "measuredHeight": 8.439, "measuredHeight_uom": "urn:adv:uom:m", "CountryName": "Germany", "LocalityName": "Stuttgart", "ThoroughfareName": "Allmandring", "consistsOfBuildingPart|BuildingPart|creationDate": null, "consistsOfBuildingPart|BuildingPart|roofType": null, "consistsOfBuildingPart|BuildingPart|measuredHeight": null, "consistsOfBuildingPart|BuildingPart|measuredHeight_uom": null, "ThoroughfareNumber": "3C, null", "name_": null }, "geometry": { "type": "MultiLineString", "coordinates": [ [ [ 507457.799999999988358, 5398905.92, 458.294 ], [ 507458.5, 5398905.870000000111759, 458.303 ], [ 507459.5, 5398905.798999999649823, 458.314 ], [ 507460.049999999988358, 5398905.759999999776483, 458.316 ], [ 507460.032, 5398905.5, 458.317 ], [ 507459.963999999978114, 5398904.5, 458.312 ], [ 507459.895000000018626, 5398903.5, 458.307 ], [ 507459.827, 5398902.5, 458.306 ], [ 507459.757999999972526, 5398901.5, 458.303 ], [ 507459.69, 5398900.5, 458.3 ], [ 507459.620999999984633, 5398899.5, 458.303 ], [ 507459.553000000014435, 5398898.5, 458.307 ], [ 507459.53000000002794, 5398898.17, 458.307 ], [ 507459.5, 5398898.17200000025332, 458.307 ], [ 507458.5, 5398898.239, 458.302 ], [ 507457.5, 5398898.30599999986589, 458.295 ], [ 507457.289999999979045, 5398898.320000000298023, 458.29 ], [ 507457.234, 5398897.5, 458.287 ], [ 507457.166000000026543, 5398896.5, 458.286 ], [ 507457.098, 5398895.5, 458.281 ], [ 507457.03000000002794, 5398894.5, 458.275 ], [ 507456.961000000010245, 5398893.5, 458.275 ], [ 507456.93, 5398893.04, 458.276 ], [ 507457.5, 5398893.002000000327826, 458.276 ], [ 507458.5, 5398892.934999999590218, 458.287 ], [ 507459.169999999983702, 5398892.889999999664724, 458.294 ], [ 507459.143999999971129, 5398892.5, 458.295 ], [ 507459.076, 5398891.5, 458.29 ], [ 507459.007999999972526, 5398890.5, 458.284 ], [ 507458.941, 5398889.5, 458.283 ], [ 507458.87300000002142, 5398888.5, 458.285 ], [ 507458.805999999982305, 5398887.5, 458.292 ], [ 507458.74, 5398886.53000000026077, 458.302 ], [ 507459.185, 5398886.5, 458.303 ], [ 507459.5, 5398886.479000000283122, 458.303 ], [ 507460.5, 5398886.411000000312924, 458.3 ], [ 507461.5, 5398886.343999999575317, 458.299 ], [ 507462.5, 5398886.275999999605119, 458.298 ], [ 507463.5, 5398886.208999999798834, 458.296 ], [ 507464.5, 5398886.140999999828637, 458.289 ], [ 507465.5, 5398886.074, 458.277 ], [ 507466.150000000023283, 5398886.03000000026077, 458.273 ], [ 507466.181999999971595, 5398886.5, 458.275 ], [ 507466.24900000001071, 5398887.5, 458.267 ], [ 507466.316999999980908, 5398888.5, 458.246 ], [ 507466.385, 5398889.5, 458.232 ], [ 507466.452, 5398890.5, 458.234 ], [ 507466.5, 5398891.201999999582767, 458.233 ], [ 507466.520000000018626, 5398891.5, 458.239 ], [ 507466.587999999988824, 5398892.5, 458.252 ], [ 507466.656000000017229, 5398893.5, 458.27 ], [ 507466.723, 5398894.5, 458.287 ], [ 507466.791000000026543, 5398895.5, 458.296 ], [ 507466.859, 5398896.5, 458.297 ], [ 507466.925999999977648, 5398897.5, 458.295 ], [ 507466.994, 5398898.5, 458.292 ], [ 507467.061999999976251, 5398899.5, 458.293 ], [ 507467.129000000015367, 5398900.5, 458.298 ], [ 507467.196999999985565, 5398901.5, 458.3 ], [ 507467.26500000001397, 5398902.5, 458.298 ], [ 507467.332, 5398903.5, 458.295 ], [ 507467.400000000023283, 5398904.5, 458.291 ], [ 507467.468, 5398905.5, 458.293 ], [ 507467.5, 5398905.979000000283122, 458.293 ], [ 507467.534999999974389, 5398906.5, 458.294 ], [ 507467.603, 5398907.5, 458.291 ], [ 507467.670999999972992, 5398908.5, 458.29 ], [ 507467.738000000012107, 5398909.5, 458.287 ], [ 507467.805999999982305, 5398910.5, 458.283 ], [ 507467.87400000001071, 5398911.5, 458.286 ], [ 507467.900000000023283, 5398911.889999999664724, 458.285 ], [ 507467.5, 5398911.917999999597669, 458.295 ], [ 507466.5, 5398911.985999999567866, 458.307 ], [ 507465.5, 5398912.054999999701977, 458.308 ], [ 507464.5, 5398912.123999999836087, 458.304 ], [ 507463.5, 5398912.193, 458.298 ], [ 507462.5, 5398912.262000000104308, 458.29 ], [ 507461.5, 5398912.331000000238419, 458.283 ], [ 507460.5, 5398912.400000000372529, 458.267 ], [ 507460.441, 5398911.5, 458.263 ], [ 507460.409999999974389, 5398911.03000000026077, 458.27 ], [ 507459.5, 5398911.091, 458.263 ], [ 507458.5, 5398911.156999999657273, 458.255 ], [ 507458.159999999974389, 5398911.179999999701977, 458.246 ], [ 507458.113000000012107, 5398910.5, 458.257 ], [ 507458.044999999983702, 5398909.5, 458.271 ], [ 507457.977000000013504, 5398908.5, 458.276 ], [ 507457.908, 5398907.5, 458.284 ], [ 507457.840000000025611, 5398906.5, 458.289 ], [ 507457.799999999988358, 5398905.92, 458.294 ] ] ] } },
{ "type": "Feature", "properties": { "fid": 1080, "gml_id": "DEBW_5221000Qhvc", "creationDate": "2025-01-08", "informationSystem": "http://repository.gdi-de.org/schemas/adv/citygml/fdv/art.htm#_9100", "name": "DEBWL5221000Qhvc", "Gemeindeschluessel": "08111000", "Geometrietyp2DReferenz": 3000, "DatenquelleDachhoehe": [ 1000 ], "Grundrissaktualitaet": "2024-04-01", "DatenquelleBodenhoehe": [ 1100 ], "DatenquelleLage": [ 1000 ], "function": "31001_1010", "roofType": 1000, "measuredHeight": 8.42, "measuredHeight_uom": "urn:adv:uom:m", "CountryName": "Germany", "LocalityName": "Stuttgart", "ThoroughfareName": "Allmandring", "consistsOfBuildingPart|BuildingPart|creationDate": null, "consistsOfBuildingPart|BuildingPart|roofType": null, "consistsOfBuildingPart|BuildingPart|measuredHeight": null, "consistsOfBuildingPart|BuildingPart|measuredHeight_uom": null, "ThoroughfareNumber": "3F, null", "name_": null }, "geometry": { "type": "MultiLineString", "coordinates": [ [ [ 507417.26, 5398863.519999999552965, 458.379 ], [ 507417.5, 5398863.502999999560416, 458.383 ], [ 507417.549999999988358, 5398863.5, 458.383 ], [ 507418.5, 5398863.434000000357628, 458.385 ], [ 507419.5, 5398863.365000000223517, 458.384 ], [ 507420.5, 5398863.296, 458.384 ], [ 507421.5, 5398863.227, 458.386 ], [ 507422.5, 5398863.157999999821186, 458.387 ], [ 507423.5, 5398863.088999999687076, 458.388 ], [ 507424.5, 5398863.019999999552965, 458.392 ], [ 507424.650000000023283, 5398863.009999999776483, 458.393 ], [ 507424.684, 5398863.5, 458.405 ], [ 507424.75199999997858, 5398864.5, 458.409 ], [ 507424.82, 5398865.5, 458.402 ], [ 507424.88900000002468, 5398866.5, 458.398 ], [ 507424.957, 5398867.5, 458.399 ], [ 507425.026000000012573, 5398868.5, 458.397 ], [ 507425.093999999982771, 5398869.5, 458.389 ], [ 507425.162000000011176, 5398870.5, 458.392 ], [ 507425.231000000028871, 5398871.5, 458.399 ], [ 507425.299, 5398872.5, 458.398 ], [ 507425.368000000016764, 5398873.5, 458.401 ], [ 507425.435999999986961, 5398874.5, 458.398 ], [ 507425.5, 5398875.435999999754131, 458.384 ], [ 507425.504000000015367, 5398875.5, 458.383 ], [ 507425.572999999974854, 5398876.5, 458.384 ], [ 507425.641, 5398877.5, 458.393 ], [ 507425.710000000020955, 5398878.5, 458.392 ], [ 507425.778, 5398879.5, 458.383 ], [ 507425.846000000019558, 5398880.5, 458.375 ], [ 507425.914999999979045, 5398881.5, 458.363 ], [ 507425.983, 5398882.5, 458.356 ], [ 507426.052000000025146, 5398883.5, 458.364 ], [ 507426.12, 5398884.5, 458.365 ], [ 507426.188000000023749, 5398885.5, 458.36 ], [ 507426.256999999983236, 5398886.5, 458.36 ], [ 507426.325000000011642, 5398887.5, 458.353 ], [ 507426.393999999971129, 5398888.5, 458.354 ], [ 507426.409999999974389, 5398888.740000000223517, 458.355 ], [ 507425.5, 5398888.803000000305474, 458.355 ], [ 507424.5, 5398888.872000000439584, 458.356 ], [ 507423.5, 5398888.940999999642372, 458.36 ], [ 507422.5, 5398889.009999999776483, 458.365 ], [ 507421.5, 5398889.079, 458.371 ], [ 507420.5, 5398889.148, 458.38 ], [ 507419.5, 5398889.217000000178814, 458.387 ], [ 507419.020000000018626, 5398889.25, 458.388 ], [ 507418.971000000019558, 5398888.5, 458.383 ], [ 507418.94, 5398888.019999999552965, 458.377 ], [ 507418.5, 5398888.048999999649823, 458.378 ], [ 507417.5, 5398888.11600000038743, 458.392 ], [ 507416.69, 5398888.17, 458.396 ], [ 507416.643999999971129, 5398887.5, 458.396 ], [ 507416.576, 5398886.5, 458.393 ], [ 507416.507999999972526, 5398885.5, 458.397 ], [ 507416.5, 5398885.389000000432134, 458.398 ], [ 507416.439000000013039, 5398884.5, 458.386 ], [ 507416.370999999984633, 5398883.5, 458.382 ], [ 507416.330000000016298, 5398882.900000000372529, 458.381 ], [ 507416.5, 5398882.889000000432134, 458.395 ], [ 507417.5, 5398882.821999999694526, 458.383 ], [ 507418.5, 5398882.754999999888241, 458.363 ], [ 507418.580000000016298, 5398882.75, 458.362 ], [ 507418.563000000023749, 5398882.5, 458.361 ], [ 507418.5, 5398881.581000000238419, 458.359 ], [ 507418.494, 5398881.5, 458.358 ], [ 507418.425999999977648, 5398880.5, 458.363 ], [ 507418.358, 5398879.5, 458.367 ], [ 507418.288999999989755, 5398878.5, 458.368 ], [ 507418.221000000019558, 5398877.5, 458.368 ], [ 507418.152, 5398876.5, 458.368 ], [ 507418.083999999973457, 5398875.5, 458.368 ], [ 507418.06, 5398875.150000000372529, 458.368 ], [ 507417.5, 5398875.190000000409782, 458.367 ], [ 507416.5, 5398875.261, 458.364 ], [ 507415.81, 5398875.309999999590218, 458.363 ], [ 507415.755, 5398874.5, 458.36 ], [ 507415.686999999976251, 5398873.5, 458.362 ], [ 507415.618000000016764, 5398872.5, 458.37 ], [ 507415.549999999988358, 5398871.5, 458.37 ], [ 507415.5, 5398870.763000000268221, 458.371 ], [ 507415.482000000018161, 5398870.5, 458.368 ], [ 507415.450000000011642, 5398870.03000000026077, 458.369 ], [ 507415.5, 5398870.026999999769032, 458.375 ], [ 507416.5, 5398869.96, 458.384 ], [ 507417.5, 5398869.893000000156462, 458.386 ], [ 507417.700000000011642, 5398869.879999999888241, 458.386 ], [ 507417.674, 5398869.5, 458.388 ], [ 507417.604999999981374, 5398868.5, 458.388 ], [ 507417.534999999974389, 5398867.5, 458.387 ], [ 507417.5, 5398866.989, 458.387 ], [ 507417.466000000014901, 5398866.5, 458.388 ], [ 507417.397, 5398865.5, 458.385 ], [ 507417.327999999979511, 5398864.5, 458.379 ], [ 507417.26, 5398863.519999999552965, 458.379 ] ] ] } },
{ "type": "Feature", "properties": { "fid": 1089, "gml_id": "DEBW_5221000Qfxr", "creationDate": "2025-01-08", "informationSystem": "http://repository.gdi-de.org/schemas/adv/citygml/fdv/art.htm#_9100", "name": "DEBWL5221000Qfxr", "Gemeindeschluessel": "08111000", "Geometrietyp2DReferenz": 3000, "DatenquelleDachhoehe": [ 1000 ], "Grundrissaktualitaet": "2024-04-01", "DatenquelleBodenhoehe": [ 1100 ], "DatenquelleLage": [ 1000 ], "function": "31001_1010", "roofType": 5000, "measuredHeight": 10.111, "measuredHeight_uom": "urn:adv:uom:m", "CountryName": "Germany", "LocalityName": "Stuttgart", "ThoroughfareName": "Universitätsstraße", "consistsOfBuildingPart|BuildingPart|creationDate": null, "consistsOfBuildingPart|BuildingPart|roofType": null, "consistsOfBuildingPart|BuildingPart|measuredHeight": null, "consistsOfBuildingPart|BuildingPart|measuredHeight_uom": null, "ThoroughfareNumber": "98A, null", "name_": null }, "geometry": { "type": "MultiLineString", "coordinates": [ [ [ 507515.960000000020955, 5398762.950000000186265, 457.512 ], [ 507515.995, 5398763.5, 457.519 ], [ 507516.058000000019092, 5398764.5, 457.511 ], [ 507516.120999999984633, 5398765.5, 457.495 ], [ 507516.184, 5398766.5, 457.476 ], [ 507516.246999999973923, 5398767.5, 457.455 ], [ 507516.31, 5398768.5, 457.437 ], [ 507516.37300000002142, 5398769.5, 457.419 ], [ 507516.435999999986961, 5398770.5, 457.402 ], [ 507516.49900000001071, 5398771.5, 457.386 ], [ 507516.5, 5398771.517, 457.386 ], [ 507516.561999999976251, 5398772.5, 457.373 ], [ 507516.625, 5398773.5, 457.365 ], [ 507516.63, 5398773.58, 457.365 ], [ 507516.5, 5398773.588999999687076, 457.366 ], [ 507515.5, 5398773.659, 457.368 ], [ 507514.5, 5398773.729000000283122, 457.37 ], [ 507513.5, 5398773.798999999649823, 457.378 ], [ 507512.5, 5398773.869, 457.387 ], [ 507512.479999999981374, 5398773.870000000111759, 457.389 ], [ 507512.5, 5398774.142, 457.386 ], [ 507512.526000000012573, 5398774.5, 457.383 ], [ 507512.56, 5398774.96, 457.383 ], [ 507512.5, 5398775.029, 457.384 ], [ 507512.088999999978114, 5398775.5, 457.397 ], [ 507511.74, 5398775.900000000372529, 457.413 ], [ 507511.5, 5398775.916000000201166, 457.419 ], [ 507510.659999999974389, 5398775.96999999973923, 457.44 ], [ 507510.696999999985565, 5398776.5, 457.467 ], [ 507510.767, 5398777.5, 457.521 ], [ 507510.836000000010245, 5398778.5, 457.536 ], [ 507510.906000000017229, 5398779.5, 457.512 ], [ 507510.94, 5398779.990000000223517, 457.503 ], [ 507510.5, 5398780.019999999552965, 457.499 ], [ 507509.5, 5398780.088000000454485, 457.458 ], [ 507508.5, 5398780.156000000424683, 457.421 ], [ 507507.5, 5398780.224999999627471, 457.396 ], [ 507506.5, 5398780.292999999597669, 457.391 ], [ 507505.5, 5398780.360999999567866, 457.384 ], [ 507504.5, 5398780.428999999538064, 457.368 ], [ 507504.340000000025611, 5398780.440000000409782, 457.362 ], [ 507504.276000000012573, 5398779.5, 457.364 ], [ 507504.207999999984168, 5398778.5, 457.374 ], [ 507504.14000000001397, 5398777.5, 457.387 ], [ 507504.072999999974854, 5398776.5, 457.399 ], [ 507504.005, 5398775.5, 457.407 ], [ 507503.936999999976251, 5398774.5, 457.414 ], [ 507503.869, 5398773.5, 457.42 ], [ 507503.800999999977648, 5398772.5, 457.425 ], [ 507503.733, 5398771.5, 457.43 ], [ 507503.664999999979045, 5398770.5, 457.435 ], [ 507503.597, 5398769.5, 457.437 ], [ 507503.528999999980442, 5398768.5, 457.435 ], [ 507503.5, 5398768.066999999806285, 457.432 ], [ 507503.462, 5398767.5, 457.429 ], [ 507503.450000000011642, 5398767.33, 457.428 ], [ 507503.5, 5398767.326999999582767, 457.427 ], [ 507504.5, 5398767.25899999961257, 457.436 ], [ 507505.5, 5398767.191999999806285, 457.448 ], [ 507506.5, 5398767.123999999836087, 457.452 ], [ 507507.5, 5398767.057, 457.443 ], [ 507508.5, 5398766.990000000223517, 457.429 ], [ 507509.5, 5398766.92200000025332, 457.426 ], [ 507509.68, 5398766.910000000149012, 457.427 ], [ 507509.651000000012573, 5398766.5, 457.427 ], [ 507509.579000000027008, 5398765.5, 457.434 ], [ 507509.506999999983236, 5398764.5, 457.45 ], [ 507509.5, 5398764.404, 457.458 ], [ 507509.435, 5398763.5, 457.463 ], [ 507509.43, 5398763.429999999701977, 457.468 ], [ 507509.5, 5398763.424999999813735, 457.477 ], [ 507510.5, 5398763.350999999791384, 457.504 ], [ 507511.5, 5398763.278, 457.516 ], [ 507512.5, 5398763.204, 457.524 ], [ 507513.5, 5398763.131, 457.528 ], [ 507514.5, 5398763.057, 457.526 ], [ 507515.5, 5398762.984000000171363, 457.518 ], [ 507515.960000000020955, 5398762.950000000186265, 457.512 ] ] ] } },
{ "type": "Feature", "properties": { "fid": 1100, "gml_id": "DEBW_5221000Qhr8", "creationDate": "2025-01-08", "informationSystem": "http://repository.gdi-de.org/schemas/adv/citygml/fdv/art.htm#_9100", "name": "DEBWL5221000Qhr8", "Gemeindeschluessel": "08111000", "Geometrietyp2DReferenz": 3000, "DatenquelleDachhoehe": [ 1000 ], "Grundrissaktualitaet": "2024-04-01", "DatenquelleBodenhoehe": [ 1100 ], "DatenquelleLage": [ 1000 ], "function": "31001_1010", "roofType": 1000, "measuredHeight": 8.478, "measuredHeight_uom": "urn:adv:uom:m", "CountryName": "Germany", "LocalityName": "Stuttgart", "ThoroughfareName": "Allmandring", "consistsOfBuildingPart|BuildingPart|creationDate": null, "consistsOfBuildingPart|BuildingPart|roofType": null, "consistsOfBuildingPart|BuildingPart|measuredHeight": null, "consistsOfBuildingPart|BuildingPart|measuredHeight_uom": null, "ThoroughfareNumber": "3D, null", "name_": null }, "geometry": { "type": "MultiLineString", "coordinates": [ [ [ 507456.96999999997206, 5398860.660000000149012, 458.267 ], [ 507457.5, 5398860.625, 458.272 ], [ 507458.5, 5398860.559000000357628, 458.278 ], [ 507459.392999999981839, 5398860.5, 458.281 ], [ 507459.5, 5398860.492999999783933, 458.277 ], [ 507460.5, 5398860.427000000141561, 458.278 ], [ 507461.5, 5398860.360999999567866, 458.275 ], [ 507462.5, 5398860.295, 458.267 ], [ 507463.5, 5398860.229000000283122, 458.24 ], [ 507464.39000000001397, 5398860.17, 458.217 ], [ 507464.412000000011176, 5398860.5, 458.219 ], [ 507464.481000000028871, 5398861.5, 458.216 ], [ 507464.5, 5398861.786000000312924, 458.21 ], [ 507464.549, 5398862.5, 458.212 ], [ 507464.617000000027474, 5398863.5, 458.224 ], [ 507464.685, 5398864.5, 458.238 ], [ 507464.753000000026077, 5398865.5, 458.24 ], [ 507464.821, 5398866.5, 458.238 ], [ 507464.88900000002468, 5398867.5, 458.241 ], [ 507464.957, 5398868.5, 458.247 ], [ 507465.025000000023283, 5398869.5, 458.258 ], [ 507465.093, 5398870.5, 458.262 ], [ 507465.161000000021886, 5398871.5, 458.262 ], [ 507465.229, 5398872.5, 458.254 ], [ 507465.297000000020489, 5398873.5, 458.25 ], [ 507465.365, 5398874.5, 458.251 ], [ 507465.433000000019092, 5398875.5, 458.258 ], [ 507465.5, 5398876.479000000283122, 458.254 ], [ 507465.50099999998929, 5398876.5, 458.254 ], [ 507465.569000000017695, 5398877.5, 458.256 ], [ 507465.637999999977183, 5398878.5, 458.264 ], [ 507465.706, 5398879.5, 458.267 ], [ 507465.773999999975786, 5398880.5, 458.261 ], [ 507465.842, 5398881.5, 458.265 ], [ 507465.909999999974389, 5398882.5, 458.271 ], [ 507465.978, 5398883.5, 458.275 ], [ 507466.045999999972992, 5398884.5, 458.275 ], [ 507466.114, 5398885.5, 458.272 ], [ 507466.150000000023283, 5398886.03000000026077, 458.273 ], [ 507465.5, 5398886.074, 458.277 ], [ 507464.5, 5398886.140999999828637, 458.289 ], [ 507463.5, 5398886.208999999798834, 458.296 ], [ 507462.5, 5398886.275999999605119, 458.298 ], [ 507461.5, 5398886.343999999575317, 458.299 ], [ 507460.5, 5398886.411000000312924, 458.3 ], [ 507459.5, 5398886.479000000283122, 458.303 ], [ 507459.185, 5398886.5, 458.303 ], [ 507458.74, 5398886.53000000026077, 458.302 ], [ 507458.738000000012107, 5398886.5, 458.302 ], [ 507458.664999999979045, 5398885.5, 458.304 ], [ 507458.650000000023283, 5398885.29, 458.303 ], [ 507458.5, 5398885.299999999813735, 458.303 ], [ 507457.5, 5398885.36699999962002, 458.309 ], [ 507456.5, 5398885.434000000357628, 458.307 ], [ 507456.409999999974389, 5398885.440000000409782, 458.294 ], [ 507456.346000000019558, 5398884.5, 458.297 ], [ 507456.277, 5398883.5, 458.292 ], [ 507456.208999999973457, 5398882.5, 458.292 ], [ 507456.14000000001397, 5398881.5, 458.295 ], [ 507456.071999999985565, 5398880.5, 458.294 ], [ 507456.049999999988358, 5398880.179999999701977, 458.291 ], [ 507456.5, 5398880.148, 458.304 ], [ 507457.5, 5398880.076000000350177, 458.312 ], [ 507458.289999999979045, 5398880.019999999552965, 458.312 ], [ 507458.255, 5398879.5, 458.311 ], [ 507458.188000000023749, 5398878.5, 458.298 ], [ 507458.120999999984633, 5398877.5, 458.288 ], [ 507458.053000000014435, 5398876.5, 458.287 ], [ 507457.98599999997532, 5398875.5, 458.287 ], [ 507457.919, 5398874.5, 458.282 ], [ 507457.852000000013504, 5398873.5, 458.283 ], [ 507457.784999999974389, 5398872.5, 458.29 ], [ 507457.78000000002794, 5398872.429999999701977, 458.291 ], [ 507457.5, 5398872.449, 458.292 ], [ 507456.729999999981374, 5398872.5, 458.291 ], [ 507456.5, 5398872.514999999664724, 458.291 ], [ 507455.53000000002794, 5398872.58, 458.287 ], [ 507455.525000000023283, 5398872.5, 458.287 ], [ 507455.5, 5398872.139999999664724, 458.291 ], [ 507455.456, 5398871.5, 458.292 ], [ 507455.387999999977183, 5398870.5, 458.292 ], [ 507455.32, 5398869.5, 458.289 ], [ 507455.25199999997858, 5398868.5, 458.29 ], [ 507455.184, 5398867.5, 458.29 ], [ 507455.169999999983702, 5398867.299999999813735, 458.289 ], [ 507455.5, 5398867.278, 458.296 ], [ 507456.5, 5398867.21100000012666, 458.317 ], [ 507457.419999999983702, 5398867.150000000372529, 458.329 ], [ 507457.375, 5398866.5, 458.33 ], [ 507457.305999999982305, 5398865.5, 458.323 ], [ 507457.23599999997532, 5398864.5, 458.311 ], [ 507457.167000000015832, 5398863.5, 458.301 ], [ 507457.098, 5398862.5, 458.286 ], [ 507457.028, 5398861.5, 458.274 ], [ 507456.96999999997206, 5398860.660000000149012, 458.267 ] ] ] } },
{ "type": "Feature", "properties": { "fid": 1127, "gml_id": "DEBW_5221000Qw5v", "creationDate": "2025-01-08", "informationSystem": "http://repository.gdi-de.org/schemas/adv/citygml/fdv/art.htm#_9100", "name": "DEBWL5221000Qw5v", "Gemeindeschluessel": "08111000", "Geometrietyp2DReferenz": 3000, "DatenquelleDachhoehe": [ 1000 ], "Grundrissaktualitaet": "2024-04-01", "DatenquelleBodenhoehe": [ 1100 ], "DatenquelleLage": [ 1000 ], "function": "31001_3024", "roofType": 1000, "measuredHeight": 11.642, "measuredHeight_uom": "urn:adv:uom:m", "CountryName": "Germany", "LocalityName": "Stuttgart", "ThoroughfareName": "Allmandring", "consistsOfBuildingPart|BuildingPart|creationDate": null, "consistsOfBuildingPart|BuildingPart|roofType": null, "consistsOfBuildingPart|BuildingPart|measuredHeight": null, "consistsOfBuildingPart|BuildingPart|measuredHeight_uom": null, "ThoroughfareNumber": "7B, null", "name_": null }, "geometry": { "type": "MultiLineString", "coordinates": [ [ [ 507276.18, 5398962.089999999850988, 457.202 ], [ 507276.14000000001397, 5398961.5, 457.172 ], [ 507276.071, 5398960.5, 457.18 ], [ 507276.00199999997858, 5398959.5, 457.179 ], [ 507275.934, 5398958.5, 457.182 ], [ 507275.865, 5398957.5, 457.182 ], [ 507275.795999999972992, 5398956.5, 457.179 ], [ 507275.728, 5398955.5, 457.176 ], [ 507275.658999999985099, 5398954.5, 457.172 ], [ 507275.590000000025611, 5398953.5, 457.165 ], [ 507275.522, 5398952.5, 457.162 ], [ 507275.5, 5398952.183000000193715, 457.164 ], [ 507275.452999999979511, 5398951.5, 457.166 ], [ 507275.384000000020023, 5398950.5, 457.176 ], [ 507275.316, 5398949.5, 457.183 ], [ 507275.246999999973923, 5398948.5, 457.186 ], [ 507275.179, 5398947.5, 457.188 ], [ 507275.10999999998603, 5398946.5, 457.189 ], [ 507275.041000000026543, 5398945.5, 457.187 ], [ 507274.973, 5398944.5, 457.185 ], [ 507274.903999999980442, 5398943.5, 457.179 ], [ 507274.835000000020955, 5398942.5, 457.176 ], [ 507274.767, 5398941.5, 457.176 ], [ 507274.697999999974854, 5398940.5, 457.175 ], [ 507274.629000000015367, 5398939.5, 457.175 ], [ 507274.560999999986961, 5398938.5, 457.175 ], [ 507274.5, 5398937.614, 457.17 ], [ 507274.492000000027474, 5398937.5, 457.168 ], [ 507274.424, 5398936.5, 457.165 ], [ 507274.354999999981374, 5398935.5, 457.165 ], [ 507274.286000000021886, 5398934.5, 457.161 ], [ 507274.229999999981374, 5398933.679999999701977, 457.16 ], [ 507274.218, 5398933.5, 457.16 ], [ 507274.147999999986496, 5398932.5, 457.166 ], [ 507274.079000000027008, 5398931.5, 457.178 ], [ 507274.01, 5398930.5, 457.195 ], [ 507273.941, 5398929.5, 457.209 ], [ 507273.870999999984633, 5398928.5, 457.207 ], [ 507273.802000000025146, 5398927.5, 457.176 ], [ 507273.733, 5398926.5, 457.138 ], [ 507273.710000000020955, 5398926.17, 457.142 ], [ 507274.5, 5398926.11600000038743, 457.142 ], [ 507275.5, 5398926.04700000025332, 457.138 ], [ 507276.5, 5398925.978000000119209, 457.127 ], [ 507277.5, 5398925.910000000149012, 457.115 ], [ 507278.5, 5398925.841, 457.105 ], [ 507279.5, 5398925.771999999880791, 457.093 ], [ 507280.5, 5398925.70299999974668, 457.083 ], [ 507281.5, 5398925.634999999776483, 457.073 ], [ 507282.5, 5398925.565999999642372, 457.076 ], [ 507283.457999999984168, 5398925.5, 457.089 ], [ 507283.5, 5398925.497000000439584, 457.103 ], [ 507284.5, 5398925.428000000305474, 457.115 ], [ 507285.5, 5398925.360000000335276, 457.116 ], [ 507286.5, 5398925.291000000201166, 457.111 ], [ 507287.5, 5398925.222, 457.119 ], [ 507288.5, 5398925.153, 457.125 ], [ 507289.5, 5398925.085, 457.127 ], [ 507290.5, 5398925.015999999828637, 457.131 ], [ 507291.5, 5398924.946999999694526, 457.135 ], [ 507292.5, 5398924.878999999724329, 457.138 ], [ 507293.5, 5398924.809999999590218, 457.139 ], [ 507294.5, 5398924.74100000038743, 457.142 ], [ 507295.5, 5398924.67200000025332, 457.14 ], [ 507296.5, 5398924.604000000283122, 457.177 ], [ 507297.5, 5398924.535000000149012, 457.241 ], [ 507298.006999999983236, 5398924.5, 457.251 ], [ 507298.5, 5398924.466, 457.251 ], [ 507299.5, 5398924.396999999880791, 457.26 ], [ 507300.5, 5398924.329, 457.279 ], [ 507301.5, 5398924.259999999776483, 457.257 ], [ 507302.5, 5398924.190999999642372, 457.213 ], [ 507303.5, 5398924.122000000439584, 457.181 ], [ 507304.5, 5398924.053999999538064, 457.165 ], [ 507305.5, 5398923.985000000335276, 457.169 ], [ 507306.5, 5398923.916000000201166, 457.171 ], [ 507307.5, 5398923.848000000230968, 457.174 ], [ 507308.5, 5398923.779, 457.19 ], [ 507309.5, 5398923.71, 457.268 ], [ 507310.5, 5398923.640999999828637, 457.311 ], [ 507311.5, 5398923.572999999858439, 457.285 ], [ 507312.5, 5398923.503999999724329, 457.252 ], [ 507312.556999999971595, 5398923.5, 457.251 ], [ 507313.5, 5398923.434999999590218, 457.208 ], [ 507314.5, 5398923.36600000038743, 457.184 ], [ 507315.03000000002794, 5398923.33, 457.163 ], [ 507315.042000000015832, 5398923.5, 457.191 ], [ 507315.10999999998603, 5398924.5, 457.233 ], [ 507315.179, 5398925.5, 457.226 ], [ 507315.246999999973923, 5398926.5, 457.218 ], [ 507315.315, 5398927.5, 457.213 ], [ 507315.384000000020023, 5398928.5, 457.22 ], [ 507315.452, 5398929.5, 457.216 ], [ 507315.5, 5398930.196999999694526, 457.185 ], [ 507315.521, 5398930.5, 457.185 ], [ 507315.588999999978114, 5398931.5, 457.18 ], [ 507315.658, 5398932.5, 457.183 ], [ 507315.726000000024214, 5398933.5, 457.193 ], [ 507315.794999999983702, 5398934.5, 457.202 ], [ 507315.863000000012107, 5398935.5, 457.205 ], [ 507315.930999999982305, 5398936.5, 457.208 ], [ 507316.0, 5398937.5, 457.21 ], [ 507316.068000000028405, 5398938.5, 457.214 ], [ 507316.136999999987893, 5398939.5, 457.223 ], [ 507316.205000000016298, 5398940.5, 457.225 ], [ 507316.273999999975786, 5398941.5, 457.226 ], [ 507316.342, 5398942.5, 457.219 ], [ 507316.411000000021886, 5398943.5, 457.208 ], [ 507316.479, 5398944.5, 457.2 ], [ 507316.5, 5398944.80599999986589, 457.188 ], [ 507316.547000000020489, 5398945.5, 457.195 ], [ 507316.615999999979977, 5398946.5, 457.208 ], [ 507316.684, 5398947.5, 457.208 ], [ 507316.753000000026077, 5398948.5, 457.207 ], [ 507316.821, 5398949.5, 457.214 ], [ 507316.89000000001397, 5398950.5, 457.217 ], [ 507316.957999999984168, 5398951.5, 457.213 ], [ 507317.027, 5398952.5, 457.213 ], [ 507317.09499999997206, 5398953.5, 457.217 ], [ 507317.163999999989755, 5398954.5, 457.225 ], [ 507317.232000000018161, 5398955.5, 457.232 ], [ 507317.299999999988358, 5398956.5, 457.232 ], [ 507317.369, 5398957.5, 457.253 ], [ 507317.436999999976251, 5398958.5, 457.232 ], [ 507317.49, 5398959.269999999552965, 457.223 ], [ 507316.5, 5398959.338000000454485, 457.256 ], [ 507315.5, 5398959.406000000424683, 457.263 ], [ 507314.5, 5398959.474000000394881, 457.288 ], [ 507314.120999999984633, 5398959.5, 457.305 ], [ 507313.5, 5398959.542000000365078, 457.323 ], [ 507312.5, 5398959.610999999567866, 457.323 ], [ 507311.5, 5398959.678999999538064, 457.308 ], [ 507310.5, 5398959.747000000439584, 457.3 ], [ 507309.5, 5398959.815000000409782, 457.298 ], [ 507308.5, 5398959.88399999961257, 457.297 ], [ 507307.5, 5398959.951999999582767, 457.305 ], [ 507306.5, 5398960.019999999552965, 457.313 ], [ 507305.5, 5398960.088000000454485, 457.301 ], [ 507304.5, 5398960.156999999657273, 457.278 ], [ 507303.5, 5398960.224999999627471, 457.23 ], [ 507302.5, 5398960.292999999597669, 457.15 ], [ 507301.5, 5398960.361999999731779, 457.108 ], [ 507300.5, 5398960.429999999701977, 457.124 ], [ 507299.5, 5398960.497999999672174, 457.156 ], [ 507299.472, 5398960.5, 457.162 ], [ 507298.5, 5398960.565999999642372, 457.178 ], [ 507297.5, 5398960.634999999776483, 457.191 ], [ 507296.5, 5398960.70299999974668, 457.196 ], [ 507295.5, 5398960.770999999716878, 457.194 ], [ 507294.5, 5398960.838999999687076, 457.194 ], [ 507293.5, 5398960.907999999821186, 457.2 ], [ 507292.5, 5398960.975999999791384, 457.194 ], [ 507291.5, 5398961.043999999761581, 457.177 ], [ 507290.5, 5398961.111999999731779, 457.178 ], [ 507289.5, 5398961.18099999986589, 457.187 ], [ 507288.5, 5398961.248999999836087, 457.18 ], [ 507287.5, 5398961.316999999806285, 457.199 ], [ 507286.5, 5398961.386, 457.267 ], [ 507285.5, 5398961.454, 457.332 ], [ 507284.822999999974854, 5398961.5, 457.343 ], [ 507284.5, 5398961.521999999880791, 457.345 ], [ 507283.5, 5398961.589999999850988, 457.348 ], [ 507282.5, 5398961.659, 457.334 ], [ 507281.5, 5398961.727, 457.278 ], [ 507280.5, 5398961.795, 457.228 ], [ 507279.5, 5398961.862999999895692, 457.219 ], [ 507278.5, 5398961.932, 457.216 ], [ 507277.5, 5398962.0, 457.204 ], [ 507276.5, 5398962.068, 457.196 ], [ 507276.18, 5398962.089999999850988, 457.202 ] ] ] } },
{ "type": "Feature", "properties": { "fid": 1147, "gml_id": "DEBW_5221000QwtV", "creationDate": "2025-01-08", "informationSystem": "http://repository.gdi-de.org/schemas/adv/citygml/fdv/art.htm#_9100", "name": "DEBWL5221000QwtV", "Gemeindeschluessel": "08111000", "Geometrietyp2DReferenz": 3000, "DatenquelleDachhoehe": [ 1000 ], "Grundrissaktualitaet": "2024-04-01", "DatenquelleBodenhoehe": [ 1100 ], "DatenquelleLage": [ 1000 ], "function": "31001_2081", "roofType": 5000, "measuredHeight": 5.382, "measuredHeight_uom": "urn:adv:uom:m", "CountryName": "Germany", "LocalityName": "Stuttgart", "ThoroughfareName": "Allmandring", "consistsOfBuildingPart|BuildingPart|creationDate": null, "consistsOfBuildingPart|BuildingPart|roofType": null, "consistsOfBuildingPart|BuildingPart|measuredHeight": null, "consistsOfBuildingPart|BuildingPart|measuredHeight_uom": null, "ThoroughfareNumber": "17, null", "name_": null }, "geometry": { "type": "MultiLineString", "coordinates": [ [ [ 507153.07, 5398915.839999999850988, 458.235 ], [ 507153.049999999988358, 5398915.5, 458.248 ], [ 507152.99, 5398914.5, 458.276 ], [ 507152.93, 5398913.5, 458.297 ], [ 507152.919999999983702, 5398913.339999999850988, 458.299 ], [ 507152.5, 5398913.36699999962002, 458.299 ], [ 507151.5, 5398913.43099999986589, 458.289 ], [ 507150.5, 5398913.496000000275671, 458.254 ], [ 507150.43, 5398913.5, 458.247 ], [ 507150.365, 5398912.5, 458.243 ], [ 507150.299, 5398911.5, 458.252 ], [ 507150.234, 5398910.5, 458.255 ], [ 507150.169, 5398909.5, 458.253 ], [ 507150.104, 5398908.5, 458.25 ], [ 507150.038, 5398907.5, 458.246 ], [ 507149.973, 5398906.5, 458.243 ], [ 507149.908, 5398905.5, 458.247 ], [ 507149.843, 5398904.5, 458.248 ], [ 507149.777, 5398903.5, 458.254 ], [ 507149.75, 5398903.08, 458.254 ], [ 507150.5, 5398903.031999999657273, 458.28 ], [ 507151.5, 5398902.968000000342727, 458.309 ], [ 507151.789999999979045, 5398902.950000000186265, 458.315 ], [ 507152.5, 5398902.903, 458.333 ], [ 507153.5, 5398902.83600000012666, 458.346 ], [ 507154.5, 5398902.769000000320375, 458.351 ], [ 507154.78000000002794, 5398902.75, 458.352 ], [ 507154.762999999977183, 5398902.5, 458.355 ], [ 507154.696, 5398901.5, 458.37 ], [ 507154.628000000026077, 5398900.5, 458.376 ], [ 507154.560999999986961, 5398899.5, 458.372 ], [ 507154.53000000002794, 5398899.04, 458.368 ], [ 507155.5, 5398899.004999999888241, 458.375 ], [ 507156.5, 5398898.968999999575317, 458.378 ], [ 507157.020000000018626, 5398898.950000000186265, 458.377 ], [ 507156.989, 5398898.5, 458.377 ], [ 507156.93, 5398897.629999999888241, 458.375 ], [ 507157.5, 5398897.605000000447035, 458.372 ], [ 507158.5, 5398897.560999999754131, 458.363 ], [ 507159.44, 5398897.519999999552965, 458.357 ], [ 507159.439000000013039, 5398897.5, 458.357 ], [ 507159.37699999997858, 5398896.5, 458.342 ], [ 507159.35999999998603, 5398896.21999999973923, 458.333 ], [ 507159.5, 5398896.21, 458.333 ], [ 507160.5, 5398896.139999999664724, 458.335 ], [ 507161.5, 5398896.070000000298023, 458.336 ], [ 507162.21999999997206, 5398896.019999999552965, 458.334 ], [ 507162.25199999997858, 5398896.5, 458.344 ], [ 507162.319000000017695, 5398897.5, 458.357 ], [ 507162.385, 5398898.5, 458.361 ], [ 507162.39000000001397, 5398898.570000000298023, 458.361 ], [ 507162.5, 5398898.563, 458.36 ], [ 507163.5, 5398898.501000000163913, 458.357 ], [ 507163.51500000001397, 5398898.5, 458.357 ], [ 507164.479999999981374, 5398898.440000000409782, 458.353 ], [ 507164.423, 5398897.5, 458.351 ], [ 507164.400000000023283, 5398897.120000000111759, 458.345 ], [ 507164.5, 5398897.114, 458.342 ], [ 507165.5, 5398897.048999999649823, 458.332 ], [ 507166.5, 5398896.984000000171363, 458.323 ], [ 507167.5, 5398896.918999999761581, 458.32 ], [ 507168.5, 5398896.854000000283122, 458.325 ], [ 507169.5, 5398896.78899999987334, 458.327 ], [ 507169.789999999979045, 5398896.769999999552965, 458.329 ], [ 507169.842, 5398897.5, 458.339 ], [ 507169.912000000011176, 5398898.5, 458.341 ], [ 507169.96999999997206, 5398899.320000000298023, 458.339 ], [ 507170.5, 5398899.273, 458.34 ], [ 507171.5, 5398899.184999999590218, 458.344 ], [ 507172.460000000020955, 5398899.099999999627471, 458.351 ], [ 507172.487000000022817, 5398899.5, 458.348 ], [ 507172.5, 5398899.700000000186265, 458.35 ], [ 507172.553000000014435, 5398900.5, 458.336 ], [ 507172.62, 5398901.5, 458.311 ], [ 507172.686999999976251, 5398902.5, 458.278 ], [ 507172.753000000026077, 5398903.5, 458.249 ], [ 507172.82, 5398904.5, 458.232 ], [ 507172.5, 5398904.525000000372529, 458.235 ], [ 507171.5, 5398904.605000000447035, 458.253 ], [ 507170.5, 5398904.684000000357628, 458.272 ], [ 507169.5, 5398904.763000000268221, 458.289 ], [ 507168.5, 5398904.842000000178814, 458.303 ], [ 507167.900000000023283, 5398904.889999999664724, 458.309 ], [ 507167.935999999986961, 5398905.5, 458.305 ], [ 507167.995999999984633, 5398906.5, 458.3 ], [ 507168.055999999982305, 5398907.5, 458.297 ], [ 507168.080000000016298, 5398907.900000000372529, 458.294 ], [ 507168.117000000027474, 5398908.5, 458.288 ], [ 507168.18, 5398909.5, 458.273 ], [ 507168.242000000027474, 5398910.5, 458.261 ], [ 507168.304, 5398911.5, 458.255 ], [ 507168.35999999998603, 5398912.400000000372529, 458.249 ], [ 507167.5, 5398912.455, 458.25 ], [ 507166.791000000026543, 5398912.5, 458.24 ], [ 507166.5, 5398912.519000000320375, 458.239 ], [ 507165.849999999976717, 5398912.559999999590218, 458.251 ], [ 507165.906000000017229, 5398913.5, 458.245 ], [ 507165.966000000014901, 5398914.5, 458.234 ], [ 507166.0, 5398915.059999999590218, 458.231 ], [ 507165.5, 5398915.089999999850988, 458.237 ], [ 507164.5, 5398915.150000000372529, 458.256 ], [ 507163.5, 5398915.21100000012666, 458.271 ], [ 507162.5, 5398915.270999999716878, 458.283 ], [ 507161.5, 5398915.331000000238419, 458.294 ], [ 507160.5, 5398915.392, 458.304 ], [ 507159.5, 5398915.451999999582767, 458.311 ], [ 507158.706, 5398915.5, 458.312 ], [ 507158.5, 5398915.512000000104308, 458.312 ], [ 507157.5, 5398915.572999999858439, 458.311 ], [ 507156.5, 5398915.63300000037998, 458.301 ], [ 507155.5, 5398915.693, 458.28 ], [ 507154.5, 5398915.753999999724329, 458.257 ], [ 507153.5, 5398915.814000000245869, 458.242 ], [ 507153.07, 5398915.839999999850988, 458.235 ] ] ] } },
{ "type": "Feature", "properties": { "fid": 1208, "gml_id": "DEBW_5221000Qhy4", "creationDate": "2025-01-08", "informationSystem": "http://repository.gdi-de.org/schemas/adv/citygml/fdv/art.htm#_9100", "name": "DEBWL5221000Qhy4", "Gemeindeschluessel": "08111000", "Geometrietyp2DReferenz": 3000, "DatenquelleDachhoehe": [ 1000 ], "Grundrissaktualitaet": "2024-04-01", "DatenquelleBodenhoehe": [ 1100 ], "DatenquelleLage": [ 1000 ], "function": "31001_3024", "roofType": 1000, "measuredHeight": 14.236, "measuredHeight_uom": "urn:adv:uom:m", "CountryName": "Germany", "LocalityName": "Stuttgart", "ThoroughfareName": "Allmandring", "consistsOfBuildingPart|BuildingPart|creationDate": null, "consistsOfBuildingPart|BuildingPart|roofType": null, "consistsOfBuildingPart|BuildingPart|measuredHeight": null, "consistsOfBuildingPart|BuildingPart|measuredHeight_uom": null, "ThoroughfareNumber": "3, null", "name_": null }, "geometry": { "type": "MultiLineString", "coordinates": [ [ [ 507430.020000000018626, 5398999.46999999973923, 452.421 ], [ 507430.5, 5398999.437, 452.634 ], [ 507431.5, 5398999.367999999783933, 453.107 ], [ 507432.5, 5398999.298999999649823, 453.262 ], [ 507433.5, 5398999.230000000447035, 453.266 ], [ 507434.5, 5398999.161000000312924, 453.211 ], [ 507435.5, 5398999.092000000178814, 453.467 ], [ 507436.5, 5398999.023, 454.263 ], [ 507437.5, 5398998.954, 455.083 ], [ 507437.700000000011642, 5398998.940000000409782, 455.181 ], [ 507438.5, 5398998.886, 455.464 ], [ 507439.5, 5398998.816999999806285, 455.512 ], [ 507440.5, 5398998.748999999836087, 455.53 ], [ 507441.5, 5398998.68099999986589, 455.587 ], [ 507442.5, 5398998.612999999895692, 455.64 ], [ 507443.5, 5398998.545, 455.699 ], [ 507444.163999999989755, 5398998.5, 455.737 ], [ 507444.5, 5398998.477, 455.792 ], [ 507445.5, 5398998.409, 455.858 ], [ 507446.5, 5398998.341, 455.923 ], [ 507447.5, 5398998.273, 455.978 ], [ 507447.69, 5398998.259999999776483, 455.984 ], [ 507448.5, 5398998.204, 456.005 ], [ 507449.5, 5398998.134999999776483, 456.011 ], [ 507450.5, 5398998.065999999642372, 456.018 ], [ 507451.5, 5398997.997999999672174, 456.019 ], [ 507452.5, 5398997.928999999538064, 455.998 ], [ 507453.5, 5398997.860000000335276, 455.972 ], [ 507454.5, 5398997.791000000201166, 455.933 ], [ 507455.5, 5398997.722, 455.901 ], [ 507456.5, 5398997.653, 455.855 ], [ 507457.5, 5398997.583999999798834, 455.794 ], [ 507458.5, 5398997.514999999664724, 455.725 ], [ 507458.721000000019558, 5398997.5, 455.703 ], [ 507459.5, 5398997.446000000461936, 455.712 ], [ 507460.5, 5398997.377000000327826, 455.343 ], [ 507461.5, 5398997.309000000357628, 453.82 ], [ 507462.5, 5398997.240000000223517, 452.733 ], [ 507462.93, 5398997.21, 453.01 ], [ 507462.949000000022352, 5398997.5, 452.432 ], [ 507463.012999999977183, 5398998.5, 452.172 ], [ 507463.077, 5398999.5, 452.157 ], [ 507463.141, 5399000.5, 452.142 ], [ 507463.205000000016298, 5399001.5, 452.138 ], [ 507463.268999999971129, 5399002.5, 452.102 ], [ 507463.333999999973457, 5399003.5, 452.111 ], [ 507463.397999999986496, 5399004.5, 452.077 ], [ 507463.462, 5399005.5, 452.042 ], [ 507463.5, 5399006.093999999575317, 452.033 ], [ 507463.526000000012573, 5399006.5, 452.022 ], [ 507463.590000000025611, 5399007.5, 452.033 ], [ 507463.653999999980442, 5399008.5, 452.052 ], [ 507463.718999999982771, 5399009.5, 452.054 ], [ 507463.783, 5399010.5, 452.062 ], [ 507463.847, 5399011.5, 452.07 ], [ 507463.911000000021886, 5399012.5, 452.047 ], [ 507463.974999999976717, 5399013.5, 452.019 ], [ 507464.038999999989755, 5399014.5, 451.994 ], [ 507464.103, 5399015.5, 451.966 ], [ 507464.168, 5399016.5, 451.976 ], [ 507464.232000000018161, 5399017.5, 451.957 ], [ 507464.295999999972992, 5399018.5, 451.956 ], [ 507464.35999999998603, 5399019.5, 451.868 ], [ 507464.424, 5399020.5, 451.912 ], [ 507464.488000000012107, 5399021.5, 452.113 ], [ 507464.5, 5399021.68099999986589, 452.544 ], [ 507464.553000000014435, 5399022.5, 452.517 ], [ 507464.617000000027474, 5399023.5, 452.407 ], [ 507464.680999999982305, 5399024.5, 452.491 ], [ 507464.745, 5399025.5, 452.562 ], [ 507464.809, 5399026.5, 452.543 ], [ 507464.87300000002142, 5399027.5, 452.464 ], [ 507464.938000000023749, 5399028.5, 452.453 ], [ 507465.00199999997858, 5399029.5, 452.506 ], [ 507465.066, 5399030.5, 452.463 ], [ 507465.13, 5399031.5, 452.317 ], [ 507465.194000000017695, 5399032.5, 452.237 ], [ 507465.257999999972526, 5399033.5, 452.183 ], [ 507465.321999999985565, 5399034.5, 452.119 ], [ 507465.386999999987893, 5399035.5, 452.111 ], [ 507465.451, 5399036.5, 452.16 ], [ 507465.5, 5399037.267, 452.523 ], [ 507465.51500000001397, 5399037.5, 452.456 ], [ 507465.579000000027008, 5399038.5, 452.392 ], [ 507465.642999999981839, 5399039.5, 452.369 ], [ 507465.707, 5399040.5, 452.304 ], [ 507465.772, 5399041.5, 452.263 ], [ 507465.836000000010245, 5399042.5, 452.317 ], [ 507465.900000000023283, 5399043.5, 452.626 ], [ 507465.963999999978114, 5399044.5, 452.68 ], [ 507466.0, 5399045.059999999590218, 452.597 ], [ 507465.5, 5399045.093999999575317, 452.097 ], [ 507464.5, 5399045.162999999709427, 451.952 ], [ 507463.5, 5399045.230999999679625, 451.989 ], [ 507462.5, 5399045.298999999649823, 452.004 ], [ 507461.5, 5399045.367999999783933, 452.003 ], [ 507460.5, 5399045.435999999754131, 451.999 ], [ 507459.564000000013039, 5399045.5, 451.987 ], [ 507459.5, 5399045.503999999724329, 451.986 ], [ 507458.5, 5399045.572999999858439, 451.981 ], [ 507457.5, 5399045.640999999828637, 451.971 ], [ 507456.5, 5399045.708999999798834, 451.964 ], [ 507455.5, 5399045.778, 451.962 ], [ 507454.5, 5399045.846, 451.967 ], [ 507453.5, 5399045.915, 451.972 ], [ 507452.5, 5399045.983, 451.974 ], [ 507451.5, 5399046.051, 451.977 ], [ 507450.5, 5399046.120000000111759, 451.984 ], [ 507449.5, 5399046.188, 451.996 ], [ 507448.5, 5399046.256, 452.0 ], [ 507447.5, 5399046.325000000186265, 451.997 ], [ 507446.5, 5399046.393000000156462, 451.996 ], [ 507445.5, 5399046.462000000290573, 451.998 ], [ 507444.938000000023749, 5399046.5, 451.997 ], [ 507444.5, 5399046.53000000026077, 451.997 ], [ 507443.5, 5399046.598000000230968, 451.991 ], [ 507442.5, 5399046.667000000365078, 451.985 ], [ 507441.5, 5399046.735000000335276, 451.982 ], [ 507440.5, 5399046.803000000305474, 451.986 ], [ 507439.5, 5399046.872000000439584, 451.992 ], [ 507438.5, 5399046.940000000409782, 451.995 ], [ 507437.5, 5399047.00800000037998, 451.995 ], [ 507436.5, 5399047.076999999582767, 451.992 ], [ 507435.5, 5399047.144999999552965, 451.994 ], [ 507434.5, 5399047.213999999687076, 451.996 ], [ 507433.5, 5399047.281999999657273, 451.987 ], [ 507433.090000000025611, 5399047.309999999590218, 451.991 ], [ 507433.038, 5399046.5, 451.995 ], [ 507432.973999999987427, 5399045.5, 451.982 ], [ 507432.909999999974389, 5399044.5, 451.976 ], [ 507432.846000000019558, 5399043.5, 451.972 ], [ 507432.782, 5399042.5, 451.976 ], [ 507432.718, 5399041.5, 451.983 ], [ 507432.653999999980442, 5399040.5, 451.993 ], [ 507432.590000000025611, 5399039.5, 451.998 ], [ 507432.526000000012573, 5399038.5, 451.999 ], [ 507432.5, 5399038.098000000230968, 451.999 ], [ 507432.462, 5399037.5, 452.002 ], [ 507432.397999999986496, 5399036.5, 452.0 ], [ 507432.333999999973457, 5399035.5, 451.998 ], [ 507432.270000000018626, 5399034.5, 452.0 ], [ 507432.205000000016298, 5399033.5, 452.004 ], [ 507432.141, 5399032.5, 452.002 ], [ 507432.077, 5399031.5, 452.004 ], [ 507432.012999999977183, 5399030.5, 452.005 ], [ 507431.949000000022352, 5399029.5, 452.005 ], [ 507431.885, 5399028.5, 452.004 ], [ 507431.821, 5399027.5, 452.01 ], [ 507431.756999999983236, 5399026.5, 452.012 ], [ 507431.693000000028405, 5399025.5, 452.01 ], [ 507431.629000000015367, 5399024.5, 452.014 ], [ 507431.565, 5399023.5, 452.016 ], [ 507431.50099999998929, 5399022.5, 452.01 ], [ 507431.5, 5399022.485000000335276, 452.008 ], [ 507431.436999999976251, 5399021.5, 452.009 ], [ 507431.37300000002142, 5399020.5, 452.011 ], [ 507431.309, 5399019.5, 452.013 ], [ 507431.245, 5399018.5, 452.01 ], [ 507431.180999999982305, 5399017.5, 452.008 ], [ 507431.117000000027474, 5399016.5, 452.006 ], [ 507431.053000000014435, 5399015.5, 452.004 ], [ 507430.989, 5399014.5, 452.001 ], [ 507430.924999999988358, 5399013.5, 451.999 ], [ 507430.85999999998603, 5399012.5, 452.0 ], [ 507430.795999999972992, 5399011.5, 452.001 ], [ 507430.732000000018161, 5399010.5, 452.002 ], [ 507430.668, 5399009.5, 452.002 ], [ 507430.604, 5399008.5, 452.004 ], [ 507430.539999999979045, 5399007.5, 452.005 ], [ 507430.53000000002794, 5399007.339999999850988, 452.004 ], [ 507430.5, 5399006.877000000327826, 452.005 ], [ 507430.476000000024214, 5399006.5, 452.01 ], [ 507430.411000000021886, 5399005.5, 452.003 ], [ 507430.346000000019558, 5399004.5, 451.997 ], [ 507430.281000000017229, 5399003.5, 451.994 ], [ 507430.216000000014901, 5399002.5, 452.001 ], [ 507430.208999999973457, 5399002.389999999664724, 452.004 ], [ 507430.151000000012573, 5399001.5, 451.988 ], [ 507430.087, 5399000.5, 451.99 ], [ 507430.022, 5398999.5, 452.281 ], [ 507430.020000000018626, 5398999.46999999973923, 452.421 ] ] ] } },
{ "type": "Feature", "properties": { "fid": 1254, "gml_id": "DEBW_5222Ld00002", "creationDate": "2025-01-08", "informationSystem": "http://repository.gdi-de.org/schemas/adv/citygml/fdv/art.htm#_9100", "name": "DEBWL5222Ld00002", "Gemeindeschluessel": "08111000", "Geometrietyp2DReferenz": 3000, "DatenquelleDachhoehe": [ 1000 ], "Grundrissaktualitaet": "2024-04-01", "DatenquelleBodenhoehe": [ 1100 ], "DatenquelleLage": [ 1000 ], "function": "31001_3023", "roofType": 1000, "measuredHeight": 6.239, "measuredHeight_uom": "urn:adv:uom:m", "CountryName": "Germany", "LocalityName": "Stuttgart", "ThoroughfareName": "Nobelstraße", "consistsOfBuildingPart|BuildingPart|creationDate": null, "consistsOfBuildingPart|BuildingPart|roofType": null, "consistsOfBuildingPart|BuildingPart|measuredHeight": null, "consistsOfBuildingPart|BuildingPart|measuredHeight_uom": null, "ThoroughfareNumber": null, "name_": null }, "geometry": { "type": "MultiLineString", "coordinates": [ [ [ 507531.46999999997206, 5398731.870000000111759, 456.02 ], [ 507531.5, 5398731.870000000111759, 456.016 ], [ 507532.5, 5398731.870000000111759, 456.012 ], [ 507533.5, 5398731.871000000275671, 456.024 ], [ 507534.5, 5398731.871000000275671, 456.055 ], [ 507535.5, 5398731.872000000439584, 456.083 ], [ 507536.5, 5398731.872000000439584, 456.096 ], [ 507537.5, 5398731.872000000439584, 456.103 ], [ 507538.5, 5398731.872999999672174, 456.086 ], [ 507539.5, 5398731.872999999672174, 456.071 ], [ 507540.5, 5398731.872999999672174, 456.067 ], [ 507541.5, 5398731.873999999836087, 456.047 ], [ 507542.5, 5398731.873999999836087, 456.039 ], [ 507543.5, 5398731.875, 456.047 ], [ 507544.5, 5398731.875, 456.063 ], [ 507545.5, 5398731.875, 456.066 ], [ 507546.5, 5398731.876000000163913, 456.075 ], [ 507547.5, 5398731.876000000163913, 456.094 ], [ 507548.5, 5398731.876000000163913, 456.093 ], [ 507549.5, 5398731.877000000327826, 456.073 ], [ 507550.5, 5398731.877000000327826, 456.07 ], [ 507551.5, 5398731.877999999560416, 456.079 ], [ 507552.5, 5398731.877999999560416, 456.084 ], [ 507553.5, 5398731.877999999560416, 456.082 ], [ 507554.5, 5398731.878999999724329, 456.074 ], [ 507555.5, 5398731.878999999724329, 456.057 ], [ 507556.5, 5398731.878999999724329, 456.045 ], [ 507557.5, 5398731.879999999888241, 456.03 ], [ 507558.07, 5398731.879999999888241, 456.02 ], [ 507558.5, 5398731.879999999888241, 456.013 ], [ 507558.94, 5398731.879999999888241, 456.011 ], [ 507559.039999999979045, 5398731.879999999888241, 456.011 ], [ 507559.038999999989755, 5398732.5, 456.012 ], [ 507559.036000000021886, 5398733.5, 456.029 ], [ 507559.033999999985099, 5398734.5, 456.066 ], [ 507559.031000000017229, 5398735.5, 456.075 ], [ 507559.028999999980442, 5398736.5, 456.057 ], [ 507559.027, 5398737.5, 456.049 ], [ 507559.023999999975786, 5398738.5, 456.059 ], [ 507559.022, 5398739.5, 456.068 ], [ 507559.020000000018626, 5398740.360000000335276, 456.077 ], [ 507559.020000000018626, 5398740.5, 456.082 ], [ 507559.017999999981839, 5398741.5, 456.085 ], [ 507559.017, 5398742.5, 456.1 ], [ 507559.01500000001397, 5398743.5, 456.098 ], [ 507559.012999999977183, 5398744.5, 456.098 ], [ 507559.011999999987893, 5398745.5, 456.101 ], [ 507559.01, 5398746.5, 456.125 ], [ 507559.01, 5398746.54, 456.126 ], [ 507558.5, 5398746.54, 456.132 ], [ 507557.5, 5398746.53899999987334, 456.139 ], [ 507556.5, 5398746.53899999987334, 456.123 ], [ 507555.5, 5398746.53899999987334, 456.117 ], [ 507554.5, 5398746.537999999709427, 456.134 ], [ 507553.5, 5398746.537999999709427, 456.154 ], [ 507552.5, 5398746.537999999709427, 456.174 ], [ 507551.5, 5398746.536999999545515, 456.183 ], [ 507550.5, 5398746.536999999545515, 456.209 ], [ 507549.5, 5398746.536999999545515, 456.198 ], [ 507548.5, 5398746.536000000312924, 456.166 ], [ 507547.5, 5398746.536000000312924, 456.18 ], [ 507546.5, 5398746.535000000149012, 456.208 ], [ 507545.5, 5398746.535000000149012, 456.237 ], [ 507544.5, 5398746.535000000149012, 456.257 ], [ 507543.5, 5398746.534, 456.269 ], [ 507542.5, 5398746.534, 456.28 ], [ 507541.5, 5398746.534, 456.294 ], [ 507540.5, 5398746.532999999821186, 456.31 ], [ 507539.5, 5398746.532999999821186, 456.328 ], [ 507538.5, 5398746.532999999821186, 456.336 ], [ 507537.5, 5398746.531999999657273, 456.359 ], [ 507536.5, 5398746.531999999657273, 456.371 ], [ 507535.5, 5398746.531000000424683, 456.362 ], [ 507534.5, 5398746.531000000424683, 456.342 ], [ 507533.5, 5398746.531000000424683, 456.34 ], [ 507532.5, 5398746.53000000026077, 456.354 ], [ 507531.5, 5398746.53000000026077, 456.364 ], [ 507531.460000000020955, 5398746.53000000026077, 456.368 ], [ 507531.460000000020955, 5398746.5, 456.366 ], [ 507531.461000000010245, 5398745.5, 456.316 ], [ 507531.461000000010245, 5398744.5, 456.275 ], [ 507531.462, 5398743.5, 456.247 ], [ 507531.462999999988824, 5398742.5, 456.219 ], [ 507531.462999999988824, 5398741.5, 456.194 ], [ 507531.463999999978114, 5398740.5, 456.17 ], [ 507531.465000000025611, 5398739.5, 456.128 ], [ 507531.465000000025611, 5398738.5, 456.09 ], [ 507531.466000000014901, 5398737.5, 456.082 ], [ 507531.467, 5398736.5, 456.067 ], [ 507531.468, 5398735.5, 456.047 ], [ 507531.468, 5398734.5, 456.045 ], [ 507531.468999999982771, 5398733.5, 456.045 ], [ 507531.46999999997206, 5398732.5, 456.034 ], [ 507531.46999999997206, 5398731.870000000111759, 456.02 ] ] ] } },
{ "type": "Feature", "properties": { "fid": 1261, "gml_id": "DEBW_522uJ000015", "creationDate": "2025-01-08", "informationSystem": "http://repository.gdi-de.org/schemas/adv/citygml/fdv/art.htm#_9100", "name": "DEBWL522uJ000015", "Gemeindeschluessel": "08111000", "Geometrietyp2DReferenz": 3000, "DatenquelleDachhoehe": [ 1000 ], "Grundrissaktualitaet": "2024-04-01", "DatenquelleBodenhoehe": [ 1100 ], "DatenquelleLage": [ 1000 ], "function": "31001_3023", "roofType": 1000, "measuredHeight": 16.969, "measuredHeight_uom": "urn:adv:uom:m", "CountryName": "Germany", "LocalityName": "Stuttgart", "ThoroughfareName": "Nobelstraße", "consistsOfBuildingPart|BuildingPart|creationDate": null, "consistsOfBuildingPart|BuildingPart|roofType": null, "consistsOfBuildingPart|BuildingPart|measuredHeight": null, "consistsOfBuildingPart|BuildingPart|measuredHeight_uom": null, "ThoroughfareNumber": "10A, null", "name_": null }, "geometry": { "type": "MultiLineString", "coordinates": [ [ [ 507421.700000000011642, 5398622.690000000409782, 455.236 ], [ 507421.755, 5398623.5, 455.243 ], [ 507421.822999999974854, 5398624.5, 455.271 ], [ 507421.891, 5398625.5, 455.295 ], [ 507421.960000000020955, 5398626.5, 455.311 ], [ 507422.028, 5398627.5, 455.321 ], [ 507422.096000000019558, 5398628.5, 455.329 ], [ 507422.163999999989755, 5398629.5, 455.345 ], [ 507422.232000000018161, 5398630.5, 455.366 ], [ 507422.299999999988358, 5398631.5, 455.378 ], [ 507422.368000000016764, 5398632.5, 455.369 ], [ 507422.435999999986961, 5398633.5, 455.387 ], [ 507422.5, 5398634.434999999590218, 455.417 ], [ 507422.504000000015367, 5398634.5, 455.433 ], [ 507422.572999999974854, 5398635.5, 455.496 ], [ 507422.641, 5398636.5, 455.588 ], [ 507422.708999999973457, 5398637.5, 455.778 ], [ 507422.777, 5398638.5, 455.96 ], [ 507422.84499999997206, 5398639.5, 456.045 ], [ 507422.89000000001397, 5398640.160000000149012, 456.063 ], [ 507422.913, 5398640.5, 456.082 ], [ 507422.982000000018161, 5398641.5, 456.103 ], [ 507423.050999999977648, 5398642.5, 456.113 ], [ 507423.12, 5398643.5, 456.114 ], [ 507423.189000000013039, 5398644.5, 456.112 ], [ 507423.257999999972526, 5398645.5, 456.121 ], [ 507423.327, 5398646.5, 456.128 ], [ 507423.396, 5398647.5, 456.144 ], [ 507423.465000000025611, 5398648.5, 456.183 ], [ 507423.5, 5398649.014999999664724, 456.192 ], [ 507423.51, 5398649.160000000149012, 456.195 ], [ 507423.5, 5398649.161000000312924, 456.195 ], [ 507422.5, 5398649.230000000447035, 456.203 ], [ 507421.5, 5398649.299999999813735, 456.22 ], [ 507420.5, 5398649.369, 456.218 ], [ 507419.62, 5398649.429999999701977, 456.212 ], [ 507419.5, 5398649.438, 456.211 ], [ 507418.598999999987427, 5398649.5, 456.208 ], [ 507418.5, 5398649.507000000216067, 456.209 ], [ 507417.5, 5398649.575000000186265, 456.204 ], [ 507416.5, 5398649.644000000320375, 456.191 ], [ 507415.5, 5398649.712000000290573, 456.18 ], [ 507414.5, 5398649.781000000424683, 456.18 ], [ 507413.5, 5398649.849999999627471, 456.185 ], [ 507412.5, 5398649.917999999597669, 456.188 ], [ 507411.5, 5398649.986999999731779, 456.184 ], [ 507410.5, 5398650.054999999701977, 456.178 ], [ 507409.5, 5398650.123999999836087, 456.179 ], [ 507408.5, 5398650.191999999806285, 456.182 ], [ 507407.5, 5398650.261, 456.183 ], [ 507406.5, 5398650.329, 456.177 ], [ 507405.5, 5398650.398, 456.171 ], [ 507404.5, 5398650.467000000178814, 456.17 ], [ 507404.011999999987893, 5398650.5, 456.179 ], [ 507403.5, 5398650.535000000149012, 456.18 ], [ 507402.5, 5398650.604000000283122, 456.18 ], [ 507401.5, 5398650.67200000025332, 456.178 ], [ 507400.5, 5398650.74100000038743, 456.184 ], [ 507399.5, 5398650.809000000357628, 456.182 ], [ 507398.5, 5398650.877999999560416, 456.174 ], [ 507397.5, 5398650.946000000461936, 456.173 ], [ 507397.01, 5398650.980000000447035, 456.181 ], [ 507396.978, 5398650.5, 456.177 ], [ 507396.909999999974389, 5398649.5, 456.173 ], [ 507396.842, 5398648.5, 456.165 ], [ 507396.775000000023283, 5398647.5, 456.146 ], [ 507396.707, 5398646.5, 456.145 ], [ 507396.64000000001397, 5398645.5, 456.154 ], [ 507396.571999999985565, 5398644.5, 456.158 ], [ 507396.505, 5398643.5, 456.162 ], [ 507396.5, 5398643.429999999701977, 456.163 ], [ 507396.436999999976251, 5398642.5, 456.169 ], [ 507396.37, 5398641.5, 456.181 ], [ 507396.302000000025146, 5398640.5, 456.242 ], [ 507396.23499999998603, 5398639.5, 456.28 ], [ 507396.167000000015832, 5398638.5, 456.297 ], [ 507396.098999999987427, 5398637.5, 456.308 ], [ 507396.032, 5398636.5, 456.305 ], [ 507395.963999999978114, 5398635.5, 456.311 ], [ 507395.897, 5398634.5, 456.322 ], [ 507395.829000000027008, 5398633.5, 456.325 ], [ 507395.761999999987893, 5398632.5, 456.321 ], [ 507395.694000000017695, 5398631.5, 456.323 ], [ 507395.62699999997858, 5398630.5, 456.324 ], [ 507395.559, 5398629.5, 456.317 ], [ 507395.5, 5398628.625, 456.304 ], [ 507395.492000000027474, 5398628.5, 456.307 ], [ 507395.424, 5398627.5, 456.276 ], [ 507395.356000000028871, 5398626.5, 456.008 ], [ 507395.288999999989755, 5398625.5, 455.53 ], [ 507395.221000000019558, 5398624.5, 455.347 ], [ 507395.21999999997206, 5398624.480000000447035, 455.312 ], [ 507395.5, 5398624.46100000012666, 455.336 ], [ 507396.5, 5398624.393000000156462, 455.331 ], [ 507397.5, 5398624.326000000350177, 455.325 ], [ 507398.5, 5398624.25800000037998, 455.332 ], [ 507399.5, 5398624.190999999642372, 455.318 ], [ 507400.5, 5398624.122999999672174, 455.28 ], [ 507401.5, 5398624.054999999701977, 455.246 ], [ 507402.5, 5398623.987999999895692, 455.224 ], [ 507403.5, 5398623.92, 455.215 ], [ 507404.5, 5398623.853000000119209, 455.235 ], [ 507405.5, 5398623.785000000149012, 455.275 ], [ 507406.5, 5398623.717000000178814, 455.311 ], [ 507407.5, 5398623.650000000372529, 455.336 ], [ 507408.5, 5398623.582000000402331, 455.342 ], [ 507409.5, 5398623.514999999664724, 455.329 ], [ 507409.717, 5398623.5, 455.329 ], [ 507410.5, 5398623.446999999694526, 455.316 ], [ 507411.5, 5398623.379999999888241, 455.343 ], [ 507412.5, 5398623.312, 455.348 ], [ 507413.5, 5398623.244, 455.329 ], [ 507414.5, 5398623.177000000141561, 455.331 ], [ 507415.5, 5398623.109000000171363, 455.33 ], [ 507416.5, 5398623.042000000365078, 455.312 ], [ 507417.5, 5398622.974000000394881, 455.289 ], [ 507418.5, 5398622.906000000424683, 455.28 ], [ 507419.5, 5398622.838999999687076, 455.274 ], [ 507420.5, 5398622.770999999716878, 455.264 ], [ 507421.5, 5398622.704, 455.238 ], [ 507421.700000000011642, 5398622.690000000409782, 455.236 ] ] ] } },
{ "type": "Feature", "properties": { "fid": 1269, "gml_id": "DEBW_5221000Qwnz", "creationDate": "2025-01-08", "informationSystem": "http://repository.gdi-de.org/schemas/adv/citygml/fdv/art.htm#_9100", "name": "DEBWL5221000Qwnz", "Gemeindeschluessel": "08111000", "Geometrietyp2DReferenz": 3000, "DatenquelleDachhoehe": [ 1000 ], "Grundrissaktualitaet": "2024-04-01", "DatenquelleBodenhoehe": [ 1100 ], "DatenquelleLage": [ 1000 ], "function": "31001_3023", "roofType": 1000, "measuredHeight": 9.6, "measuredHeight_uom": "urn:adv:uom:m", "CountryName": "Germany", "LocalityName": "Stuttgart", "ThoroughfareName": "Nobelstraße", "consistsOfBuildingPart|BuildingPart|creationDate": null, "consistsOfBuildingPart|BuildingPart|roofType": null, "consistsOfBuildingPart|BuildingPart|measuredHeight": null, "consistsOfBuildingPart|BuildingPart|measuredHeight_uom": null, "ThoroughfareNumber": null, "name_": null }, "geometry": { "type": "MultiLineString", "coordinates": [ [ [ 507405.200000000011642, 5398805.299999999813735, 458.52 ], [ 507404.5, 5398805.115000000223517, 458.512 ], [ 507403.5, 5398804.849999999627471, 458.54 ], [ 507402.5, 5398804.585, 458.554 ], [ 507402.178000000014435, 5398804.5, 458.557 ], [ 507401.5, 5398804.321000000461936, 458.544 ], [ 507400.5, 5398804.05599999986589, 458.545 ], [ 507399.5, 5398803.791000000201166, 458.553 ], [ 507398.5, 5398803.525999999605119, 458.573 ], [ 507398.400000000023283, 5398803.5, 458.575 ], [ 507398.06, 5398803.410000000149012, 458.563 ], [ 507397.5, 5398803.29700000025332, 458.563 ], [ 507396.5, 5398803.093999999575317, 458.572 ], [ 507395.5, 5398802.892, 458.59 ], [ 507394.5, 5398802.690000000409782, 458.621 ], [ 507393.563000000023749, 5398802.5, 458.722 ], [ 507393.5, 5398802.486999999731779, 458.768 ], [ 507392.5, 5398802.285000000149012, 458.877 ], [ 507391.5, 5398802.082999999634922, 458.819 ], [ 507390.82, 5398801.945000000298023, 458.716 ], [ 507390.5, 5398801.900000000372529, 458.683 ], [ 507389.5, 5398801.75800000037998, 458.609 ], [ 507388.5, 5398801.61699999962002, 458.615 ], [ 507387.673, 5398801.5, 458.705 ], [ 507387.5, 5398801.475999999791384, 458.735 ], [ 507386.5, 5398801.333999999798834, 458.88 ], [ 507385.5, 5398801.193, 458.823 ], [ 507384.5, 5398801.051, 458.693 ], [ 507383.506999999983236, 5398800.911000000312924, 458.627 ], [ 507383.5, 5398800.910000000149012, 458.627 ], [ 507382.5, 5398800.829, 458.613 ], [ 507381.5, 5398800.747000000439584, 458.61 ], [ 507380.5, 5398800.666000000201166, 458.605 ], [ 507379.5, 5398800.583999999798834, 458.597 ], [ 507378.5, 5398800.502999999560416, 458.597 ], [ 507378.463999999978114, 5398800.5, 458.597 ], [ 507377.5, 5398800.421, 458.598 ], [ 507376.5, 5398800.339999999850988, 458.603 ], [ 507376.145000000018626, 5398800.310999999754131, 458.603 ], [ 507375.5, 5398800.29700000025332, 458.598 ], [ 507374.5, 5398800.274000000208616, 458.584 ], [ 507373.5, 5398800.252000000327826, 458.656 ], [ 507372.5, 5398800.230000000447035, 458.782 ], [ 507371.5, 5398800.207999999634922, 458.822 ], [ 507370.5, 5398800.185999999754131, 458.728 ], [ 507369.5, 5398800.162999999709427, 458.605 ], [ 507368.761, 5398800.146999999880791, 458.58 ], [ 507368.5, 5398800.156999999657273, 458.578 ], [ 507367.5, 5398800.19400000013411, 458.574 ], [ 507366.5, 5398800.230999999679625, 458.581 ], [ 507365.5, 5398800.268000000156462, 458.582 ], [ 507364.5, 5398800.304999999701977, 458.586 ], [ 507363.5, 5398800.342000000178814, 458.594 ], [ 507362.5, 5398800.378999999724329, 458.6 ], [ 507361.5, 5398800.416000000201166, 458.61 ], [ 507361.38, 5398800.42, 458.612 ], [ 507361.5, 5398800.068, 458.611 ], [ 507361.53000000002794, 5398799.980000000447035, 458.611 ], [ 507362.5, 5398799.91399999987334, 458.612 ], [ 507363.43, 5398799.849999999627471, 458.607 ], [ 507363.406000000017229, 5398799.5, 458.614 ], [ 507363.336000000010245, 5398798.5, 458.619 ], [ 507363.267, 5398797.5, 458.59 ], [ 507363.197999999974854, 5398796.5, 458.546 ], [ 507363.129000000015367, 5398795.5, 458.508 ], [ 507363.059, 5398794.5, 458.496 ], [ 507362.99, 5398793.5, 458.489 ], [ 507362.920999999972992, 5398792.5, 458.488 ], [ 507362.851000000024214, 5398791.5, 458.502 ], [ 507362.782, 5398790.5, 458.512 ], [ 507362.712999999988824, 5398789.5, 458.498 ], [ 507362.642999999981839, 5398788.5, 458.478 ], [ 507362.590000000025611, 5398787.730000000447035, 458.468 ], [ 507363.5, 5398787.666000000201166, 458.44 ], [ 507364.5, 5398787.597, 458.439 ], [ 507365.5, 5398787.526999999769032, 458.466 ], [ 507365.884000000020023, 5398787.5, 458.472 ], [ 507366.5, 5398787.457000000402331, 458.482 ], [ 507367.5, 5398787.387000000104308, 458.471 ], [ 507368.5, 5398787.316999999806285, 458.444 ], [ 507369.5, 5398787.247999999672174, 458.415 ], [ 507370.5, 5398787.178000000305474, 458.407 ], [ 507370.60999999998603, 5398787.17, 458.406 ], [ 507370.631, 5398787.5, 458.419 ], [ 507370.695, 5398788.5, 458.453 ], [ 507370.759000000020023, 5398789.5, 458.479 ], [ 507370.822999999974854, 5398790.5, 458.498 ], [ 507370.886, 5398791.5, 458.516 ], [ 507370.94, 5398792.339999999850988, 458.529 ], [ 507371.5, 5398792.302000000141561, 458.527 ], [ 507372.5, 5398792.234000000171363, 458.519 ], [ 507373.5, 5398792.165, 458.504 ], [ 507374.5, 5398792.097, 458.48 ], [ 507375.5, 5398792.029, 458.449 ], [ 507376.5, 5398791.96, 458.413 ], [ 507377.5, 5398791.892, 458.375 ], [ 507378.5, 5398791.824, 458.339 ], [ 507379.5, 5398791.756, 458.304 ], [ 507380.5, 5398791.687, 458.268 ], [ 507381.5, 5398791.619, 458.229 ], [ 507382.5, 5398791.551, 458.187 ], [ 507383.245999999984633, 5398791.5, 458.158 ], [ 507383.5, 5398791.483, 458.126 ], [ 507384.5, 5398791.41399999987334, 458.072 ], [ 507385.5, 5398791.346, 458.011 ], [ 507386.5, 5398791.278, 457.94 ], [ 507387.5, 5398791.21, 457.86 ], [ 507388.5, 5398791.140999999828637, 457.767 ], [ 507389.5, 5398791.072999999858439, 457.659 ], [ 507390.5, 5398791.004999999888241, 457.536 ], [ 507391.5, 5398790.937, 457.398 ], [ 507392.5, 5398790.867999999783933, 457.249 ], [ 507393.5, 5398790.799999999813735, 457.095 ], [ 507394.5, 5398790.731999999843538, 456.935 ], [ 507395.5, 5398790.66399999987334, 456.763 ], [ 507396.5, 5398790.59499999973923, 456.575 ], [ 507397.5, 5398790.526999999769032, 456.372 ], [ 507397.896, 5398790.5, 456.301 ], [ 507398.5, 5398790.458999999798834, 456.131 ], [ 507399.5, 5398790.390999999828637, 455.89 ], [ 507400.5, 5398790.321999999694526, 455.631 ], [ 507401.5, 5398790.253999999724329, 455.353 ], [ 507402.5, 5398790.185999999754131, 455.062 ], [ 507403.5, 5398790.117999999783933, 454.746 ], [ 507404.5, 5398790.048999999649823, 454.376 ], [ 507405.5, 5398789.980999999679625, 453.964 ], [ 507406.5, 5398789.912999999709427, 453.607 ], [ 507406.539999999979045, 5398789.910000000149012, 453.6 ], [ 507406.5, 5398790.098000000230968, 453.628 ], [ 507406.414999999979045, 5398790.5, 453.802 ], [ 507406.202999999979511, 5398791.5, 454.148 ], [ 507405.99, 5398792.5, 454.538 ], [ 507405.778, 5398793.5, 454.91 ], [ 507405.566, 5398794.5, 455.274 ], [ 507405.5, 5398794.810999999754131, 455.365 ], [ 507405.354, 5398795.5, 455.668 ], [ 507405.142, 5398796.5, 456.021 ], [ 507404.929, 5398797.5, 456.367 ], [ 507404.717, 5398798.5, 456.703 ], [ 507404.505, 5398799.5, 457.025 ], [ 507404.5, 5398799.523, 457.031 ], [ 507404.293, 5398800.5, 457.36 ], [ 507404.081, 5398801.5, 457.664 ], [ 507403.868000000016764, 5398802.5, 457.969 ], [ 507403.656000000017229, 5398803.5, 458.266 ], [ 507403.5, 5398804.235999999567866, 458.414 ], [ 507403.479999999981374, 5398804.33, 458.448 ], [ 507403.5, 5398804.33600000012666, 458.433 ], [ 507404.049, 5398804.5, 458.481 ], [ 507404.5, 5398804.634999999776483, 458.457 ], [ 507405.32, 5398804.879999999888241, 458.453 ], [ 507405.200000000011642, 5398805.299999999813735, 458.52 ] ] ] } },
{ "type": "Feature", "properties": { "fid": 1271, "gml_id": "DEBW_522pp00005r", "creationDate": "2025-01-08", "informationSystem": "http://repository.gdi-de.org/schemas/adv/citygml/fdv/art.htm#_9100", "name": "DEBWL522pp00005r", "Gemeindeschluessel": "08111000", "Geometrietyp2DReferenz": 3000, "DatenquelleDachhoehe": [ 1000 ], "Grundrissaktualitaet": "2024-04-01", "DatenquelleBodenhoehe": [ 1100 ], "DatenquelleLage": [ 1000 ], "function": "31001_3023", "roofType": 9999, "measuredHeight": 9.076, "measuredHeight_uom": "urn:adv:uom:m", "CountryName": "Germany", "LocalityName": "Stuttgart", "ThoroughfareName": "Nobelstraße", "consistsOfBuildingPart|BuildingPart|creationDate": null, "consistsOfBuildingPart|BuildingPart|roofType": null, "consistsOfBuildingPart|BuildingPart|measuredHeight": null, "consistsOfBuildingPart|BuildingPart|measuredHeight_uom": null, "ThoroughfareNumber": "8, null", "name_": null }, "geometry": { "type": "MultiLineString", "coordinates": [ [ [ 507521.94, 5398706.92, 456.045 ], [ 507521.645000000018626, 5398707.5, 456.039 ], [ 507521.5, 5398707.786000000312924, 456.039 ], [ 507521.289999999979045, 5398708.200000000186265, 456.037 ], [ 507521.13, 5398708.5, 456.037 ], [ 507520.59499999997206, 5398709.5, 456.041 ], [ 507520.5, 5398709.677000000141561, 456.04 ], [ 507520.06, 5398710.5, 456.034 ], [ 507519.599999999976717, 5398711.360000000335276, 456.028 ], [ 507519.517999999981839, 5398711.5, 456.027 ], [ 507519.5, 5398711.531000000424683, 456.027 ], [ 507518.933000000019092, 5398712.5, 456.025 ], [ 507518.5, 5398713.24100000038743, 456.025 ], [ 507518.348999999987427, 5398713.5, 456.024 ], [ 507517.770000000018626, 5398714.490000000223517, 456.025 ], [ 507517.76400000002468, 5398714.5, 456.025 ], [ 507517.5, 5398714.911999999545515, 456.026 ], [ 507517.125, 5398715.5, 456.029 ], [ 507516.5, 5398716.477, 456.031 ], [ 507516.48499999998603, 5398716.5, 456.032 ], [ 507515.846000000019558, 5398717.5, 456.036 ], [ 507515.840000000025611, 5398717.509999999776483, 456.036 ], [ 507515.5, 5398718.011, 456.036 ], [ 507515.168, 5398718.5, 456.034 ], [ 507514.5, 5398719.484000000171363, 456.027 ], [ 507514.489, 5398719.5, 456.028 ], [ 507513.81, 5398720.5, 456.031 ], [ 507513.5, 5398720.387000000104308, 456.034 ], [ 507512.5, 5398720.020999999716878, 456.047 ], [ 507511.539999999979045, 5398719.67, 456.045 ], [ 507511.5, 5398719.654, 456.045 ], [ 507511.112000000022817, 5398719.5, 456.046 ], [ 507510.5, 5398719.257000000216067, 456.042 ], [ 507509.5, 5398718.860000000335276, 456.042 ], [ 507508.593, 5398718.5, 456.04 ], [ 507508.5, 5398718.463000000454485, 456.041 ], [ 507508.19, 5398718.339999999850988, 456.05 ], [ 507507.5, 5398718.036999999545515, 456.051 ], [ 507507.03000000002794, 5398717.83, 456.038 ], [ 507506.5, 5398717.59499999973923, 456.036 ], [ 507506.287000000011176, 5398717.5, 456.042 ], [ 507505.5, 5398717.150999999605119, 456.046 ], [ 507504.89000000001397, 5398716.879999999888241, 456.044 ], [ 507504.5, 5398716.691999999806285, 456.042 ], [ 507504.101000000024214, 5398716.5, 456.039 ], [ 507503.5, 5398716.21100000012666, 456.041 ], [ 507502.5, 5398715.729000000283122, 456.05 ], [ 507502.025000000023283, 5398715.5, 456.052 ], [ 507501.63, 5398715.309999999590218, 456.057 ], [ 507501.5, 5398715.24100000038743, 456.057 ], [ 507500.5, 5398714.707000000402331, 456.049 ], [ 507500.112000000022817, 5398714.5, 456.051 ], [ 507499.5, 5398714.173000000417233, 456.057 ], [ 507498.520000000018626, 5398713.650000000372529, 456.045 ], [ 507498.5, 5398713.639999999664724, 456.045 ], [ 507498.460000000020955, 5398713.620000000111759, 456.04 ], [ 507498.288, 5398713.5, 456.037 ], [ 507497.5, 5398712.951999999582767, 456.026 ], [ 507496.851000000024214, 5398712.5, 456.025 ], [ 507496.5, 5398712.256, 456.025 ], [ 507495.5, 5398711.559999999590218, 456.037 ], [ 507495.438000000023749, 5398711.5, 456.037 ], [ 507494.5, 5398710.591, 456.032 ], [ 507494.406000000017229, 5398710.5, 456.034 ], [ 507493.5, 5398709.622000000439584, 456.04 ], [ 507493.37400000001071, 5398709.5, 456.035 ], [ 507492.909999999974389, 5398709.049999999813735, 456.033 ], [ 507492.5, 5398708.502999999560416, 456.033 ], [ 507492.49800000002142, 5398708.5, 456.035 ], [ 507491.74900000001071, 5398707.5, 456.034 ], [ 507491.5, 5398707.167999999597669, 456.037 ], [ 507491.0, 5398706.5, 456.035 ], [ 507490.729999999981374, 5398706.139999999664724, 456.035 ], [ 507490.5, 5398705.71100000012666, 456.034 ], [ 507490.386999999987893, 5398705.5, 456.037 ], [ 507489.851000000024214, 5398704.5, 456.037 ], [ 507489.5, 5398703.846, 456.044 ], [ 507489.314000000013039, 5398703.5, 456.048 ], [ 507489.03000000002794, 5398702.96999999973923, 456.046 ], [ 507488.871999999973923, 5398702.5, 456.046 ], [ 507488.536000000021886, 5398701.5, 456.036 ], [ 507488.5, 5398701.394000000320375, 456.034 ], [ 507488.200000000011642, 5398700.5, 456.038 ], [ 507487.87, 5398699.519999999552965, 456.045 ], [ 507487.865999999979977, 5398699.5, 456.045 ], [ 507487.691, 5398698.5, 456.045 ], [ 507487.51500000001397, 5398697.5, 456.041 ], [ 507487.5, 5398697.412999999709427, 456.042 ], [ 507487.340000000025611, 5398696.5, 456.041 ], [ 507487.25, 5398695.990000000223517, 456.037 ], [ 507487.223999999987427, 5398695.5, 456.036 ], [ 507487.172000000020489, 5398694.5, 456.037 ], [ 507487.12, 5398693.5, 456.032 ], [ 507487.068000000028405, 5398692.5, 456.023 ], [ 507487.06, 5398692.349999999627471, 456.027 ], [ 507487.074000000022352, 5398691.5, 456.029 ], [ 507487.091000000014901, 5398690.5, 456.024 ], [ 507487.108, 5398689.5, 456.022 ], [ 507487.12, 5398688.759999999776483, 456.028 ], [ 507487.14000000001397, 5398688.5, 456.029 ], [ 507487.215000000025611, 5398687.5, 456.034 ], [ 507487.289999999979045, 5398686.5, 456.037 ], [ 507487.365, 5398685.5, 456.034 ], [ 507487.39000000001397, 5398685.17, 456.037 ], [ 507487.48499999998603, 5398684.5, 456.035 ], [ 507487.5, 5398684.398, 456.029 ], [ 507487.628000000026077, 5398683.5, 456.025 ], [ 507487.770000000018626, 5398682.5, 456.022 ], [ 507487.900000000023283, 5398681.589999999850988, 456.012 ], [ 507487.919, 5398681.5, 456.012 ], [ 507488.125, 5398680.5, 456.005 ], [ 507488.332, 5398679.5, 456.009 ], [ 507488.5, 5398678.689000000245869, 456.017 ], [ 507488.538999999989755, 5398678.5, 456.018 ], [ 507488.63, 5398678.059999999590218, 456.021 ], [ 507488.782, 5398677.5, 456.024 ], [ 507489.055, 5398676.5, 456.029 ], [ 507489.327, 5398675.5, 456.026 ], [ 507489.5, 5398674.864, 456.029 ], [ 507489.580000000016298, 5398674.570000000298023, 456.029 ], [ 507489.604, 5398674.5, 456.03 ], [ 507489.949000000022352, 5398673.5, 456.02 ], [ 507490.294, 5398672.5, 456.026 ], [ 507490.5, 5398671.904, 456.035 ], [ 507490.63900000002468, 5398671.5, 456.039 ], [ 507490.76, 5398671.150000000372529, 456.045 ], [ 507491.033, 5398670.5, 456.045 ], [ 507491.454000000027008, 5398669.5, 456.034 ], [ 507491.5, 5398669.389999999664724, 456.031 ], [ 507491.87400000001071, 5398668.5, 456.027 ], [ 507492.159999999974389, 5398667.820000000298023, 456.025 ], [ 507492.32, 5398667.5, 456.024 ], [ 507492.5, 5398667.139999999664724, 456.024 ], [ 507492.82, 5398666.5, 456.027 ], [ 507493.32, 5398665.5, 456.037 ], [ 507493.5, 5398665.139999999664724, 456.039 ], [ 507493.770000000018626, 5398664.599999999627471, 456.04 ], [ 507493.827999999979511, 5398664.5, 456.04 ], [ 507494.403, 5398663.5, 456.035 ], [ 507494.5, 5398663.331000000238419, 456.034 ], [ 507494.978, 5398662.5, 456.004 ], [ 507495.5, 5398661.592000000178814, 455.887 ], [ 507495.553000000014435, 5398661.5, 455.876 ], [ 507495.57, 5398661.46999999973923, 455.854 ], [ 507496.212, 5398660.5, 455.73 ], [ 507496.5, 5398660.065999999642372, 455.65 ], [ 507496.875, 5398659.5, 455.611 ], [ 507497.5, 5398658.55599999986589, 455.609 ], [ 507497.537000000011176, 5398658.5, 455.61 ], [ 507497.57, 5398658.450000000186265, 455.617 ], [ 507498.302000000025146, 5398657.5, 455.631 ], [ 507498.5, 5398657.24199999962002, 455.618 ], [ 507499.071999999985565, 5398656.5, 455.587 ], [ 507499.5, 5398655.94400000013411, 455.564 ], [ 507499.78000000002794, 5398655.58, 455.557 ], [ 507499.848999999987427, 5398655.5, 455.557 ], [ 507500.5, 5398654.747000000439584, 455.557 ], [ 507500.713999999978114, 5398654.5, 455.558 ], [ 507501.5, 5398653.589999999850988, 455.563 ], [ 507501.577999999979511, 5398653.5, 455.563 ], [ 507502.14000000001397, 5398652.849999999627471, 455.565 ], [ 507502.48599999997532, 5398652.5, 455.568 ], [ 507502.5, 5398652.485999999567866, 455.568 ], [ 507503.473999999987427, 5398651.5, 455.569 ], [ 507503.5, 5398651.474000000394881, 455.569 ], [ 507504.462, 5398650.5, 455.564 ], [ 507504.5, 5398650.462000000290573, 455.559 ], [ 507504.669999999983702, 5398650.29, 455.557 ], [ 507505.5, 5398649.552000000141561, 455.565 ], [ 507505.559, 5398649.5, 455.565 ], [ 507506.5, 5398648.662999999709427, 455.574 ], [ 507506.684, 5398648.5, 455.575 ], [ 507507.37, 5398647.889999999664724, 455.575 ], [ 507507.5, 5398647.78899999987334, 455.577 ], [ 507507.871999999973923, 5398647.5, 455.578 ], [ 507508.5, 5398647.013000000268221, 455.581 ], [ 507509.161000000021886, 5398646.5, 455.582 ], [ 507509.5, 5398646.236999999731779, 455.582 ], [ 507510.229999999981374, 5398645.67, 455.586 ], [ 507510.481000000028871, 5398645.5, 455.588 ], [ 507510.5, 5398645.486999999731779, 455.592 ], [ 507511.5, 5398644.809000000357628, 455.586 ], [ 507511.956, 5398644.5, 455.584 ], [ 507512.5, 5398644.131, 455.583 ], [ 507513.210000000020955, 5398643.650000000372529, 455.588 ], [ 507513.462999999988824, 5398643.5, 455.591 ], [ 507513.5, 5398643.478000000119209, 455.593 ], [ 507514.5, 5398642.88399999961257, 455.602 ], [ 507515.147, 5398642.5, 455.6 ], [ 507515.5, 5398642.291000000201166, 455.591 ], [ 507516.31, 5398641.809999999590218, 455.579 ], [ 507516.5, 5398641.713000000454485, 455.573 ], [ 507516.914999999979045, 5398641.5, 455.571 ], [ 507517.5, 5398641.200000000186265, 455.575 ], [ 507518.5, 5398640.688, 455.589 ], [ 507518.865999999979977, 5398640.5, 455.59 ], [ 507519.5, 5398640.174999999813735, 455.592 ], [ 507519.53000000002794, 5398640.160000000149012, 455.592 ], [ 507520.5, 5398639.748999999836087, 455.588 ], [ 507521.088999999978114, 5398639.5, 455.587 ], [ 507521.5, 5398639.326000000350177, 455.587 ], [ 507522.5, 5398638.901999999769032, 455.583 ], [ 507522.85999999998603, 5398638.75, 455.582 ], [ 507523.5, 5398638.524000000208616, 455.582 ], [ 507523.566999999980908, 5398638.5, 455.582 ], [ 507524.5, 5398638.17, 455.592 ], [ 507525.5, 5398637.815999999642372, 455.603 ], [ 507526.31, 5398637.53000000026077, 455.599 ], [ 507526.408999999985099, 5398637.5, 455.598 ], [ 507526.5, 5398637.472, 455.595 ], [ 507527.5, 5398637.17, 455.598 ], [ 507528.5, 5398636.86699999962002, 455.602 ], [ 507529.150000000023283, 5398636.67, 455.601 ], [ 507529.358, 5398637.5, 455.596 ], [ 507529.5, 5398638.070000000298023, 455.592 ], [ 507529.607000000018161, 5398638.5, 455.585 ], [ 507529.789999999979045, 5398639.230000000447035, 455.584 ], [ 507529.846000000019558, 5398639.5, 455.582 ], [ 507530.055, 5398640.5, 455.581 ], [ 507530.262999999977183, 5398641.5, 455.577 ], [ 507530.39000000001397, 5398642.110000000335276, 455.583 ], [ 507530.463999999978114, 5398642.5, 455.588 ], [ 507530.5, 5398642.689000000245869, 455.599 ], [ 507530.653999999980442, 5398643.5, 455.593 ], [ 507530.843999999982771, 5398644.5, 455.576 ], [ 507530.89000000001397, 5398644.740000000223517, 455.576 ], [ 507531.01, 5398645.5, 455.579 ], [ 507531.168, 5398646.5, 455.582 ], [ 507531.32, 5398647.46, 455.577 ], [ 507531.325000000011642, 5398647.5, 455.574 ], [ 507531.457, 5398648.5, 455.569 ], [ 507531.5, 5398648.831000000238419, 455.572 ], [ 507531.587999999988824, 5398649.5, 455.574 ], [ 507531.718999999982771, 5398650.5, 455.58 ], [ 507531.789999999979045, 5398651.04, 455.584 ], [ 507531.832, 5398651.5, 455.588 ], [ 507531.924, 5398652.5, 455.588 ], [ 507532.016, 5398653.5, 455.58 ], [ 507532.108, 5398654.5, 455.591 ], [ 507532.12, 5398654.629999999888241, 455.594 ], [ 507532.175999999977648, 5398655.5, 455.607 ], [ 507532.24, 5398656.5, 455.595 ], [ 507532.289999999979045, 5398657.29, 455.587 ], [ 507532.299, 5398657.5, 455.585 ], [ 507532.299999999988358, 5398657.519999999552965, 455.585 ], [ 507532.338999999978114, 5398658.5, 455.593 ], [ 507532.379000000015367, 5398659.5, 455.592 ], [ 507532.400000000023283, 5398660.03000000026077, 455.588 ], [ 507532.400000000023283, 5398660.5, 455.584 ], [ 507532.400000000023283, 5398660.639999999664724, 455.585 ], [ 507532.406000000017229, 5398661.5, 455.599 ], [ 507532.412000000011176, 5398662.5, 455.673 ], [ 507532.419, 5398663.5, 455.784 ], [ 507532.419999999983702, 5398663.639999999664724, 455.797 ], [ 507532.391, 5398664.5, 455.898 ], [ 507532.358, 5398665.5, 455.98 ], [ 507532.325000000011642, 5398666.5, 456.01 ], [ 507532.299999999988358, 5398667.240000000223517, 456.012 ], [ 507532.281000000017229, 5398667.5, 456.016 ], [ 507532.210000000020955, 5398668.5, 456.022 ], [ 507532.137999999977183, 5398669.5, 456.028 ], [ 507532.066, 5398670.5, 456.027 ], [ 507532.049999999988358, 5398670.730000000447035, 456.026 ], [ 507531.973, 5398671.5, 456.024 ], [ 507531.87300000002142, 5398672.5, 456.025 ], [ 507531.772999999986496, 5398673.5, 456.027 ], [ 507531.68, 5398674.429999999701977, 456.024 ], [ 507531.669999999983702, 5398674.5, 456.021 ], [ 507531.533, 5398675.5, 456.015 ], [ 507531.5, 5398675.744, 456.015 ], [ 507531.396, 5398676.5, 456.009 ], [ 507531.31, 5398677.129999999888241, 456.008 ], [ 507531.253000000026077, 5398677.5, 456.003 ], [ 507531.097, 5398678.5, 456.003 ], [ 507530.99, 5398679.190000000409782, 456.002 ], [ 507530.93, 5398679.5, 456.005 ], [ 507530.73499999998603, 5398680.5, 456.003 ], [ 507530.541000000026543, 5398681.5, 455.996 ], [ 507530.5, 5398681.71100000012666, 455.996 ], [ 507530.347, 5398682.5, 455.997 ], [ 507530.299999999988358, 5398682.740000000223517, 455.999 ], [ 507530.129000000015367, 5398683.5, 456.005 ], [ 507529.903999999980442, 5398684.5, 456.012 ], [ 507529.679, 5398685.5, 456.017 ], [ 507529.51, 5398686.25, 456.018 ], [ 507529.5, 5398686.286999999545515, 456.018 ], [ 507529.443000000028405, 5398686.5, 456.018 ], [ 507529.175999999977648, 5398687.5, 456.021 ], [ 507528.908, 5398688.5, 456.023 ], [ 507528.641, 5398689.5, 456.016 ], [ 507528.590000000025611, 5398689.690000000409782, 456.016 ], [ 507528.5, 5398689.989, 456.013 ], [ 507528.346000000019558, 5398690.5, 456.005 ], [ 507528.044999999983702, 5398691.5, 456.001 ], [ 507527.745, 5398692.5, 456.01 ], [ 507527.539999999979045, 5398693.179999999701977, 456.015 ], [ 507527.5, 5398693.298999999649823, 456.016 ], [ 507527.433000000019092, 5398693.5, 456.012 ], [ 507527.097, 5398694.5, 456.017 ], [ 507526.761, 5398695.5, 456.015 ], [ 507526.669999999983702, 5398695.769999999552965, 456.014 ], [ 507526.5, 5398696.223000000230968, 456.015 ], [ 507526.396, 5398696.5, 456.017 ], [ 507526.021, 5398697.5, 456.027 ], [ 507525.645000000018626, 5398698.5, 456.018 ], [ 507525.51, 5398698.860000000335276, 456.018 ], [ 507525.5, 5398698.88399999961257, 456.018 ], [ 507525.243000000016764, 5398699.5, 456.018 ], [ 507524.826, 5398700.5, 456.029 ], [ 507524.5, 5398701.282999999821186, 456.028 ], [ 507524.408999999985099, 5398701.5, 456.026 ], [ 507524.13, 5398702.17, 456.028 ], [ 507523.989, 5398702.5, 456.033 ], [ 507523.669999999983702, 5398703.25, 456.035 ], [ 507523.558000000019092, 5398703.5, 456.034 ], [ 507523.5, 5398703.627999999560416, 456.034 ], [ 507523.108, 5398704.5, 456.039 ], [ 507522.909999999974389, 5398704.940000000409782, 456.042 ], [ 507522.636, 5398705.5, 456.044 ], [ 507522.5, 5398705.776999999769032, 456.044 ], [ 507522.146, 5398706.5, 456.045 ], [ 507521.94, 5398706.92, 456.045 ] ], [ [ 507521.94, 5398706.92, 456.045 ], [ 507522.112000000022817, 5398706.5, 456.045 ], [ 507522.5, 5398705.554999999701977, 456.045 ], [ 507522.522, 5398705.5, 456.045 ], [ 507522.933000000019092, 5398704.5, 456.041 ], [ 507523.343, 5398703.5, 456.037 ], [ 507523.46999999997206, 5398703.190000000409782, 456.037 ], [ 507522.5, 5398702.928000000305474, 456.046 ], [ 507521.5, 5398702.659, 456.056 ], [ 507520.911000000021886, 5398702.5, 456.059 ], [ 507520.5, 5398702.389000000432134, 456.063 ], [ 507519.5, 5398702.120000000111759, 456.06 ], [ 507518.5, 5398701.849999999627471, 456.05 ], [ 507517.5, 5398701.58, 456.054 ], [ 507517.202, 5398701.5, 456.055 ], [ 507516.5, 5398701.310999999754131, 456.061 ], [ 507515.5, 5398701.041000000201166, 456.061 ], [ 507514.5, 5398700.771999999880791, 456.058 ], [ 507513.5, 5398700.502000000327826, 456.057 ], [ 507513.492000000027474, 5398700.5, 456.055 ], [ 507512.5, 5398700.231999999843538, 456.052 ], [ 507512.12, 5398700.129999999888241, 456.044 ], [ 507512.020000000018626, 5398700.5, 456.045 ], [ 507511.75, 5398701.5, 456.053 ], [ 507511.5, 5398702.424999999813735, 456.057 ], [ 507511.479999999981374, 5398702.5, 456.055 ], [ 507511.210000000020955, 5398703.5, 456.047 ], [ 507511.080000000016298, 5398703.980000000447035, 456.042 ], [ 507511.5, 5398704.093000000342727, 456.048 ], [ 507512.5, 5398704.364, 456.051 ], [ 507513.005, 5398704.5, 456.051 ], [ 507513.5, 5398704.63399999961257, 456.052 ], [ 507514.5, 5398704.904, 456.053 ], [ 507515.5, 5398705.173999999649823, 456.058 ], [ 507516.5, 5398705.44400000013411, 456.06 ], [ 507516.706, 5398705.5, 456.058 ], [ 507517.5, 5398705.713999999687076, 456.057 ], [ 507518.5, 5398705.985000000335276, 456.058 ], [ 507519.5, 5398706.254999999888241, 456.05 ], [ 507520.407, 5398706.5, 456.046 ], [ 507520.5, 5398706.525000000372529, 456.048 ], [ 507521.5, 5398706.795, 456.046 ], [ 507521.74, 5398706.860000000335276, 456.046 ], [ 507521.913999999989755, 5398706.5, 456.047 ], [ 507522.396, 5398705.5, 456.048 ], [ 507522.5, 5398705.285000000149012, 456.044 ], [ 507522.710000000020955, 5398704.849999999627471, 456.043 ], [ 507522.87, 5398704.5, 456.041 ], [ 507523.327999999979511, 5398703.5, 456.037 ], [ 507523.46999999997206, 5398703.190000000409782, 456.037 ] ], [ [ 507523.46999999997206, 5398703.190000000409782, 456.037 ], [ 507523.034999999974389, 5398702.5, 456.042 ], [ 507522.5, 5398701.651999999769032, 456.051 ], [ 507522.403999999980442, 5398701.5, 456.053 ], [ 507521.772999999986496, 5398700.5, 456.048 ], [ 507521.5, 5398700.066999999806285, 456.042 ], [ 507521.142, 5398699.5, 456.04 ], [ 507520.511999999987893, 5398698.5, 456.039 ], [ 507520.5, 5398698.481999999843538, 456.038 ], [ 507519.881, 5398697.5, 456.037 ], [ 507519.5, 5398696.895999999716878, 456.035 ], [ 507519.25, 5398696.5, 456.034 ], [ 507518.619, 5398695.5, 456.033 ], [ 507518.5, 5398695.310999999754131, 456.032 ], [ 507517.988000000012107, 5398694.5, 456.032 ], [ 507517.5, 5398693.725999999791384, 456.03 ], [ 507517.358, 5398693.5, 456.028 ], [ 507516.727000000013504, 5398692.5, 456.024 ], [ 507516.5, 5398692.139999999664724, 456.025 ], [ 507516.096000000019558, 5398691.5, 456.027 ], [ 507515.849999999976717, 5398691.110000000335276, 456.033 ], [ 507516.016, 5398690.5, 456.038 ], [ 507516.287000000011176, 5398689.5, 456.048 ], [ 507516.5, 5398688.716, 456.049 ], [ 507516.559, 5398688.5, 456.049 ], [ 507516.830000000016298, 5398687.5, 456.045 ], [ 507517.080000000016298, 5398686.58, 456.045 ], [ 507516.783999999985099, 5398686.5, 456.044 ], [ 507516.5, 5398686.423000000417233, 456.045 ], [ 507515.5, 5398686.153, 456.042 ], [ 507514.5, 5398685.88300000037998, 456.047 ], [ 507513.5, 5398685.611999999731779, 456.047 ], [ 507513.083999999973457, 5398685.5, 456.046 ], [ 507512.5, 5398685.342000000178814, 456.038 ], [ 507511.5, 5398685.071999999694526, 456.035 ], [ 507510.5, 5398684.802000000141561, 456.046 ], [ 507509.5, 5398684.531000000424683, 456.066 ], [ 507509.384000000020023, 5398684.5, 456.072 ], [ 507508.5, 5398684.261, 456.077 ], [ 507507.5, 5398683.99100000038743, 456.064 ], [ 507506.5, 5398683.721, 456.05 ], [ 507505.684, 5398683.5, 456.055 ], [ 507505.5, 5398683.450000000186265, 456.055 ], [ 507504.5, 5398683.179999999701977, 456.04 ], [ 507504.13, 5398683.08, 456.031 ], [ 507504.017, 5398683.5, 456.033 ], [ 507503.74800000002142, 5398684.5, 456.046 ], [ 507503.5, 5398685.418999999761581, 456.046 ], [ 507503.478, 5398685.5, 456.037 ], [ 507503.208999999973457, 5398686.5, 456.03 ], [ 507502.94, 5398687.5, 456.027 ], [ 507502.909999999974389, 5398687.610000000335276, 456.026 ], [ 507503.5, 5398687.769999999552965, 456.025 ], [ 507504.5, 5398688.04, 456.02 ], [ 507505.5, 5398688.310999999754131, 456.028 ], [ 507506.200000000011642, 5398688.5, 456.03 ], [ 507506.5, 5398688.581000000238419, 456.034 ], [ 507507.5, 5398688.850999999791384, 456.033 ], [ 507508.5, 5398689.122000000439584, 456.033 ], [ 507509.5, 5398689.392, 456.04 ], [ 507509.897999999986496, 5398689.5, 456.042 ], [ 507510.5, 5398689.662999999709427, 456.033 ], [ 507511.5, 5398689.933000000193715, 456.025 ], [ 507512.5, 5398690.204, 456.029 ], [ 507513.5, 5398690.474000000394881, 456.03 ], [ 507513.59499999997206, 5398690.5, 456.028 ], [ 507514.5, 5398690.745000000111759, 456.033 ], [ 507515.5, 5398691.014999999664724, 456.034 ], [ 507515.849999999976717, 5398691.110000000335276, 456.033 ] ], [ [ 507515.849999999976717, 5398691.110000000335276, 456.033 ], [ 507516.01400000002468, 5398690.5, 456.038 ], [ 507516.282, 5398689.5, 456.049 ], [ 507516.5, 5398688.685999999754131, 456.049 ], [ 507516.549999999988358, 5398688.5, 456.049 ], [ 507516.818000000028405, 5398687.5, 456.045 ], [ 507517.086000000010245, 5398686.5, 456.045 ], [ 507517.354999999981374, 5398685.5, 456.042 ], [ 507517.5, 5398684.957999999634922, 456.036 ], [ 507517.62300000002142, 5398684.5, 456.034 ], [ 507517.891, 5398683.5, 456.033 ], [ 507518.158999999985099, 5398682.5, 456.03 ], [ 507518.427000000025146, 5398681.5, 456.023 ], [ 507518.5, 5398681.229000000283122, 456.019 ], [ 507518.695, 5398680.5, 456.015 ], [ 507518.963999999978114, 5398679.5, 456.006 ], [ 507519.232000000018161, 5398678.5, 455.997 ], [ 507519.5, 5398677.5, 455.987 ], [ 507519.767999999981839, 5398676.5, 455.977 ], [ 507520.036000000021886, 5398675.5, 455.966 ], [ 507520.305, 5398674.5, 455.955 ], [ 507520.5, 5398673.771999999880791, 455.946 ], [ 507520.572999999974854, 5398673.5, 455.944 ], [ 507520.841000000014901, 5398672.5, 455.932 ], [ 507521.109, 5398671.5, 455.919 ], [ 507521.37699999997858, 5398670.5, 455.905 ], [ 507521.5, 5398670.042999999597669, 455.897 ], [ 507521.646, 5398669.5, 455.891 ], [ 507521.913999999989755, 5398668.5, 455.875 ], [ 507522.181999999971595, 5398667.5, 455.858 ], [ 507522.450000000011642, 5398666.5, 455.841 ], [ 507522.5, 5398666.314000000245869, 455.835 ], [ 507522.718, 5398665.5, 455.823 ], [ 507522.987000000022817, 5398664.5, 455.802 ], [ 507523.255, 5398663.5, 455.781 ], [ 507523.5, 5398662.585, 455.76 ], [ 507523.522999999986496, 5398662.5, 455.759 ], [ 507523.791000000026543, 5398661.5, 455.736 ], [ 507524.059, 5398660.5, 455.713 ], [ 507524.327, 5398659.5, 455.691 ], [ 507524.5, 5398658.856999999843538, 455.675 ], [ 507524.596000000019558, 5398658.5, 455.669 ], [ 507524.864, 5398657.5, 455.651 ], [ 507525.131999999983236, 5398656.5, 455.635 ], [ 507525.35999999998603, 5398655.650000000372529, 455.623 ], [ 507525.343, 5398655.5, 455.622 ], [ 507525.233, 5398654.5, 455.613 ], [ 507525.12300000002142, 5398653.5, 455.607 ], [ 507525.011999999987893, 5398652.5, 455.602 ], [ 507524.902, 5398651.5, 455.598 ], [ 507524.792000000015832, 5398650.5, 455.594 ], [ 507524.680999999982305, 5398649.5, 455.592 ], [ 507524.571, 5398648.5, 455.591 ], [ 507524.5, 5398647.855999999679625, 455.59 ], [ 507524.461000000010245, 5398647.5, 455.591 ], [ 507524.409999999974389, 5398647.04, 455.591 ], [ 507523.5, 5398647.451999999582767, 455.593 ], [ 507523.393999999971129, 5398647.5, 455.593 ], [ 507522.5, 5398647.90500000026077, 455.595 ], [ 507521.979999999981374, 5398648.139999999664724, 455.595 ], [ 507521.5, 5398648.40500000026077, 455.596 ], [ 507521.327999999979511, 5398648.5, 455.596 ], [ 507520.5, 5398648.957999999634922, 455.597 ], [ 507519.517999999981839, 5398649.5, 455.599 ], [ 507519.5, 5398649.509999999776483, 455.599 ], [ 507518.830000000016298, 5398649.879999999888241, 455.599 ], [ 507518.5, 5398650.089999999850988, 455.6 ], [ 507517.856000000028871, 5398650.5, 455.601 ], [ 507517.5, 5398650.725999999791384, 455.601 ], [ 507516.520000000018626, 5398651.349999999627471, 455.601 ], [ 507516.5, 5398651.364, 455.601 ], [ 507516.31, 5398651.5, 455.602 ], [ 507515.5, 5398652.076999999582767, 455.603 ], [ 507514.907, 5398652.5, 455.604 ], [ 507514.57, 5398652.740000000223517, 455.604 ], [ 507515.5, 5398652.99100000038743, 455.61 ], [ 507516.5, 5398653.261, 455.614 ], [ 507517.387999999977183, 5398653.5, 455.619 ], [ 507517.5, 5398653.53000000026077, 455.62 ], [ 507518.5, 5398653.799999999813735, 455.623 ], [ 507519.5, 5398654.070000000298023, 455.626 ], [ 507520.5, 5398654.338999999687076, 455.627 ], [ 507521.096000000019558, 5398654.5, 455.63 ], [ 507521.5, 5398654.609000000171363, 455.63 ], [ 507522.5, 5398654.878999999724329, 455.63 ], [ 507523.5, 5398655.148, 455.629 ], [ 507524.5, 5398655.417999999597669, 455.625 ], [ 507524.804, 5398655.5, 455.625 ], [ 507525.35999999998603, 5398655.650000000372529, 455.623 ] ], [ [ 507525.35999999998603, 5398655.650000000372529, 455.623 ], [ 507524.726000000024214, 5398656.5, 455.638 ], [ 507524.5, 5398656.803000000305474, 455.643 ], [ 507523.979999999981374, 5398657.5, 455.658 ], [ 507523.5, 5398658.143000000156462, 455.668 ], [ 507523.233, 5398658.5, 455.677 ], [ 507522.5, 5398659.483, 455.693 ], [ 507522.487000000022817, 5398659.5, 455.697 ], [ 507521.740999999979977, 5398660.5, 455.717 ], [ 507521.5, 5398660.822999999858439, 455.722 ], [ 507520.995, 5398661.5, 455.736 ], [ 507520.5, 5398662.162999999709427, 455.746 ], [ 507520.24900000001071, 5398662.5, 455.755 ], [ 507519.50199999997858, 5398663.5, 455.774 ], [ 507519.5, 5398663.502999999560416, 455.774 ], [ 507518.756, 5398664.5, 455.791 ], [ 507518.5, 5398664.843000000342727, 455.796 ], [ 507518.01, 5398665.5, 455.809 ], [ 507517.5, 5398666.184000000357628, 455.818 ], [ 507517.26400000002468, 5398666.5, 455.826 ], [ 507516.517999999981839, 5398667.5, 455.843 ], [ 507516.5, 5398667.524000000208616, 455.844 ], [ 507515.772, 5398668.5, 455.861 ], [ 507515.5, 5398668.864, 455.866 ], [ 507515.025000000023283, 5398669.5, 455.878 ], [ 507514.5, 5398670.204, 455.887 ], [ 507514.278999999980442, 5398670.5, 455.895 ], [ 507513.533, 5398671.5, 455.911 ], [ 507513.5, 5398671.543999999761581, 455.912 ], [ 507512.787000000011176, 5398672.5, 455.928 ], [ 507512.5, 5398672.88399999961257, 455.933 ], [ 507512.041000000026543, 5398673.5, 455.944 ], [ 507511.5, 5398674.224000000394881, 455.953 ], [ 507511.294, 5398674.5, 455.959 ], [ 507510.548, 5398675.5, 455.974 ], [ 507510.5, 5398675.565000000409782, 455.975 ], [ 507509.802000000025146, 5398676.5, 455.988 ], [ 507509.5, 5398676.90500000026077, 455.992 ], [ 507509.055999999982305, 5398677.5, 456.001 ], [ 507508.5, 5398678.245000000111759, 456.008 ], [ 507508.31, 5398678.5, 456.013 ], [ 507507.563000000023749, 5398679.5, 456.023 ], [ 507507.5, 5398679.585, 456.023 ], [ 507506.816999999980908, 5398680.5, 456.032 ], [ 507506.5, 5398680.924999999813735, 456.033 ], [ 507506.071, 5398681.5, 456.036 ], [ 507505.5, 5398682.264999999664724, 456.043 ], [ 507505.325000000011642, 5398682.5, 456.044 ], [ 507504.579000000027008, 5398683.5, 456.045 ], [ 507504.5, 5398683.605000000447035, 456.045 ], [ 507503.832999999984168, 5398684.5, 456.048 ], [ 507503.5, 5398684.946000000461936, 456.044 ], [ 507503.086000000010245, 5398685.5, 456.029 ], [ 507502.5, 5398686.286000000312924, 456.017 ], [ 507502.340000000025611, 5398686.5, 456.017 ], [ 507501.593999999982771, 5398687.5, 456.027 ], [ 507501.5, 5398687.626000000163913, 456.028 ], [ 507500.848, 5398688.5, 456.032 ], [ 507500.5, 5398688.966, 456.032 ], [ 507500.102000000013504, 5398689.5, 456.031 ], [ 507499.5, 5398690.30599999986589, 456.03 ], [ 507499.354999999981374, 5398690.5, 456.031 ], [ 507498.609, 5398691.5, 456.033 ], [ 507498.5, 5398691.645999999716878, 456.034 ], [ 507497.863000000012107, 5398692.5, 456.038 ], [ 507497.5, 5398692.986999999731779, 456.039 ], [ 507497.117000000027474, 5398693.5, 456.039 ], [ 507496.5, 5398694.326999999582767, 456.038 ], [ 507496.370999999984633, 5398694.5, 456.039 ], [ 507495.62400000001071, 5398695.5, 456.047 ], [ 507495.520000000018626, 5398695.639999999664724, 456.048 ], [ 507495.699000000022352, 5398696.5, 456.052 ], [ 507495.907, 5398697.5, 456.051 ], [ 507495.99, 5398697.900000000372529, 456.05 ], [ 507496.211000000010245, 5398698.5, 456.046 ], [ 507496.5, 5398699.285000000149012, 456.041 ], [ 507496.579000000027008, 5398699.5, 456.041 ], [ 507496.799999999988358, 5398700.099999999627471, 456.042 ], [ 507497.5, 5398700.29, 456.048 ], [ 507498.273999999975786, 5398700.5, 456.037 ], [ 507498.5, 5398700.560999999754131, 456.023 ], [ 507499.5, 5398700.832999999634922, 455.974 ], [ 507500.5, 5398701.104000000283122, 455.953 ], [ 507501.5, 5398701.375, 455.954 ], [ 507501.958999999973457, 5398701.5, 455.952 ], [ 507502.18, 5398701.559999999590218, 455.953 ], [ 507502.196, 5398701.5, 455.953 ], [ 507502.458999999973457, 5398700.5, 455.965 ], [ 507502.5, 5398700.343000000342727, 455.968 ], [ 507502.722, 5398699.5, 455.974 ], [ 507502.98499999998603, 5398698.5, 455.954 ], [ 507503.19, 5398697.71999999973923, 455.931 ], [ 507502.5, 5398697.532999999821186, 455.941 ], [ 507502.379000000015367, 5398697.5, 455.949 ], [ 507501.5, 5398697.262000000104308, 455.971 ], [ 507500.5, 5398696.99100000038743, 456.001 ], [ 507499.5, 5398696.718999999575317, 456.039 ], [ 507498.691, 5398696.5, 456.046 ], [ 507498.5, 5398696.447999999858439, 456.047 ], [ 507497.5, 5398696.177000000141561, 456.043 ], [ 507496.5, 5398695.906000000424683, 456.042 ], [ 507495.520000000018626, 5398695.639999999664724, 456.048 ] ] ] } },
{ "type": "Feature", "properties": { "fid": 1273, "gml_id": "DEBW_5221uH00010", "creationDate": "2025-01-08", "informationSystem": "http://repository.gdi-de.org/schemas/adv/citygml/fdv/art.htm#_9100", "name": "DEBWL5221uH00010", "Gemeindeschluessel": "08111000", "Geometrietyp2DReferenz": 3000, "DatenquelleDachhoehe": [ 1000 ], "Grundrissaktualitaet": "2024-04-01", "DatenquelleBodenhoehe": [ 1100 ], "DatenquelleLage": [ 1000 ], "function": "31001_3024", "roofType": 1000, "measuredHeight": 15.865, "measuredHeight_uom": "urn:adv:uom:m", "CountryName": "Germany", "LocalityName": "Stuttgart", "ThoroughfareName": "Nobelstraße", "consistsOfBuildingPart|BuildingPart|creationDate": null, "consistsOfBuildingPart|BuildingPart|roofType": null, "consistsOfBuildingPart|BuildingPart|measuredHeight": null, "consistsOfBuildingPart|BuildingPart|measuredHeight_uom": null, "ThoroughfareNumber": "13E, null", "name_": null }, "geometry": { "type": "MultiLineString", "coordinates": [ [ [ 507342.38, 5398521.799999999813735, 453.294 ], [ 507342.429, 5398522.5, 453.301 ], [ 507342.49900000001071, 5398523.5, 453.303 ], [ 507342.5, 5398523.514999999664724, 453.299 ], [ 507342.569000000017695, 5398524.5, 453.301 ], [ 507342.63900000002468, 5398525.5, 453.304 ], [ 507342.708999999973457, 5398526.5, 453.308 ], [ 507342.778999999980442, 5398527.5, 453.328 ], [ 507342.848999999987427, 5398528.5, 453.337 ], [ 507342.919, 5398529.5, 453.335 ], [ 507342.989, 5398530.5, 453.341 ], [ 507343.059, 5398531.5, 453.341 ], [ 507343.129000000015367, 5398532.5, 453.344 ], [ 507343.199000000022352, 5398533.5, 453.35 ], [ 507343.268999999971129, 5398534.5, 453.355 ], [ 507343.337999999988824, 5398535.5, 453.369 ], [ 507343.408, 5398536.5, 453.388 ], [ 507343.478, 5398537.5, 453.411 ], [ 507343.5, 5398537.808000000193715, 453.421 ], [ 507343.548, 5398538.5, 453.435 ], [ 507343.618000000016764, 5398539.5, 453.45 ], [ 507343.688000000023749, 5398540.5, 453.467 ], [ 507343.757999999972526, 5398541.5, 453.484 ], [ 507343.827999999979511, 5398542.5, 453.502 ], [ 507343.897999999986496, 5398543.5, 453.523 ], [ 507343.968, 5398544.5, 453.555 ], [ 507344.038, 5398545.5, 453.599 ], [ 507344.108, 5398546.5, 453.627 ], [ 507344.178000000014435, 5398547.5, 453.643 ], [ 507344.24800000002142, 5398548.5, 453.664 ], [ 507344.318000000028405, 5398549.5, 453.694 ], [ 507344.387999999977183, 5398550.5, 453.724 ], [ 507344.457999999984168, 5398551.5, 453.762 ], [ 507344.5, 5398552.102, 453.775 ], [ 507344.528, 5398552.5, 453.79 ], [ 507344.598, 5398553.5, 453.813 ], [ 507344.668, 5398554.5, 453.844 ], [ 507344.738000000012107, 5398555.5, 453.879 ], [ 507344.808000000019092, 5398556.5, 453.916 ], [ 507344.878000000026077, 5398557.5, 453.967 ], [ 507344.947999999974854, 5398558.5, 454.01 ], [ 507345.017999999981839, 5398559.5, 454.044 ], [ 507345.087999999988824, 5398560.5, 454.066 ], [ 507345.158, 5398561.5, 454.094 ], [ 507345.227000000013504, 5398562.5, 454.117 ], [ 507345.297000000020489, 5398563.5, 454.127 ], [ 507345.367000000027474, 5398564.5, 454.146 ], [ 507345.436999999976251, 5398565.5, 454.165 ], [ 507345.5, 5398566.394999999552965, 454.172 ], [ 507345.506999999983236, 5398566.5, 454.173 ], [ 507345.577, 5398567.5, 454.179 ], [ 507345.647, 5398568.5, 454.177 ], [ 507345.717, 5398569.5, 454.188 ], [ 507345.787000000011176, 5398570.5, 454.192 ], [ 507345.857000000018161, 5398571.5, 454.182 ], [ 507345.927000000025146, 5398572.5, 454.172 ], [ 507345.960000000020955, 5398572.96999999973923, 454.17 ], [ 507345.965000000025611, 5398573.098000000230968, 454.17 ], [ 507345.958999999973457, 5398573.225999999791384, 454.171 ], [ 507345.941999999980908, 5398573.352, 454.171 ], [ 507345.913, 5398573.477, 454.172 ], [ 507345.906000000017229, 5398573.5, 454.174 ], [ 507345.87400000001071, 5398573.599000000394881, 454.173 ], [ 507345.824000000022352, 5398573.716, 454.171 ], [ 507345.76400000002468, 5398573.829, 454.17 ], [ 507345.695, 5398573.937, 454.169 ], [ 507345.615999999979977, 5398574.036999999545515, 454.168 ], [ 507345.528999999980442, 5398574.131, 454.167 ], [ 507345.5, 5398574.156999999657273, 454.167 ], [ 507345.434, 5398574.216, 454.169 ], [ 507345.332, 5398574.292999999597669, 454.168 ], [ 507345.223, 5398574.360999999567866, 454.167 ], [ 507345.109, 5398574.418999999761581, 454.166 ], [ 507344.99, 5398574.466, 454.165 ], [ 507344.878000000026077, 5398574.5, 454.154 ], [ 507344.868000000016764, 5398574.502999999560416, 454.153 ], [ 507344.742000000027474, 5398574.529, 454.152 ], [ 507344.615999999979977, 5398574.543999999761581, 454.151 ], [ 507344.5, 5398574.54700000025332, 454.151 ], [ 507344.488000000012107, 5398574.54700000025332, 454.148 ], [ 507344.35999999998603, 5398574.54, 454.149 ], [ 507343.94, 5398574.5, 454.151 ], [ 507343.5, 5398574.457999999634922, 454.166 ], [ 507342.5, 5398574.362999999895692, 454.175 ], [ 507341.5, 5398574.267, 454.193 ], [ 507340.5, 5398574.17200000025332, 454.204 ], [ 507339.5, 5398574.076999999582767, 454.222 ], [ 507338.5, 5398573.980999999679625, 454.234 ], [ 507337.5, 5398573.886, 454.253 ], [ 507336.5, 5398573.791000000201166, 454.292 ], [ 507335.5, 5398573.695000000298023, 454.342 ], [ 507334.5, 5398573.599999999627471, 454.473 ], [ 507333.659999999974389, 5398573.519999999552965, 454.663 ], [ 507333.5, 5398573.504999999888241, 454.693 ], [ 507333.44, 5398573.5, 454.745 ], [ 507332.5, 5398573.41399999987334, 454.896 ], [ 507331.5, 5398573.322999999858439, 454.841 ], [ 507330.5, 5398573.231999999843538, 454.592 ], [ 507329.5, 5398573.140999999828637, 454.352 ], [ 507328.5, 5398573.049999999813735, 454.221 ], [ 507327.5, 5398572.96, 454.184 ], [ 507326.5, 5398572.869, 454.174 ], [ 507325.5, 5398572.778, 454.157 ], [ 507324.5, 5398572.687, 454.136 ], [ 507323.5, 5398572.596, 454.126 ], [ 507322.5, 5398572.504999999888241, 454.112 ], [ 507322.450000000011642, 5398572.5, 454.108 ], [ 507321.5, 5398572.41399999987334, 454.103 ], [ 507320.5, 5398572.322999999858439, 454.095 ], [ 507319.5, 5398572.231999999843538, 454.076 ], [ 507318.5, 5398572.140999999828637, 454.061 ], [ 507317.5, 5398572.049999999813735, 454.049 ], [ 507316.5, 5398571.958999999798834, 454.05 ], [ 507315.5, 5398571.867999999783933, 454.063 ], [ 507314.5, 5398571.776999999769032, 454.072 ], [ 507313.5, 5398571.685999999754131, 454.077 ], [ 507312.5, 5398571.59499999973923, 454.05 ], [ 507311.5, 5398571.503999999724329, 453.992 ], [ 507311.458999999973457, 5398571.5, 453.982 ], [ 507310.799999999988358, 5398571.440000000409782, 453.962 ], [ 507310.672000000020489, 5398571.423000000417233, 453.958 ], [ 507310.545999999972992, 5398571.394999999552965, 453.953 ], [ 507310.5, 5398571.379999999888241, 453.952 ], [ 507310.422000000020489, 5398571.355000000447035, 453.937 ], [ 507310.303000000014435, 5398571.304999999701977, 453.934 ], [ 507310.189000000013039, 5398571.244, 453.93 ], [ 507310.080000000016298, 5398571.173999999649823, 453.927 ], [ 507309.979, 5398571.093999999575317, 453.924 ], [ 507309.884000000020023, 5398571.006, 453.921 ], [ 507309.798, 5398570.910000000149012, 453.918 ], [ 507309.71999999997206, 5398570.80599999986589, 453.915 ], [ 507309.652, 5398570.696000000461936, 453.912 ], [ 507309.593999999982771, 5398570.58, 453.91 ], [ 507309.563000000023749, 5398570.5, 453.909 ], [ 507309.547000000020489, 5398570.46, 453.902 ], [ 507309.51, 5398570.335, 453.9 ], [ 507309.5, 5398570.286999999545515, 453.899 ], [ 507309.484, 5398570.208999999798834, 453.9 ], [ 507309.46999999997206, 5398570.08, 453.899 ], [ 507309.429, 5398569.5, 453.895 ], [ 507309.359, 5398568.5, 453.886 ], [ 507309.288999999989755, 5398567.5, 453.876 ], [ 507309.218999999982771, 5398566.5, 453.864 ], [ 507309.148999999975786, 5398565.5, 453.853 ], [ 507309.079000000027008, 5398564.5, 453.839 ], [ 507309.009000000020023, 5398563.5, 453.828 ], [ 507308.939000000013039, 5398562.5, 453.81 ], [ 507308.869, 5398561.5, 453.801 ], [ 507308.799, 5398560.5, 453.795 ], [ 507308.729, 5398559.5, 453.788 ], [ 507308.658, 5398558.5, 453.78 ], [ 507308.587999999988824, 5398557.5, 453.775 ], [ 507308.517999999981839, 5398556.5, 453.769 ], [ 507308.5, 5398556.239, 453.768 ], [ 507308.447999999974854, 5398555.5, 453.763 ], [ 507308.378000000026077, 5398554.5, 453.746 ], [ 507308.308000000019092, 5398553.5, 453.75 ], [ 507308.238000000012107, 5398552.5, 453.749 ], [ 507308.168, 5398551.5, 453.747 ], [ 507308.098, 5398550.5, 453.774 ], [ 507308.028, 5398549.5, 453.814 ], [ 507307.957999999984168, 5398548.5, 453.852 ], [ 507307.887999999977183, 5398547.5, 453.871 ], [ 507307.816999999980908, 5398546.5, 453.875 ], [ 507307.746999999973923, 5398545.5, 453.878 ], [ 507307.677000000025146, 5398544.5, 453.887 ], [ 507307.60999999998603, 5398543.54, 453.902 ], [ 507307.607000000018161, 5398543.5, 453.902 ], [ 507307.537000000011176, 5398542.5, 453.938 ], [ 507307.5, 5398541.977, 453.964 ], [ 507307.466000000014901, 5398541.5, 453.975 ], [ 507307.396, 5398540.5, 454.003 ], [ 507307.326, 5398539.5, 454.021 ], [ 507307.255, 5398538.5, 454.038 ], [ 507307.185, 5398537.5, 454.092 ], [ 507307.115, 5398536.5, 454.262 ], [ 507307.044, 5398535.5, 454.56 ], [ 507306.973999999987427, 5398534.5, 454.918 ], [ 507306.903999999980442, 5398533.5, 455.289 ], [ 507306.85999999998603, 5398532.879999999888241, 455.506 ], [ 507306.832999999984168, 5398532.5, 455.594 ], [ 507306.762999999977183, 5398531.5, 455.703 ], [ 507306.693000000028405, 5398530.5, 455.581 ], [ 507306.621999999973923, 5398529.5, 455.281 ], [ 507306.552000000025146, 5398528.5, 454.773 ], [ 507306.5, 5398527.762000000104308, 454.28 ], [ 507306.482000000018161, 5398527.5, 454.178 ], [ 507306.411000000021886, 5398526.5, 453.665 ], [ 507306.341000000014901, 5398525.5, 453.313 ], [ 507306.271, 5398524.5, 453.152 ], [ 507306.26, 5398524.349999999627471, 453.109 ], [ 507306.229999999981374, 5398524.244, 453.103 ], [ 507306.210000000020955, 5398524.134999999776483, 453.096 ], [ 507306.199000000022352, 5398524.025000000372529, 453.088 ], [ 507306.196999999985565, 5398523.915, 453.081 ], [ 507306.205000000016298, 5398523.804999999701977, 453.073 ], [ 507306.222, 5398523.696000000461936, 453.065 ], [ 507306.24900000001071, 5398523.588999999687076, 453.057 ], [ 507306.278999999980442, 5398523.5, 453.05 ], [ 507306.283999999985099, 5398523.484000000171363, 453.04 ], [ 507306.327999999979511, 5398523.38300000037998, 453.034 ], [ 507306.38, 5398523.286000000312924, 453.029 ], [ 507306.441, 5398523.19400000013411, 453.025 ], [ 507306.5, 5398523.119, 453.024 ], [ 507306.509000000020023, 5398523.106999999843538, 453.023 ], [ 507306.583999999973457, 5398523.025999999605119, 453.02 ], [ 507306.666000000026543, 5398522.951999999582767, 453.017 ], [ 507306.754000000015367, 5398522.884999999776483, 453.014 ], [ 507306.848, 5398522.826000000350177, 453.012 ], [ 507306.946, 5398522.775000000372529, 453.011 ], [ 507307.047000000020489, 5398522.733, 453.01 ], [ 507307.153, 5398522.699, 453.009 ], [ 507307.26, 5398522.674999999813735, 453.009 ], [ 507307.37, 5398522.660000000149012, 453.008 ], [ 507307.479999999981374, 5398522.654, 453.009 ], [ 507307.5, 5398522.65500000026077, 453.007 ], [ 507307.590000000025611, 5398522.656999999657273, 453.007 ], [ 507307.700000000011642, 5398522.67, 453.008 ], [ 507308.5, 5398522.615000000223517, 453.013 ], [ 507309.5, 5398522.546, 453.021 ], [ 507310.167000000015832, 5398522.5, 453.026 ], [ 507310.5, 5398522.477, 453.031 ], [ 507311.5, 5398522.407999999821186, 453.045 ], [ 507312.5, 5398522.338999999687076, 453.07 ], [ 507313.5, 5398522.269999999552965, 453.088 ], [ 507314.229999999981374, 5398522.21999999973923, 453.085 ], [ 507314.5, 5398522.201000000350177, 453.084 ], [ 507315.5, 5398522.132000000216067, 453.076 ], [ 507316.5, 5398522.062, 453.067 ], [ 507317.5, 5398521.992999999783933, 453.078 ], [ 507318.5, 5398521.923000000417233, 453.124 ], [ 507319.5, 5398521.853000000119209, 453.165 ], [ 507320.5, 5398521.784, 453.174 ], [ 507321.5, 5398521.713999999687076, 453.186 ], [ 507322.5, 5398521.644999999552965, 453.205 ], [ 507323.5, 5398521.575000000186265, 453.218 ], [ 507324.5, 5398521.506, 453.237 ], [ 507324.580000000016298, 5398521.5, 453.238 ], [ 507325.5, 5398521.435999999754131, 453.234 ], [ 507326.5, 5398521.36600000038743, 453.224 ], [ 507327.5, 5398521.29700000025332, 453.204 ], [ 507328.5, 5398521.227, 453.189 ], [ 507329.5, 5398521.157999999821186, 453.166 ], [ 507330.5, 5398521.088000000454485, 453.16 ], [ 507331.5, 5398521.019000000320375, 453.169 ], [ 507332.5, 5398520.949, 453.185 ], [ 507333.5, 5398520.878999999724329, 453.202 ], [ 507334.5, 5398520.809999999590218, 453.211 ], [ 507335.5, 5398520.740000000223517, 453.216 ], [ 507336.5, 5398520.671, 453.221 ], [ 507337.5, 5398520.600999999791384, 453.225 ], [ 507338.5, 5398520.531999999657273, 453.233 ], [ 507338.955000000016298, 5398520.5, 453.24 ], [ 507339.5, 5398520.462000000290573, 453.25 ], [ 507340.5, 5398520.393000000156462, 453.266 ], [ 507340.68, 5398520.379999999888241, 453.267 ], [ 507340.832, 5398520.381, 453.268 ], [ 507340.983, 5398520.395999999716878, 453.27 ], [ 507341.131, 5398520.424999999813735, 453.271 ], [ 507341.277, 5398520.467000000178814, 453.273 ], [ 507341.35999999998603, 5398520.5, 453.276 ], [ 507341.418, 5398520.523, 453.277 ], [ 507341.5, 5398520.564000000245869, 453.279 ], [ 507341.554, 5398520.591, 453.279 ], [ 507341.681999999971595, 5398520.671, 453.281 ], [ 507341.803000000014435, 5398520.763000000268221, 453.282 ], [ 507341.914999999979045, 5398520.865000000223517, 453.283 ], [ 507342.017, 5398520.978000000119209, 453.285 ], [ 507342.108, 5398521.099000000394881, 453.286 ], [ 507342.188000000023749, 5398521.228000000119209, 453.287 ], [ 507342.255, 5398521.364, 453.289 ], [ 507342.308000000019092, 5398521.5, 453.292 ], [ 507342.31, 5398521.504999999888241, 453.292 ], [ 507342.352000000013504, 5398521.650999999605119, 453.293 ], [ 507342.38, 5398521.799999999813735, 453.294 ] ] ] } },
{ "type": "Feature", "properties": { "fid": 1278, "gml_id": "DEBW_5222Ld00000", "creationDate": "2025-01-08", "informationSystem": "http://repository.gdi-de.org/schemas/adv/citygml/fdv/art.htm#_9100", "name": "DEBWL5222Ld00000", "Gemeindeschluessel": "08111000", "Geometrietyp2DReferenz": 3000, "DatenquelleDachhoehe": [ 1000 ], "Grundrissaktualitaet": "2024-04-01", "DatenquelleBodenhoehe": [ 1100 ], "DatenquelleLage": [ 1000 ], "function": "31001_3023", "roofType": 1000, "measuredHeight": 3.107, "measuredHeight_uom": "urn:adv:uom:m", "CountryName": "Germany", "LocalityName": "Stuttgart", "ThoroughfareName": "Nobelstraße", "consistsOfBuildingPart|BuildingPart|creationDate": null, "consistsOfBuildingPart|BuildingPart|roofType": null, "consistsOfBuildingPart|BuildingPart|measuredHeight": null, "consistsOfBuildingPart|BuildingPart|measuredHeight_uom": null, "ThoroughfareNumber": null, "name_": null }, "geometry": { "type": "MultiLineString", "coordinates": [ [ [ 507526.340000000025611, 5398749.879999999888241, 456.594 ], [ 507525.5, 5398749.879999999888241, 456.596 ], [ 507524.5, 5398749.879999999888241, 456.599 ], [ 507523.5, 5398749.879999999888241, 456.611 ], [ 507522.5, 5398749.879999999888241, 456.639 ], [ 507521.5, 5398749.879999999888241, 456.665 ], [ 507520.5, 5398749.879999999888241, 456.698 ], [ 507519.5, 5398749.879999999888241, 456.731 ], [ 507518.5, 5398749.879999999888241, 456.74 ], [ 507517.5, 5398749.879999999888241, 456.742 ], [ 507516.5, 5398749.879999999888241, 456.743 ], [ 507515.5, 5398749.879999999888241, 456.749 ], [ 507514.5, 5398749.879999999888241, 456.776 ], [ 507513.5, 5398749.879999999888241, 456.801 ], [ 507512.5, 5398749.879999999888241, 456.823 ], [ 507511.5, 5398749.879999999888241, 456.84 ], [ 507510.5, 5398749.879999999888241, 456.845 ], [ 507509.5, 5398749.879999999888241, 456.864 ], [ 507508.5, 5398749.879999999888241, 456.887 ], [ 507507.5, 5398749.879999999888241, 456.913 ], [ 507506.5, 5398749.879999999888241, 456.939 ], [ 507505.5, 5398749.879999999888241, 456.936 ], [ 507504.5, 5398749.879999999888241, 456.905 ], [ 507503.5, 5398749.879999999888241, 456.867 ], [ 507502.5, 5398749.879999999888241, 456.845 ], [ 507501.5, 5398749.879999999888241, 456.822 ], [ 507500.5, 5398749.879999999888241, 456.802 ], [ 507499.5, 5398749.879999999888241, 456.771 ], [ 507498.81, 5398749.879999999888241, 456.728 ], [ 507498.81, 5398749.5, 456.699 ], [ 507498.81, 5398748.5, 456.597 ], [ 507498.81, 5398747.5, 456.498 ], [ 507498.81, 5398746.5, 456.422 ], [ 507498.81, 5398745.5, 456.367 ], [ 507498.81, 5398744.5, 456.322 ], [ 507498.81, 5398743.5, 456.296 ], [ 507498.81, 5398742.5, 456.264 ], [ 507498.81, 5398741.5, 456.241 ], [ 507498.81, 5398740.5, 456.233 ], [ 507498.81, 5398739.5, 456.218 ], [ 507498.81, 5398738.5, 456.198 ], [ 507498.81, 5398737.5, 456.182 ], [ 507498.81, 5398736.5, 456.175 ], [ 507498.81, 5398735.5, 456.164 ], [ 507498.81, 5398735.240000000223517, 456.153 ], [ 507499.5, 5398735.239, 456.143 ], [ 507500.5, 5398735.239, 456.138 ], [ 507501.5, 5398735.237999999895692, 456.131 ], [ 507502.5, 5398735.236999999731779, 456.112 ], [ 507503.5, 5398735.236999999731779, 456.113 ], [ 507504.5, 5398735.235999999567866, 456.101 ], [ 507505.5, 5398735.235000000335276, 456.087 ], [ 507506.5, 5398735.234000000171363, 456.084 ], [ 507507.5, 5398735.234000000171363, 456.083 ], [ 507508.5, 5398735.233, 456.066 ], [ 507509.5, 5398735.231999999843538, 456.049 ], [ 507510.5, 5398735.231999999843538, 456.045 ], [ 507511.5, 5398735.230999999679625, 456.049 ], [ 507512.5, 5398735.230000000447035, 456.05 ], [ 507513.5, 5398735.229000000283122, 456.05 ], [ 507514.5, 5398735.229000000283122, 456.045 ], [ 507515.5, 5398735.228000000119209, 456.029 ], [ 507516.5, 5398735.227, 456.021 ], [ 507517.5, 5398735.225999999791384, 456.033 ], [ 507518.5, 5398735.225999999791384, 456.042 ], [ 507519.5, 5398735.224999999627471, 456.044 ], [ 507520.5, 5398735.224000000394881, 456.053 ], [ 507521.5, 5398735.224000000394881, 456.063 ], [ 507522.5, 5398735.223000000230968, 456.066 ], [ 507523.5, 5398735.222, 456.075 ], [ 507524.5, 5398735.221, 456.08 ], [ 507525.5, 5398735.221, 456.084 ], [ 507526.35999999998603, 5398735.21999999973923, 456.088 ], [ 507526.35999999998603, 5398735.5, 456.096 ], [ 507526.358, 5398736.5, 456.107 ], [ 507526.357000000018161, 5398737.5, 456.109 ], [ 507526.356000000028871, 5398738.5, 456.126 ], [ 507526.354, 5398739.5, 456.168 ], [ 507526.353, 5398740.5, 456.217 ], [ 507526.351000000024214, 5398741.5, 456.269 ], [ 507526.349999999976717, 5398742.5, 456.315 ], [ 507526.348999999987427, 5398743.5, 456.345 ], [ 507526.347, 5398744.5, 456.355 ], [ 507526.346000000019558, 5398745.5, 456.391 ], [ 507526.34499999997206, 5398746.5, 456.435 ], [ 507526.343, 5398747.5, 456.49 ], [ 507526.342, 5398748.5, 456.536 ], [ 507526.341000000014901, 5398749.5, 456.579 ], [ 507526.340000000025611, 5398749.879999999888241, 456.594 ] ] ] } },
{ "type": "Feature", "properties": { "fid": 1283, "gml_id": "DEBW_5221000Qwo2", "creationDate": "2025-01-08", "informationSystem": "http://repository.gdi-de.org/schemas/adv/citygml/fdv/art.htm#_9100", "name": "DEBWL5221000Qwo2", "Gemeindeschluessel": "08111000", "Geometrietyp2DReferenz": 3000, "DatenquelleDachhoehe": [ 1000 ], "Grundrissaktualitaet": "2024-04-01", "DatenquelleBodenhoehe": [ 1100 ], "DatenquelleLage": [ 1000 ], "function": "31001_3023", "roofType": 5000, "measuredHeight": 15.432, "measuredHeight_uom": "urn:adv:uom:m", "CountryName": "Germany", "LocalityName": "Stuttgart", "ThoroughfareName": "Allmandring", "consistsOfBuildingPart|BuildingPart|creationDate": null, "consistsOfBuildingPart|BuildingPart|roofType": null, "consistsOfBuildingPart|BuildingPart|measuredHeight": null, "consistsOfBuildingPart|BuildingPart|measuredHeight_uom": null, "ThoroughfareNumber": "5B, null", "name_": null }, "geometry": { "type": "MultiLineString", "coordinates": [ [ [ 507393.549999999988358, 5398969.21, 457.322 ], [ 507393.5, 5398969.213000000454485, 457.323 ], [ 507392.5, 5398969.281999999657273, 457.335 ], [ 507391.5, 5398969.350999999791384, 457.337 ], [ 507390.5, 5398969.42, 457.336 ], [ 507389.5, 5398969.489, 457.33 ], [ 507389.337999999988824, 5398969.5, 457.323 ], [ 507388.5, 5398969.558000000193715, 457.319 ], [ 507387.5, 5398969.627000000327826, 457.317 ], [ 507386.5, 5398969.695000000298023, 457.318 ], [ 507385.5, 5398969.764000000432134, 457.32 ], [ 507384.5, 5398969.832999999634922, 457.321 ], [ 507383.5, 5398969.901999999769032, 457.322 ], [ 507382.5, 5398969.971, 457.322 ], [ 507381.5, 5398970.04, 457.323 ], [ 507380.5, 5398970.109000000171363, 457.325 ], [ 507379.5, 5398970.177000000141561, 457.321 ], [ 507378.5, 5398970.246000000275671, 457.322 ], [ 507377.5, 5398970.315000000409782, 457.323 ], [ 507376.5, 5398970.38399999961257, 457.319 ], [ 507375.5, 5398970.45299999974668, 457.319 ], [ 507374.815, 5398970.5, 457.321 ], [ 507374.5, 5398970.521999999880791, 457.322 ], [ 507373.5, 5398970.591, 457.323 ], [ 507372.5, 5398970.659, 457.323 ], [ 507371.5, 5398970.728000000119209, 457.326 ], [ 507370.5, 5398970.79700000025332, 457.33 ], [ 507369.5, 5398970.86600000038743, 457.331 ], [ 507368.5, 5398970.934999999590218, 457.333 ], [ 507367.5, 5398971.003999999724329, 457.334 ], [ 507366.5, 5398971.072999999858439, 457.332 ], [ 507365.5, 5398971.140999999828637, 457.331 ], [ 507364.5, 5398971.21, 457.33 ], [ 507363.5, 5398971.279, 457.329 ], [ 507362.5, 5398971.348000000230968, 457.327 ], [ 507361.5, 5398971.417000000365078, 457.325 ], [ 507360.5, 5398971.485999999567866, 457.322 ], [ 507360.292000000015832, 5398971.5, 457.317 ], [ 507359.5, 5398971.554999999701977, 457.316 ], [ 507358.5, 5398971.622999999672174, 457.318 ], [ 507357.5, 5398971.691999999806285, 457.322 ], [ 507356.5, 5398971.761, 457.324 ], [ 507355.5, 5398971.83, 457.321 ], [ 507354.5, 5398971.899000000208616, 457.316 ], [ 507353.5, 5398971.968000000342727, 457.309 ], [ 507352.5, 5398972.036000000312924, 457.299 ], [ 507351.5, 5398972.105000000447035, 457.293 ], [ 507350.5, 5398972.173999999649823, 457.297 ], [ 507349.979999999981374, 5398972.21, 457.297 ], [ 507349.928000000014435, 5398971.5, 457.297 ], [ 507349.856000000028871, 5398970.5, 457.295 ], [ 507349.849999999976717, 5398970.42, 457.294 ], [ 507349.783999999985099, 5398969.5, 457.29 ], [ 507349.712999999988824, 5398968.5, 457.283 ], [ 507349.710000000020955, 5398968.46, 457.281 ], [ 507349.5, 5398968.474000000394881, 457.28 ], [ 507349.12699999997858, 5398968.5, 457.277 ], [ 507348.5, 5398968.542999999597669, 457.273 ], [ 507347.5, 5398968.611999999731779, 457.265 ], [ 507346.650000000023283, 5398968.67, 457.259 ], [ 507346.705000000016298, 5398969.5, 457.265 ], [ 507346.771, 5398970.5, 457.27 ], [ 507346.78000000002794, 5398970.639999999664724, 457.27 ], [ 507346.5, 5398970.657999999821186, 457.267 ], [ 507345.5, 5398970.723000000230968, 457.257 ], [ 507344.5, 5398970.787999999709427, 457.247 ], [ 507343.5, 5398970.853000000119209, 457.24 ], [ 507342.5, 5398970.917999999597669, 457.242 ], [ 507341.5, 5398970.983, 457.261 ], [ 507340.5, 5398971.048000000417233, 457.289 ], [ 507339.5, 5398971.112999999895692, 457.331 ], [ 507339.090000000025611, 5398971.139999999664724, 457.335 ], [ 507339.045999999972992, 5398970.5, 457.345 ], [ 507338.978, 5398969.5, 457.32 ], [ 507338.908999999985099, 5398968.5, 457.196 ], [ 507338.841000000014901, 5398967.5, 456.979 ], [ 507338.772, 5398966.5, 456.815 ], [ 507338.704000000027008, 5398965.5, 456.797 ], [ 507338.635, 5398964.5, 456.865 ], [ 507338.566999999980908, 5398963.5, 456.943 ], [ 507338.5, 5398962.524000000208616, 457.024 ], [ 507338.49800000002142, 5398962.5, 457.018 ], [ 507338.43, 5398961.5, 457.118 ], [ 507338.36099999997532, 5398960.5, 457.221 ], [ 507338.293, 5398959.5, 457.288 ], [ 507338.223999999987427, 5398958.5, 457.308 ], [ 507338.156000000017229, 5398957.5, 457.311 ], [ 507338.087999999988824, 5398956.5, 457.309 ], [ 507338.018999999971129, 5398955.5, 457.302 ], [ 507337.951, 5398954.5, 457.287 ], [ 507337.881999999983236, 5398953.5, 457.267 ], [ 507337.814000000013039, 5398952.5, 457.264 ], [ 507337.745, 5398951.5, 457.268 ], [ 507337.677000000025146, 5398950.5, 457.266 ], [ 507337.608, 5398949.5, 457.284 ], [ 507337.539999999979045, 5398948.5, 457.308 ], [ 507337.5, 5398947.92, 457.312 ], [ 507337.471000000019558, 5398947.5, 457.314 ], [ 507337.403, 5398946.5, 457.315 ], [ 507337.333999999973457, 5398945.5, 457.317 ], [ 507337.266, 5398944.5, 457.319 ], [ 507337.196999999985565, 5398943.5, 457.323 ], [ 507337.129000000015367, 5398942.5, 457.325 ], [ 507337.06, 5398941.5, 457.326 ], [ 507336.992000000027474, 5398940.5, 457.322 ], [ 507336.923, 5398939.5, 457.317 ], [ 507336.854999999981374, 5398938.5, 457.315 ], [ 507336.786000000021886, 5398937.5, 457.314 ], [ 507336.718, 5398936.5, 457.313 ], [ 507336.650000000023283, 5398935.5, 457.316 ], [ 507336.581, 5398934.5, 457.311 ], [ 507336.512999999977183, 5398933.5, 457.298 ], [ 507336.5, 5398933.315999999642372, 457.294 ], [ 507336.444000000017695, 5398932.5, 457.29 ], [ 507336.37599999998929, 5398931.5, 457.288 ], [ 507336.306999999971595, 5398930.5, 457.284 ], [ 507336.239, 5398929.5, 457.278 ], [ 507336.169999999983702, 5398928.5, 457.272 ], [ 507336.102000000013504, 5398927.5, 457.266 ], [ 507336.033, 5398926.5, 457.256 ], [ 507335.965000000025611, 5398925.5, 457.246 ], [ 507335.896, 5398924.5, 457.246 ], [ 507335.85999999998603, 5398923.96999999973923, 457.247 ], [ 507336.5, 5398923.926, 457.24 ], [ 507337.5, 5398923.856999999843538, 457.227 ], [ 507338.5, 5398923.787999999709427, 457.222 ], [ 507339.5, 5398923.718999999575317, 457.226 ], [ 507340.5, 5398923.650000000372529, 457.232 ], [ 507341.5, 5398923.581000000238419, 457.232 ], [ 507342.5, 5398923.512000000104308, 457.236 ], [ 507342.670999999972992, 5398923.5, 457.237 ], [ 507343.5, 5398923.443, 457.248 ], [ 507343.539999999979045, 5398923.440000000409782, 457.249 ], [ 507343.544, 5398923.5, 457.243 ], [ 507343.61099999997532, 5398924.5, 457.22 ], [ 507343.669999999983702, 5398925.389999999664724, 457.213 ], [ 507344.5, 5398925.333999999798834, 457.22 ], [ 507345.5, 5398925.265999999828637, 457.232 ], [ 507346.5, 5398925.197999999858439, 457.244 ], [ 507346.76, 5398925.179999999701977, 457.246 ], [ 507346.713999999978114, 5398924.5, 457.252 ], [ 507346.647, 5398923.5, 457.265 ], [ 507346.63, 5398923.240000000223517, 457.271 ], [ 507346.581, 5398922.5, 457.28 ], [ 507346.51400000002468, 5398921.5, 457.297 ], [ 507346.51, 5398921.440000000409782, 457.299 ], [ 507347.5, 5398921.372000000439584, 457.326 ], [ 507348.5, 5398921.303999999538064, 457.331 ], [ 507349.5, 5398921.235999999567866, 457.328 ], [ 507350.5, 5398921.167000000365078, 457.328 ], [ 507351.5, 5398921.099000000394881, 457.329 ], [ 507352.5, 5398921.03000000026077, 457.329 ], [ 507353.5, 5398920.962000000290573, 457.326 ], [ 507354.5, 5398920.894000000320375, 457.323 ], [ 507355.5, 5398920.825000000186265, 457.325 ], [ 507356.5, 5398920.757000000216067, 457.329 ], [ 507357.5, 5398920.689000000245869, 457.329 ], [ 507358.5, 5398920.620000000111759, 457.326 ], [ 507359.5, 5398920.552000000141561, 457.322 ], [ 507360.256999999983236, 5398920.5, 457.32 ], [ 507360.5, 5398920.483, 457.318 ], [ 507361.5, 5398920.415, 457.316 ], [ 507362.5, 5398920.347, 457.313 ], [ 507363.5, 5398920.278, 457.314 ], [ 507364.5, 5398920.21, 457.31 ], [ 507365.5, 5398920.140999999828637, 457.305 ], [ 507366.5, 5398920.072999999858439, 457.302 ], [ 507367.5, 5398920.004999999888241, 457.3 ], [ 507368.5, 5398919.935999999754131, 457.301 ], [ 507369.5, 5398919.867999999783933, 457.308 ], [ 507370.5, 5398919.799999999813735, 457.316 ], [ 507371.5, 5398919.730999999679625, 457.321 ], [ 507372.5, 5398919.662999999709427, 457.323 ], [ 507373.5, 5398919.593999999575317, 457.325 ], [ 507374.5, 5398919.525999999605119, 457.328 ], [ 507374.881, 5398919.5, 457.329 ], [ 507375.5, 5398919.457999999634922, 457.326 ], [ 507376.5, 5398919.389000000432134, 457.329 ], [ 507377.5, 5398919.321000000461936, 457.334 ], [ 507378.5, 5398919.252999999560416, 457.334 ], [ 507379.5, 5398919.184000000357628, 457.335 ], [ 507380.5, 5398919.11600000038743, 457.333 ], [ 507381.5, 5398919.04700000025332, 457.33 ], [ 507382.5, 5398918.979000000283122, 457.331 ], [ 507383.5, 5398918.911000000312924, 457.332 ], [ 507384.5, 5398918.842000000178814, 457.324 ], [ 507385.5, 5398918.774000000208616, 457.319 ], [ 507386.5, 5398918.705, 457.317 ], [ 507387.5, 5398918.637000000104308, 457.316 ], [ 507388.5, 5398918.56900000013411, 457.318 ], [ 507389.5, 5398918.5, 457.316 ], [ 507389.505, 5398918.5, 457.316 ], [ 507390.090000000025611, 5398918.46, 457.314 ], [ 507390.092, 5398918.5, 457.314 ], [ 507390.099999999976717, 5398918.660000000149012, 457.314 ], [ 507390.06, 5398918.67, 457.314 ], [ 507390.115999999979977, 5398919.5, 457.313 ], [ 507390.184, 5398920.5, 457.314 ], [ 507390.25099999998929, 5398921.5, 457.314 ], [ 507390.319000000017695, 5398922.5, 457.316 ], [ 507390.386999999987893, 5398923.5, 457.313 ], [ 507390.454000000027008, 5398924.5, 457.316 ], [ 507390.5, 5398925.178999999538064, 457.322 ], [ 507390.522, 5398925.5, 457.328 ], [ 507390.588999999978114, 5398926.5, 457.331 ], [ 507390.657, 5398927.5, 457.332 ], [ 507390.724999999976717, 5398928.5, 457.333 ], [ 507390.792000000015832, 5398929.5, 457.334 ], [ 507390.85999999998603, 5398930.5, 457.333 ], [ 507390.927000000025146, 5398931.5, 457.332 ], [ 507390.995, 5398932.5, 457.332 ], [ 507391.063000000023749, 5398933.5, 457.332 ], [ 507391.13, 5398934.5, 457.332 ], [ 507391.169999999983702, 5398935.089999999850988, 457.325 ], [ 507390.5, 5398935.136, 457.336 ], [ 507389.5, 5398935.204, 457.344 ], [ 507388.5, 5398935.273, 457.349 ], [ 507387.5, 5398935.341, 457.352 ], [ 507386.5, 5398935.410000000149012, 457.35 ], [ 507385.5, 5398935.478000000119209, 457.347 ], [ 507385.180999999982305, 5398935.5, 457.341 ], [ 507384.5, 5398935.54700000025332, 457.334 ], [ 507383.5, 5398935.615000000223517, 457.318 ], [ 507382.5, 5398935.684000000357628, 457.306 ], [ 507381.5, 5398935.752000000327826, 457.299 ], [ 507380.5, 5398935.820000000298023, 457.296 ], [ 507380.35999999998603, 5398935.83, 457.296 ], [ 507379.5, 5398935.888000000268221, 457.294 ], [ 507378.5, 5398935.956000000238419, 457.29 ], [ 507377.5, 5398936.024000000208616, 457.286 ], [ 507376.96999999997206, 5398936.059999999590218, 457.284 ], [ 507377.0, 5398936.5, 457.282 ], [ 507377.066999999980908, 5398937.5, 457.278 ], [ 507377.134000000020023, 5398938.5, 457.274 ], [ 507377.202, 5398939.5, 457.27 ], [ 507377.268999999971129, 5398940.5, 457.267 ], [ 507377.337, 5398941.5, 457.264 ], [ 507377.403999999980442, 5398942.5, 457.263 ], [ 507377.471000000019558, 5398943.5, 457.264 ], [ 507377.5, 5398943.924999999813735, 457.264 ], [ 507377.538999999989755, 5398944.5, 457.265 ], [ 507377.606000000028871, 5398945.5, 457.267 ], [ 507377.674, 5398946.5, 457.27 ], [ 507377.740999999979977, 5398947.5, 457.274 ], [ 507377.808000000019092, 5398948.5, 457.279 ], [ 507377.87599999998929, 5398949.5, 457.285 ], [ 507377.943000000028405, 5398950.5, 457.29 ], [ 507378.011, 5398951.5, 457.295 ], [ 507378.077999999979511, 5398952.5, 457.301 ], [ 507378.145000000018626, 5398953.5, 457.305 ], [ 507378.150000000023283, 5398953.570000000298023, 457.306 ], [ 507378.5, 5398953.546, 457.309 ], [ 507379.185999999986961, 5398953.5, 457.313 ], [ 507379.5, 5398953.479000000283122, 457.315 ], [ 507380.5, 5398953.411000000312924, 457.323 ], [ 507381.5, 5398953.343999999575317, 457.332 ], [ 507381.57, 5398953.338999999687076, 457.332 ], [ 507382.5, 5398953.275999999605119, 457.342 ], [ 507383.5, 5398953.208999999798834, 457.351 ], [ 507384.5, 5398953.142, 457.361 ], [ 507385.5, 5398953.074, 457.37 ], [ 507386.5, 5398953.007000000216067, 457.374 ], [ 507387.5, 5398952.939000000245869, 457.371 ], [ 507388.5, 5398952.872000000439584, 457.36 ], [ 507389.5, 5398952.804999999701977, 457.353 ], [ 507390.5, 5398952.736999999731779, 457.354 ], [ 507391.5, 5398952.67, 457.354 ], [ 507392.39000000001397, 5398952.610000000335276, 457.345 ], [ 507392.450000000011642, 5398953.5, 457.351 ], [ 507392.5, 5398954.235000000335276, 457.342 ], [ 507392.517999999981839, 5398954.5, 457.339 ], [ 507392.586000000010245, 5398955.5, 457.328 ], [ 507392.653, 5398956.5, 457.316 ], [ 507392.721000000019558, 5398957.5, 457.322 ], [ 507392.788999999989755, 5398958.5, 457.336 ], [ 507392.856000000028871, 5398959.5, 457.346 ], [ 507392.924, 5398960.5, 457.348 ], [ 507392.992000000027474, 5398961.5, 457.343 ], [ 507393.059, 5398962.5, 457.33 ], [ 507393.12699999997858, 5398963.5, 457.329 ], [ 507393.195, 5398964.5, 457.34 ], [ 507393.261999999987893, 5398965.5, 457.341 ], [ 507393.330000000016298, 5398966.5, 457.34 ], [ 507393.397999999986496, 5398967.5, 457.342 ], [ 507393.465000000025611, 5398968.5, 457.34 ], [ 507393.5, 5398969.009999999776483, 457.327 ], [ 507393.539999999979045, 5398969.009999999776483, 457.327 ], [ 507393.549999999988358, 5398969.21, 457.322 ] ] ] } },
{ "type": "Feature", "properties": { "fid": 1286, "gml_id": "DEBW_52230000Bkv", "creationDate": "2025-01-08", "informationSystem": "http://repository.gdi-de.org/schemas/adv/citygml/fdv/art.htm#_9100", "name": "DEBWL52230000Bkv", "Gemeindeschluessel": "08111000", "Geometrietyp2DReferenz": 3000, "DatenquelleDachhoehe": [ 1000 ], "Grundrissaktualitaet": "2024-04-01", "DatenquelleBodenhoehe": [ 1100 ], "DatenquelleLage": [ 1000 ], "function": "31001_3024", "roofType": 5000, "measuredHeight": 22.899, "measuredHeight_uom": "urn:adv:uom:m", "CountryName": "Germany", "LocalityName": "Stuttgart", "ThoroughfareName": "Nobelstraße", "consistsOfBuildingPart|BuildingPart|creationDate": null, "consistsOfBuildingPart|BuildingPart|roofType": null, "consistsOfBuildingPart|BuildingPart|measuredHeight": null, "consistsOfBuildingPart|BuildingPart|measuredHeight_uom": null, "ThoroughfareNumber": "12N, null", "name_": null }, "geometry": { "type": "MultiLineString", "coordinates": [ [ [ 507055.82, 5398561.46, 452.366 ], [ 507056.5, 5398561.233, 452.718 ], [ 507057.5, 5398560.899000000208616, 453.207 ], [ 507058.5, 5398560.565000000409782, 453.668 ], [ 507058.696, 5398560.5, 453.729 ], [ 507059.5, 5398560.231999999843538, 454.038 ], [ 507060.5, 5398559.898, 454.292 ], [ 507061.5, 5398559.564000000245869, 454.44 ], [ 507061.691999999980908, 5398559.5, 454.451 ], [ 507062.5, 5398559.230000000447035, 454.468 ], [ 507063.5, 5398558.896999999880791, 454.446 ], [ 507064.5, 5398558.563, 454.391 ], [ 507064.688000000023749, 5398558.5, 454.377 ], [ 507065.5, 5398558.229000000283122, 454.242 ], [ 507066.5, 5398557.894999999552965, 454.107 ], [ 507067.5, 5398557.562, 453.947 ], [ 507067.684, 5398557.5, 453.921 ], [ 507068.5, 5398557.228000000119209, 453.732 ], [ 507069.5, 5398556.894000000320375, 453.558 ], [ 507070.5, 5398556.559999999590218, 453.394 ], [ 507070.68, 5398556.5, 453.372 ], [ 507071.039999999979045, 5398556.379999999888241, 453.271 ], [ 507071.40500000002794, 5398556.201000000350177, 453.204 ], [ 507071.5, 5398556.165, 453.177 ], [ 507071.783999999985099, 5398556.05599999986589, 453.125 ], [ 507072.174999999988358, 5398555.945000000298023, 453.069 ], [ 507072.5, 5398555.884999999776483, 453.012 ], [ 507072.574000000022352, 5398555.871000000275671, 453.0 ], [ 507072.979, 5398555.833999999798834, 452.947 ], [ 507073.385, 5398555.833999999798834, 452.908 ], [ 507073.5, 5398555.84499999973923, 452.869 ], [ 507073.789999999979045, 5398555.871000000275671, 452.83 ], [ 507074.189000000013039, 5398555.94400000013411, 452.785 ], [ 507074.5, 5398556.031000000424683, 452.715 ], [ 507074.581, 5398556.053999999538064, 452.704 ], [ 507074.960000000020955, 5398556.199, 452.657 ], [ 507075.325000000011642, 5398556.377999999560416, 452.619 ], [ 507075.5, 5398556.484000000171363, 452.557 ], [ 507075.526000000012573, 5398556.5, 452.565 ], [ 507075.672000000020489, 5398556.588999999687076, 452.544 ], [ 507075.99800000002142, 5398556.831000000238419, 452.499 ], [ 507076.300999999977648, 5398557.102, 452.46 ], [ 507076.5, 5398557.315999999642372, 452.409 ], [ 507076.577, 5398557.399000000208616, 452.402 ], [ 507076.65500000002794, 5398557.5, 452.392 ], [ 507076.826, 5398557.721, 452.366 ], [ 507077.044, 5398558.063, 452.332 ], [ 507077.229999999981374, 5398558.424999999813735, 452.303 ], [ 507077.261, 5398558.5, 452.292 ], [ 507077.382999999972526, 5398558.801, 452.261 ], [ 507077.5, 5398559.190000000409782, 452.195 ], [ 507077.518999999971129, 5398559.279, 452.19 ], [ 507077.534999999974389, 5398559.369, 452.185 ], [ 507077.552000000025146, 5398559.458999999798834, 452.18 ], [ 507077.558000000019092, 5398559.5, 452.165 ], [ 507077.565, 5398559.548999999649823, 452.163 ], [ 507077.579000000027008, 5398559.639000000432134, 452.16 ], [ 507077.590000000025611, 5398559.730000000447035, 452.156 ], [ 507077.601000000024214, 5398560.5, 452.132 ], [ 507077.615, 5398561.5, 452.117 ], [ 507077.629000000015367, 5398562.5, 452.097 ], [ 507077.642999999981839, 5398563.5, 452.071 ], [ 507077.657, 5398564.5, 452.062 ], [ 507077.672000000020489, 5398565.5, 452.056 ], [ 507077.685999999986961, 5398566.5, 452.064 ], [ 507077.700000000011642, 5398567.5, 452.074 ], [ 507077.700000000011642, 5398567.509999999776483, 452.074 ], [ 507077.721000000019558, 5398568.5, 452.07 ], [ 507077.740999999979977, 5398569.5, 452.068 ], [ 507077.761999999987893, 5398570.5, 452.074 ], [ 507077.770000000018626, 5398570.889999999664724, 452.076 ], [ 507077.800999999977648, 5398571.156999999657273, 452.079 ], [ 507077.854999999981374, 5398571.421, 452.082 ], [ 507077.879000000015367, 5398571.5, 452.082 ], [ 507077.931999999971595, 5398571.678999999538064, 452.082 ], [ 507078.031000000017229, 5398571.928999999538064, 452.08 ], [ 507078.150000000023283, 5398572.17, 452.079 ], [ 507078.289999999979045, 5398572.400000000372529, 452.077 ], [ 507078.364, 5398572.5, 452.073 ], [ 507078.5, 5398572.683000000193715, 452.072 ], [ 507079.104999999981374, 5398573.5, 452.07 ], [ 507079.5, 5398574.031999999657273, 452.067 ], [ 507079.847, 5398574.5, 452.064 ], [ 507080.5, 5398575.381, 452.064 ], [ 507080.587999999988824, 5398575.5, 452.065 ], [ 507081.329000000027008, 5398576.5, 452.068 ], [ 507081.5, 5398576.730000000447035, 452.07 ], [ 507082.071, 5398577.5, 452.072 ], [ 507082.5, 5398578.079, 452.075 ], [ 507082.76, 5398578.429999999701977, 452.076 ], [ 507082.813000000023749, 5398578.5, 452.076 ], [ 507082.946999999985565, 5398578.677000000141561, 452.077 ], [ 507083.150000000023283, 5398578.911000000312924, 452.079 ], [ 507083.368000000016764, 5398579.131, 452.08 ], [ 507083.5, 5398579.247999999672174, 452.081 ], [ 507083.598999999987427, 5398579.33600000012666, 452.081 ], [ 507083.81, 5398579.5, 452.083 ], [ 507083.843999999982771, 5398579.525999999605119, 452.083 ], [ 507084.099999999976717, 5398579.700000000186265, 452.083 ], [ 507084.5, 5398579.939000000245869, 452.082 ], [ 507085.441, 5398580.5, 452.081 ], [ 507085.5, 5398580.535000000149012, 452.077 ], [ 507086.38, 5398581.059999999590218, 452.078 ], [ 507086.5, 5398581.131, 452.078 ], [ 507087.12300000002142, 5398581.5, 452.08 ], [ 507087.5, 5398581.724000000394881, 452.079 ], [ 507088.5, 5398582.315999999642372, 452.078 ], [ 507088.81, 5398582.5, 452.081 ], [ 507089.5, 5398582.909, 452.083 ], [ 507090.49800000002142, 5398583.5, 452.099 ], [ 507090.5, 5398583.501000000163913, 452.098 ], [ 507091.5, 5398584.093999999575317, 452.218 ], [ 507092.185999999986961, 5398584.5, 452.39 ], [ 507092.5, 5398584.685999999754131, 452.492 ], [ 507092.81, 5398584.870000000111759, 452.542 ], [ 507092.933000000019092, 5398584.929999999701977, 452.561 ], [ 507093.06, 5398584.983, 452.581 ], [ 507093.189000000013039, 5398585.029, 452.601 ], [ 507093.321, 5398585.066999999806285, 452.621 ], [ 507093.455000000016298, 5398585.097, 452.64 ], [ 507093.5, 5398585.105000000447035, 452.668 ], [ 507093.590000000025611, 5398585.120000000111759, 452.673 ], [ 507093.615, 5398585.5, 452.714 ], [ 507093.681999999971595, 5398586.5, 452.762 ], [ 507093.74900000001071, 5398587.5, 452.796 ], [ 507093.816, 5398588.5, 452.837 ], [ 507093.882999999972526, 5398589.5, 452.881 ], [ 507093.950000000011642, 5398590.5, 452.923 ], [ 507094.017, 5398591.5, 452.96 ], [ 507094.083999999973457, 5398592.5, 452.993 ], [ 507094.151000000012573, 5398593.5, 453.02 ], [ 507094.218, 5398594.5, 453.04 ], [ 507094.284999999974389, 5398595.5, 453.054 ], [ 507094.352000000013504, 5398596.5, 453.061 ], [ 507094.419, 5398597.5, 453.061 ], [ 507094.450000000011642, 5398597.96, 453.059 ], [ 507093.982000000018161, 5398598.5, 453.056 ], [ 507093.5, 5398599.05599999986589, 453.053 ], [ 507093.115, 5398599.5, 453.056 ], [ 507092.5, 5398600.208999999798834, 453.056 ], [ 507092.24800000002142, 5398600.5, 453.056 ], [ 507091.710000000020955, 5398601.120000000111759, 453.053 ], [ 507091.5, 5398601.042000000365078, 453.059 ], [ 507090.5, 5398600.671, 453.123 ], [ 507090.038999999989755, 5398600.5, 453.162 ], [ 507089.5, 5398600.299999999813735, 453.213 ], [ 507088.5, 5398599.928999999538064, 453.284 ], [ 507087.5, 5398599.558000000193715, 453.353 ], [ 507087.343999999982771, 5398599.5, 453.375 ], [ 507086.5, 5398599.187, 453.429 ], [ 507085.5, 5398598.815999999642372, 453.508 ], [ 507084.729999999981374, 5398598.53000000026077, 453.579 ], [ 507084.648999999975786, 5398598.5, 453.585 ], [ 507084.5, 5398598.445000000298023, 453.6 ], [ 507083.5, 5398598.075000000186265, 453.681 ], [ 507082.5, 5398597.705, 453.743 ], [ 507082.270000000018626, 5398597.620000000111759, 453.757 ], [ 507081.5, 5398597.558000000193715, 453.775 ], [ 507080.789999999979045, 5398597.5, 453.78 ], [ 507080.5, 5398597.475999999791384, 453.779 ], [ 507080.272, 5398597.457999999634922, 453.781 ], [ 507079.5, 5398597.373999999836087, 453.783 ], [ 507078.5, 5398597.265999999828637, 453.792 ], [ 507078.28000000002794, 5398597.24199999962002, 453.795 ], [ 507077.5, 5398597.136, 453.801 ], [ 507076.5, 5398597.0, 453.807 ], [ 507076.294, 5398596.972, 453.809 ], [ 507075.5, 5398596.842000000178814, 453.812 ], [ 507074.5, 5398596.678000000305474, 453.811 ], [ 507074.316, 5398596.648, 453.809 ], [ 507073.543, 5398596.5, 453.808 ], [ 507073.5, 5398596.49199999962002, 453.805 ], [ 507072.5, 5398596.299999999813735, 453.81 ], [ 507072.348, 5398596.270999999716878, 453.811 ], [ 507071.5, 5398596.083999999798834, 453.811 ], [ 507070.5, 5398595.864, 453.803 ], [ 507070.39000000001397, 5398595.839999999850988, 453.801 ], [ 507070.18, 5398595.769999999552965, 453.8 ], [ 507069.5, 5398595.549999999813735, 453.796 ], [ 507069.343999999982771, 5398595.5, 453.797 ], [ 507068.5, 5398595.228000000119209, 453.794 ], [ 507067.5, 5398594.90500000026077, 453.789 ], [ 507066.5, 5398594.582000000402331, 453.783 ], [ 507066.245999999984633, 5398594.5, 453.783 ], [ 507065.5, 5398594.25899999961257, 453.78 ], [ 507064.5, 5398593.935999999754131, 453.781 ], [ 507063.5, 5398593.614, 453.79 ], [ 507063.147999999986496, 5398593.5, 453.795 ], [ 507062.5, 5398593.291000000201166, 453.797 ], [ 507061.5, 5398592.968000000342727, 453.807 ], [ 507060.5, 5398592.644999999552965, 453.811 ], [ 507060.049999999988358, 5398592.5, 453.808 ], [ 507059.5, 5398592.321999999694526, 453.801 ], [ 507058.5, 5398591.998999999836087, 453.797 ], [ 507057.5, 5398591.677000000141561, 453.795 ], [ 507056.952999999979511, 5398591.5, 453.792 ], [ 507056.549999999988358, 5398591.370000000111759, 453.795 ], [ 507056.5, 5398591.350999999791384, 453.795 ], [ 507055.5, 5398590.971, 453.789 ], [ 507054.592, 5398590.626000000163913, 453.777 ], [ 507054.5, 5398590.582999999634922, 453.776 ], [ 507054.32, 5398590.5, 453.771 ], [ 507053.5, 5398590.121000000275671, 453.785 ], [ 507052.691, 5398589.747000000439584, 453.813 ], [ 507052.5, 5398589.642, 453.819 ], [ 507052.243000000016764, 5398589.5, 453.827 ], [ 507051.5, 5398589.089999999850988, 453.823 ], [ 507050.857000000018161, 5398588.735999999567866, 453.796 ], [ 507050.5, 5398588.504999999888241, 453.786 ], [ 507050.492000000027474, 5398588.5, 453.778 ], [ 507049.5, 5398587.859000000171363, 453.76 ], [ 507049.098, 5398587.599000000394881, 453.741 ], [ 507048.966000000014901, 5398587.5, 453.739 ], [ 507048.5, 5398587.150000000372529, 453.729 ], [ 507047.634000000020023, 5398586.5, 453.732 ], [ 507047.5, 5398586.400000000372529, 453.736 ], [ 507047.423, 5398586.342000000178814, 453.735 ], [ 507046.5, 5398585.542000000365078, 453.731 ], [ 507046.452, 5398585.5, 453.723 ], [ 507045.840000000025611, 5398584.96999999973923, 453.693 ], [ 507045.5, 5398584.622000000439584, 453.674 ], [ 507045.381, 5398584.5, 453.648 ], [ 507045.104999999981374, 5398584.217000000178814, 453.61 ], [ 507044.512999999977183, 5398583.5, 453.534 ], [ 507044.5, 5398583.485000000335276, 453.517 ], [ 507044.435, 5398583.406000000424683, 453.485 ], [ 507043.836000000010245, 5398582.54, 453.383 ], [ 507043.813000000023749, 5398582.5, 453.379 ], [ 507043.5, 5398581.955, 453.296 ], [ 507043.311999999976251, 5398581.627999999560416, 453.236 ], [ 507043.25199999997858, 5398581.5, 453.221 ], [ 507042.867000000027474, 5398580.673999999649823, 453.046 ], [ 507042.803000000014435, 5398580.5, 453.014 ], [ 507042.504000000015367, 5398579.685999999754131, 452.761 ], [ 507042.5, 5398579.671, 452.757 ], [ 507042.452999999979511, 5398579.5, 452.688 ], [ 507042.224999999976717, 5398578.67200000025332, 452.377 ], [ 507042.193000000028405, 5398578.5, 452.326 ], [ 507042.033, 5398577.637000000104308, 451.97 ], [ 507042.018999999971129, 5398577.5, 451.924 ], [ 507041.928000000014435, 5398576.589999999850988, 451.528 ], [ 507041.927000000025146, 5398576.5, 451.496 ], [ 507041.912000000011176, 5398575.537999999709427, 451.092 ], [ 507041.914999999979045, 5398575.5, 451.079 ], [ 507041.984, 5398574.5, 450.672 ], [ 507041.98499999998603, 5398574.487999999895692, 450.595 ], [ 507042.136999999987893, 5398573.5, 450.303 ], [ 507042.145000000018626, 5398573.447999999858439, 450.217 ], [ 507042.375, 5398572.5, 449.957 ], [ 507042.392999999981839, 5398572.426, 449.884 ], [ 507042.5, 5398572.105000000447035, 449.797 ], [ 507042.702, 5398571.5, 449.659 ], [ 507042.726000000024214, 5398571.427000000141561, 449.586 ], [ 507043.12400000001071, 5398570.5, 449.38 ], [ 507043.141, 5398570.46, 449.329 ], [ 507043.5, 5398569.787999999709427, 449.204 ], [ 507043.636999999987893, 5398569.531999999657273, 449.167 ], [ 507043.658, 5398569.5, 449.162 ], [ 507044.208999999973457, 5398568.649000000208616, 449.102 ], [ 507044.324000000022352, 5398568.5, 449.096 ], [ 507044.5, 5398568.273, 449.094 ], [ 507044.853, 5398567.816999999806285, 449.107 ], [ 507045.143999999971129, 5398567.5, 449.117 ], [ 507045.5, 5398567.112999999895692, 449.164 ], [ 507045.565, 5398567.042000000365078, 449.172 ], [ 507046.15500000002794, 5398566.5, 449.216 ], [ 507046.340000000025611, 5398566.33, 449.247 ], [ 507046.5, 5398566.205, 449.258 ], [ 507047.403, 5398565.5, 449.327 ], [ 507047.5, 5398565.424999999813735, 449.368 ], [ 507047.75199999997858, 5398565.228000000119209, 449.414 ], [ 507048.5, 5398564.730000000447035, 449.552 ], [ 507048.846000000019558, 5398564.5, 449.616 ], [ 507049.243000000016764, 5398564.235999999567866, 449.725 ], [ 507049.5, 5398564.091, 449.819 ], [ 507050.5, 5398563.529, 450.148 ], [ 507050.552000000025146, 5398563.5, 450.164 ], [ 507050.804, 5398563.358, 450.272 ], [ 507051.5, 5398563.032999999821186, 450.559 ], [ 507052.427000000025146, 5398562.599999999627471, 450.856 ], [ 507052.5, 5398562.571999999694526, 450.963 ], [ 507052.691, 5398562.5, 451.025 ], [ 507053.5, 5398562.19400000013411, 451.382 ], [ 507054.102000000013504, 5398561.966, 451.595 ], [ 507054.5, 5398561.849000000394881, 451.808 ], [ 507055.5, 5398561.553999999538064, 452.237 ], [ 507055.684, 5398561.5, 452.304 ], [ 507055.82, 5398561.46, 452.366 ] ] ] } }
]
}
