{
"type": "FeatureCollection",
"name": "observed_buildings_tile2",
"crs": { "type": "name", "properties": { "name": "urn:ogc:def:crs:EPSG::25832" } },
"features": [
{ "type": "Feature", "properties": { "fid": 27, "gml_id": "DEBW_5221000Qts2", "creationDate": "2024-11-25", "informationSystem": "http://repository.gdi-de.org/schemas/adv/citygml/fdv/art.htm#_9100", "name": "DEBWL5221000Qts2", "Gemeindeschluessel": "08111000", "Geometrietyp2DReferenz": 3000, "DatenquelleDachhoehe": [ 1000, 1000 ], "Grundrissaktualitaet": "2024-04-01", "DatenquelleBodenhoehe": [ 1100, 1100 ], "DatenquelleLage": [ 1000, 1000 ], "function": "31001_1010", "roofType": null, "measuredHeight": null, "measuredHeight_uom": null, "CountryName": "Germany", "LocalityName": "Stuttgart", "ThoroughfareName": "Allmandring", "ThoroughfareNumber": "8C, null", "consistsOfBuildingPart|BuildingPart|creationDate": "2024-11-25", "consistsOfBuildingPart|BuildingPart|roofType": [ 1000, 1000 ], "consistsOfBuildingPart|BuildingPart|measuredHeight": [ 5.742, 5.738 ], "consistsOfBuildingPart|BuildingPart|measuredHeight_uom": [ "urn:adv:uom:m", "urn:adv:uom:m" ], "name_": null }, "geometry": { "type": "MultiLineString", "coordinates": [ [ [ 507408.03000000002794, 5399109.309999999590218, 450.449 ], [ 507407.5, 5399109.342000000178814, 450.427 ], [ 507406.5, 5399109.404, 450.398 ], [ 507405.5, 5399109.464999999850988, 450.369 ], [ 507404.920999999972992, 5399109.5, 450.336 ], [ 507404.5, 5399109.525999999605119, 450.325 ], [ 507404.43, 5399109.53000000026077, 450.325 ], [ 507404.429, 5399109.5, 450.327 ], [ 507404.409999999974389, 5399108.639999999664724, 450.346 ], [ 507404.401000000012573, 5399108.639999999664724, 450.345 ], [ 507404.396, 5399108.5, 450.348 ], [ 507404.364, 5399107.5, 450.338 ], [ 507404.331, 5399106.5, 450.325 ], [ 507404.298, 5399105.5, 450.314 ], [ 507404.26500000001397, 5399104.5, 450.312 ], [ 507404.232000000018161, 5399103.5, 450.35 ], [ 507404.226000000024214, 5399103.315999999642372, 450.373 ], [ 507404.23599999997532, 5399103.315999999642372, 450.373 ], [ 507404.245999999984633, 5399103.5, 450.35 ], [ 507404.270000000018626, 5399103.950000000186265, 450.335 ], [ 507404.5, 5399103.940999999642372, 450.335 ], [ 507405.5, 5399103.900000000372529, 450.355 ], [ 507405.76, 5399103.889999999664724, 450.372 ], [ 507405.739, 5399103.5, 450.371 ], [ 507405.729999999981374, 5399103.320000000298023, 450.389 ], [ 507406.5, 5399103.25899999961257, 450.442 ], [ 507407.35999999998603, 5399103.190000000409782, 450.56 ], [ 507407.348, 5399103.5, 450.531 ], [ 507407.340000000025611, 5399103.71999999973923, 450.528 ], [ 507407.5, 5399103.704, 450.587 ], [ 507407.729999999981374, 5399103.679999999701977, 450.628 ], [ 507407.76, 5399104.139999999664724, 450.628 ], [ 507407.778999999980442, 5399104.5, 450.628 ], [ 507407.831, 5399105.5, 450.613 ], [ 507407.882999999972526, 5399106.5, 450.571 ], [ 507407.935, 5399107.5, 450.539 ], [ 507407.988000000012107, 5399108.5, 450.501 ], [ 507408.03000000002794, 5399109.309999999590218, 450.449 ] ] ] } },
{ "type": "Feature", "properties": { "fid": 30, "gml_id": "DEBW_5221000Qtv6", "creationDate": "2024-11-25", "informationSystem": "http://repository.gdi-de.org/schemas/adv/citygml/fdv/art.htm#_9100", "name": "DEBWL5221000Qtv6", "Gemeindeschluessel": "08111000", "Geometrietyp2DReferenz": 3000, "DatenquelleDachhoehe": [ 1000 ], "Grundrissaktualitaet": "2024-04-01", "DatenquelleBodenhoehe": [ 1100 ], "DatenquelleLage": [ 1000 ], "function": "31001_1010", "roofType": 1000, "measuredHeight": 5.725, "measuredHeight_uom": "urn:adv:uom:m", "CountryName": "Germany", "LocalityName": "Stuttgart", "ThoroughfareName": "Allmandring", "ThoroughfareNumber": "10C, null", "consistsOfBuildingPart|BuildingPart|creationDate": null, "consistsOfBuildingPart|BuildingPart|roofType": null, "consistsOfBuildingPart|BuildingPart|measuredHeight": null, "consistsOfBuildingPart|BuildingPart|measuredHeight_uom": null, "name_": null }, "geometry": { "type": "MultiLineString", "coordinates": [ [ [ 507410.650000000023283, 5399172.440000000409782, 445.771 ], [ 507410.658, 5399172.5, 445.77 ], [ 507410.71999999997206, 5399172.940000000409782, 445.778 ], [ 507410.5, 5399172.950000000186265, 445.775 ], [ 507409.5, 5399172.997999999672174, 445.762 ], [ 507409.24, 5399173.009999999776483, 445.757 ], [ 507409.200000000011642, 5399172.519999999552965, 445.748 ], [ 507408.960000000020955, 5399172.54, 445.746 ], [ 507408.957999999984168, 5399172.5, 445.745 ], [ 507408.919999999983702, 5399171.879999999888241, 445.745 ], [ 507408.897999999986496, 5399171.5, 445.746 ], [ 507408.841000000014901, 5399170.5, 445.793 ], [ 507408.783, 5399169.5, 445.861 ], [ 507408.726000000024214, 5399168.5, 445.925 ], [ 507408.669, 5399167.5, 445.966 ], [ 507408.62, 5399166.650000000372529, 445.964 ], [ 507409.5, 5399166.582999999634922, 445.947 ], [ 507410.5, 5399166.507000000216067, 445.954 ], [ 507410.598, 5399166.5, 445.958 ], [ 507410.729999999981374, 5399166.490000000223517, 445.959 ], [ 507411.5, 5399166.426, 446.018 ], [ 507411.94, 5399166.389999999664724, 446.062 ], [ 507411.892999999981839, 5399165.5, 446.059 ], [ 507411.88, 5399165.259999999776483, 446.04 ], [ 507412.43, 5399165.230000000447035, 446.134 ], [ 507412.5, 5399165.224999999627471, 446.212 ], [ 507413.5, 5399165.161000000312924, 446.546 ], [ 507414.5, 5399165.096, 446.855 ], [ 507414.599999999976717, 5399165.089999999850988, 446.867 ], [ 507415.5, 5399165.032999999821186, 446.976 ], [ 507415.539999999979045, 5399165.03000000026077, 446.978 ], [ 507415.556999999971595, 5399165.5, 446.836 ], [ 507415.593, 5399166.5, 446.563 ], [ 507415.629000000015367, 5399167.5, 446.317 ], [ 507415.664999999979045, 5399168.5, 446.085 ], [ 507415.701, 5399169.5, 445.894 ], [ 507415.729999999981374, 5399170.29, 445.824 ], [ 507415.737000000022817, 5399170.5, 445.797 ], [ 507415.75, 5399170.889999999664724, 445.798 ], [ 507415.60999999998603, 5399170.900000000372529, 445.798 ], [ 507415.63, 5399171.320000000298023, 445.793 ], [ 507415.5, 5399171.326999999582767, 445.793 ], [ 507414.5, 5399171.382000000216067, 445.812 ], [ 507414.18, 5399171.400000000372529, 445.819 ], [ 507414.169999999983702, 5399171.08, 445.828 ], [ 507413.5, 5399171.125, 445.833 ], [ 507412.539999999979045, 5399171.190000000409782, 445.826 ], [ 507412.560999999986961, 5399171.5, 445.816 ], [ 507412.62, 5399172.349999999627471, 445.812 ], [ 507412.5, 5399172.355000000447035, 445.811 ], [ 507411.5, 5399172.400999999605119, 445.792 ], [ 507410.650000000023283, 5399172.440000000409782, 445.771 ] ] ] } },
{ "type": "Feature", "properties": { "fid": 32, "gml_id": "DEBW_5221000Qu0F", "creationDate": "2024-11-25", "informationSystem": "http://repository.gdi-de.org/schemas/adv/citygml/fdv/art.htm#_9100", "name": "DEBWL5221000Qu0F", "Gemeindeschluessel": "08111000", "Geometrietyp2DReferenz": 3000, "DatenquelleDachhoehe": [ 1000 ], "Grundrissaktualitaet": "2024-04-01", "DatenquelleBodenhoehe": [ 1100 ], "DatenquelleLage": [ 1000 ], "function": "31001_1010", "roofType": 5000, "measuredHeight": 10.956, "measuredHeight_uom": "urn:adv:uom:m", "CountryName": "Germany", "LocalityName": "Stuttgart", "ThoroughfareName": "Allmandring", "ThoroughfareNumber": "8B, null", "consistsOfBuildingPart|BuildingPart|creationDate": null, "consistsOfBuildingPart|BuildingPart|roofType": null, "consistsOfBuildingPart|BuildingPart|measuredHeight": null, "consistsOfBuildingPart|BuildingPart|measuredHeight_uom": null, "name_": null }, "geometry": { "type": "MultiLineString", "coordinates": [ [ [ 507411.71999999997206, 5399118.980000000447035, 450.047 ], [ 507411.69, 5399118.5, 450.086 ], [ 507411.62599999998929, 5399117.5, 450.218 ], [ 507411.563000000023749, 5399116.5, 450.29 ], [ 507411.5, 5399115.502999999560416, 450.333 ], [ 507411.5, 5399115.5, 450.325 ], [ 507411.436999999976251, 5399114.5, 450.373 ], [ 507411.37300000002142, 5399113.5, 450.406 ], [ 507411.31, 5399112.5, 450.445 ], [ 507411.246999999973923, 5399111.5, 450.499 ], [ 507411.184, 5399110.5, 450.497 ], [ 507411.12, 5399109.5, 450.512 ], [ 507411.099999999976717, 5399109.179999999701977, 450.551 ], [ 507410.5, 5399109.205, 450.544 ], [ 507409.5, 5399109.247999999672174, 450.526 ], [ 507408.5, 5399109.29, 450.481 ], [ 507408.03000000002794, 5399109.309999999590218, 450.449 ], [ 507407.988000000012107, 5399108.5, 450.501 ], [ 507407.935, 5399107.5, 450.539 ], [ 507407.882999999972526, 5399106.5, 450.571 ], [ 507407.831, 5399105.5, 450.613 ], [ 507407.778999999980442, 5399104.5, 450.628 ], [ 507407.76, 5399104.139999999664724, 450.628 ], [ 507408.5, 5399104.08600000012666, 450.829 ], [ 507409.5, 5399104.013000000268221, 451.101 ], [ 507410.5, 5399103.940000000409782, 451.239 ], [ 507410.770000000018626, 5399103.92, 451.243 ], [ 507410.743000000016764, 5399103.5, 451.271 ], [ 507410.678000000014435, 5399102.5, 451.329 ], [ 507410.669999999983702, 5399102.379999999888241, 451.354 ], [ 507411.5, 5399102.31900000013411, 451.378 ], [ 507412.5, 5399102.246000000275671, 451.406 ], [ 507413.5, 5399102.17200000025332, 451.425 ], [ 507413.94, 5399102.139999999664724, 451.425 ], [ 507413.887999999977183, 5399101.5, 451.463 ], [ 507413.81, 5399100.53000000026077, 451.515 ], [ 507414.255, 5399100.5, 451.517 ], [ 507414.5, 5399100.483, 451.524 ], [ 507415.5, 5399100.416000000201166, 451.522 ], [ 507416.5, 5399100.348000000230968, 451.513 ], [ 507417.07, 5399100.309999999590218, 451.506 ], [ 507417.017, 5399099.5, 451.535 ], [ 507416.952, 5399098.5, 451.573 ], [ 507416.886999999987893, 5399097.5, 451.638 ], [ 507416.85999999998603, 5399097.08, 451.701 ], [ 507417.5, 5399097.036000000312924, 451.68 ], [ 507418.5, 5399096.967000000178814, 451.667 ], [ 507419.5, 5399096.898, 451.662 ], [ 507420.5, 5399096.829, 451.665 ], [ 507421.5, 5399096.759999999776483, 451.663 ], [ 507422.5, 5399096.690999999642372, 451.666 ], [ 507423.5, 5399096.622000000439584, 451.642 ], [ 507423.53000000002794, 5399096.620000000111759, 451.643 ], [ 507423.583999999973457, 5399097.5, 451.586 ], [ 507423.645000000018626, 5399098.5, 451.506 ], [ 507423.706, 5399099.5, 451.453 ], [ 507423.767999999981839, 5399100.5, 451.38 ], [ 507423.829000000027008, 5399101.5, 451.27 ], [ 507423.89000000001397, 5399102.5, 451.141 ], [ 507423.951, 5399103.5, 451.014 ], [ 507424.012999999977183, 5399104.5, 450.909 ], [ 507424.074000000022352, 5399105.5, 450.809 ], [ 507424.135, 5399106.5, 450.712 ], [ 507424.196, 5399107.5, 450.641 ], [ 507424.257999999972526, 5399108.5, 450.573 ], [ 507424.319000000017695, 5399109.5, 450.515 ], [ 507424.38, 5399110.5, 450.491 ], [ 507424.419999999983702, 5399111.150000000372529, 450.486 ], [ 507424.5, 5399111.144000000320375, 450.478 ], [ 507425.5, 5399111.074, 450.456 ], [ 507426.5, 5399111.002999999560416, 450.445 ], [ 507427.5, 5399110.933000000193715, 450.423 ], [ 507427.539999999979045, 5399110.929999999701977, 450.422 ], [ 507427.581, 5399111.5, 450.407 ], [ 507427.652, 5399112.5, 450.364 ], [ 507427.723999999987427, 5399113.5, 450.304 ], [ 507427.794999999983702, 5399114.5, 450.235 ], [ 507427.865999999979977, 5399115.5, 450.162 ], [ 507427.919999999983702, 5399116.25, 450.134 ], [ 507427.5, 5399116.278, 450.149 ], [ 507426.5, 5399116.346, 450.218 ], [ 507425.5, 5399116.412999999709427, 450.292 ], [ 507424.799999999988358, 5399116.46, 450.327 ], [ 507424.803000000014435, 5399116.5, 450.326 ], [ 507424.881999999983236, 5399117.5, 450.32 ], [ 507424.93, 5399118.099999999627471, 450.318 ], [ 507424.5, 5399118.127999999560416, 450.319 ], [ 507423.5, 5399118.193, 450.315 ], [ 507422.5, 5399118.25899999961257, 450.307 ], [ 507421.56, 5399118.320000000298023, 450.295 ], [ 507421.571999999985565, 5399118.5, 450.287 ], [ 507421.641, 5399119.5, 450.252 ], [ 507421.669999999983702, 5399119.92, 450.233 ], [ 507421.5, 5399119.93099999986589, 450.23 ], [ 507420.5, 5399119.997000000439584, 450.2 ], [ 507419.5, 5399120.063, 450.182 ], [ 507418.5, 5399120.127999999560416, 450.181 ], [ 507418.020000000018626, 5399120.160000000149012, 450.185 ], [ 507417.974999999976717, 5399119.5, 450.198 ], [ 507417.909999999974389, 5399118.559999999590218, 450.23 ], [ 507417.5, 5399118.588000000454485, 450.229 ], [ 507416.5, 5399118.656000000424683, 450.202 ], [ 507415.5, 5399118.724000000394881, 450.138 ], [ 507414.5, 5399118.791000000201166, 450.083 ], [ 507413.5, 5399118.859000000171363, 450.062 ], [ 507412.5, 5399118.927000000141561, 450.059 ], [ 507411.71999999997206, 5399118.980000000447035, 450.047 ] ] ] } },
{ "type": "Feature", "properties": { "fid": 35, "gml_id": "DEBW_5221000QuoM", "creationDate": "2024-11-25", "informationSystem": "http://repository.gdi-de.org/schemas/adv/citygml/fdv/art.htm#_9100", "name": "DEBWL5221000QuoM", "Gemeindeschluessel": "08111000", "Geometrietyp2DReferenz": 3000, "DatenquelleDachhoehe": [ 1000, 1000, 1000, 1000, 1000, 1000 ], "Grundrissaktualitaet": "2024-04-01", "DatenquelleBodenhoehe": [ 1100, 1100, 1100, 1100, 1100, 1100 ], "DatenquelleLage": [ 1000, 1000, 1000, 1000, 1000, 1000 ], "function": "31001_1010", "roofType": null, "measuredHeight": null, "measuredHeight_uom": null, "CountryName": "Germany", "LocalityName": "Stuttgart", "ThoroughfareName": "Allmandring", "ThoroughfareNumber": "10D, null", "consistsOfBuildingPart|BuildingPart|creationDate": "2024-11-25", "consistsOfBuildingPart|BuildingPart|roofType": [ 1000, 1000, 1000, 5000, 2100, 1000 ], "consistsOfBuildingPart|BuildingPart|measuredHeight": [ 9.738, 8.45, 8.489, 11.271, 9.807, 7.095 ], "consistsOfBuildingPart|BuildingPart|measuredHeight_uom": [ "urn:adv:uom:m", "urn:adv:uom:m", "urn:adv:uom:m", "urn:adv:uom:m", "urn:adv:uom:m", "urn:adv:uom:m" ], "name_": null }, "geometry": { "type": "MultiLineString", "coordinates": [ [ [ 507397.93, 5399152.589999999850988, 447.074 ], [ 507398.5, 5399152.548999999649823, 447.066 ], [ 507399.172000000020489, 5399152.5, 447.058 ], [ 507399.5, 5399152.475999999791384, 447.043 ], [ 507400.5, 5399152.404, 447.039 ], [ 507401.5, 5399152.331000000238419, 447.044 ], [ 507402.5, 5399152.25899999961257, 447.062 ], [ 507403.5, 5399152.185999999754131, 447.067 ], [ 507404.5, 5399152.114, 447.08 ], [ 507404.69, 5399152.099999999627471, 447.075 ], [ 507404.713999999978114, 5399152.5, 447.089 ], [ 507404.772999999986496, 5399153.5, 447.066 ], [ 507404.832, 5399154.5, 447.031 ], [ 507404.89000000001397, 5399155.480000000447035, 447.003 ], [ 507404.5, 5399155.497000000439584, 447.037 ], [ 507404.439000000013039, 5399155.5, 447.051 ], [ 507403.5, 5399155.542000000365078, 447.1 ], [ 507402.5, 5399155.58600000012666, 447.128 ], [ 507401.5, 5399155.629999999888241, 447.122 ], [ 507400.5, 5399155.674999999813735, 447.1 ], [ 507399.5, 5399155.718999999575317, 447.069 ], [ 507398.5, 5399155.763000000268221, 447.043 ], [ 507398.12, 5399155.78000000026077, 447.036 ], [ 507398.103, 5399155.5, 447.037 ], [ 507398.044, 5399154.5, 447.047 ], [ 507397.984, 5399153.5, 447.068 ], [ 507397.93, 5399152.589999999850988, 447.074 ] ] ] } },
{ "type": "Feature", "properties": { "fid": 41, "gml_id": "DEBW_5221000Qw5k", "creationDate": "2024-11-25", "informationSystem": "http://repository.gdi-de.org/schemas/adv/citygml/fdv/art.htm#_9100", "name": "DEBWL5221000Qw5k", "Gemeindeschluessel": "08111000", "Geometrietyp2DReferenz": 3000, "DatenquelleDachhoehe": [ 1000 ], "Grundrissaktualitaet": "2024-04-01", "DatenquelleBodenhoehe": [ 1100 ], "DatenquelleLage": [ 1000 ], "function": "31001_1010", "roofType": 5000, "measuredHeight": 10.867, "measuredHeight_uom": "urn:adv:uom:m", "CountryName": "Germany", "LocalityName": "Stuttgart", "ThoroughfareName": "Allmandring", "ThoroughfareNumber": "14A, null", "consistsOfBuildingPart|BuildingPart|creationDate": null, "consistsOfBuildingPart|BuildingPart|roofType": null, "consistsOfBuildingPart|BuildingPart|measuredHeight": null, "consistsOfBuildingPart|BuildingPart|measuredHeight_uom": null, "name_": null }, "geometry": { "type": "MultiLineString", "coordinates": [ [ [ 507328.07, 5399103.450000000186265, 449.273 ], [ 507328.006, 5399102.5, 449.307 ], [ 507327.939000000013039, 5399101.5, 449.356 ], [ 507327.870999999984633, 5399100.5, 449.397 ], [ 507327.804, 5399099.5, 449.445 ], [ 507327.73599999997532, 5399098.5, 449.497 ], [ 507327.669, 5399097.5, 449.534 ], [ 507327.601000000024214, 5399096.5, 449.575 ], [ 507327.533999999985099, 5399095.5, 449.605 ], [ 507327.5, 5399094.996000000275671, 449.62 ], [ 507327.467, 5399094.5, 449.624 ], [ 507327.419999999983702, 5399093.809999999590218, 449.664 ], [ 507326.5, 5399093.860999999567866, 449.641 ], [ 507325.5, 5399093.917000000365078, 449.636 ], [ 507324.539999999979045, 5399093.96999999973923, 449.631 ], [ 507324.509000000020023, 5399093.5, 449.642 ], [ 507324.5, 5399093.367999999783933, 449.657 ], [ 507324.441999999980908, 5399092.5, 449.679 ], [ 507324.37599999998929, 5399091.5, 449.715 ], [ 507324.31, 5399090.5, 449.737 ], [ 507324.243000000016764, 5399089.5, 449.73 ], [ 507324.19, 5399088.700000000186265, 449.693 ], [ 507324.5, 5399088.678999999538064, 449.76 ], [ 507325.5, 5399088.610999999567866, 449.98 ], [ 507326.5, 5399088.543999999761581, 450.22 ], [ 507327.150000000023283, 5399088.5, 450.309 ], [ 507327.080000000016298, 5399087.5, 450.391 ], [ 507327.039999999979045, 5399086.929999999701977, 450.44 ], [ 507327.5, 5399086.898, 450.554 ], [ 507328.5, 5399086.82799999974668, 450.638 ], [ 507329.5, 5399086.75899999961257, 450.661 ], [ 507330.200000000011642, 5399086.71, 450.661 ], [ 507330.185999999986961, 5399086.5, 450.671 ], [ 507330.121999999973923, 5399085.5, 450.703 ], [ 507330.090000000025611, 5399085.009999999776483, 450.733 ], [ 507330.5, 5399084.981999999843538, 450.721 ], [ 507331.5, 5399084.91399999987334, 450.722 ], [ 507332.5, 5399084.846, 450.729 ], [ 507333.32, 5399084.79, 450.733 ], [ 507333.300999999977648, 5399084.5, 450.742 ], [ 507333.233, 5399083.5, 450.762 ], [ 507333.166000000026543, 5399082.5, 450.815 ], [ 507333.099999999976717, 5399081.509999999776483, 450.909 ], [ 507333.25099999998929, 5399081.5, 450.913 ], [ 507333.5, 5399081.484000000171363, 450.946 ], [ 507334.5, 5399081.417999999597669, 450.966 ], [ 507335.5, 5399081.350999999791384, 450.97 ], [ 507336.5, 5399081.285000000149012, 450.974 ], [ 507337.5, 5399081.218999999575317, 450.972 ], [ 507338.5, 5399081.153, 450.995 ], [ 507339.5, 5399081.087000000290573, 451.052 ], [ 507339.76, 5399081.070000000298023, 451.078 ], [ 507339.788, 5399081.5, 451.022 ], [ 507339.854, 5399082.5, 450.979 ], [ 507339.919999999983702, 5399083.5, 450.914 ], [ 507339.98599999997532, 5399084.5, 450.861 ], [ 507340.052000000025146, 5399085.5, 450.812 ], [ 507340.118000000016764, 5399086.5, 450.75 ], [ 507340.184, 5399087.5, 450.661 ], [ 507340.25, 5399088.5, 450.552 ], [ 507340.315, 5399089.5, 450.461 ], [ 507340.381, 5399090.5, 450.38 ], [ 507340.446999999985565, 5399091.5, 450.28 ], [ 507340.5, 5399092.301, 450.208 ], [ 507340.512999999977183, 5399092.5, 450.17 ], [ 507340.579000000027008, 5399093.5, 450.074 ], [ 507340.645000000018626, 5399094.5, 449.992 ], [ 507340.711000000010245, 5399095.5, 449.923 ], [ 507340.71999999997206, 5399095.639999999664724, 449.917 ], [ 507341.5, 5399095.593999999575317, 449.909 ], [ 507342.5, 5399095.534, 449.905 ], [ 507343.077999999979511, 5399095.5, 449.901 ], [ 507343.5, 5399095.474999999627471, 449.899 ], [ 507343.919999999983702, 5399095.450000000186265, 449.918 ], [ 507343.924, 5399095.5, 449.909 ], [ 507344.006999999983236, 5399096.5, 449.87 ], [ 507344.091000000014901, 5399097.5, 449.806 ], [ 507344.174, 5399098.5, 449.745 ], [ 507344.256999999983236, 5399099.5, 449.695 ], [ 507344.341000000014901, 5399100.5, 449.65 ], [ 507344.35999999998603, 5399100.730000000447035, 449.641 ], [ 507343.5, 5399100.791000000201166, 449.62 ], [ 507342.5, 5399100.860999999567866, 449.606 ], [ 507341.5, 5399100.932, 449.607 ], [ 507340.960000000020955, 5399100.96999999973923, 449.605 ], [ 507340.992000000027474, 5399101.5, 449.579 ], [ 507341.049999999988358, 5399102.46999999973923, 449.554 ], [ 507340.723999999987427, 5399102.5, 449.546 ], [ 507340.5, 5399102.520999999716878, 449.544 ], [ 507339.5, 5399102.612999999895692, 449.525 ], [ 507338.5, 5399102.705, 449.511 ], [ 507338.12, 5399102.740000000223517, 449.498 ], [ 507338.168, 5399103.5, 449.47 ], [ 507338.21999999997206, 5399104.339999999850988, 449.437 ], [ 507337.5, 5399104.384999999776483, 449.415 ], [ 507336.5, 5399104.447999999858439, 449.376 ], [ 507335.673, 5399104.5, 449.348 ], [ 507335.5, 5399104.511, 449.346 ], [ 507334.5, 5399104.574, 449.339 ], [ 507334.400000000023283, 5399104.58, 449.342 ], [ 507334.395000000018626, 5399104.5, 449.345 ], [ 507334.331, 5399103.5, 449.379 ], [ 507334.299999999988358, 5399103.019999999552965, 449.383 ], [ 507333.5, 5399103.075000000186265, 449.375 ], [ 507332.5, 5399103.144000000320375, 449.358 ], [ 507331.5, 5399103.213000000454485, 449.331 ], [ 507330.5, 5399103.281999999657273, 449.309 ], [ 507329.5, 5399103.350999999791384, 449.299 ], [ 507328.5, 5399103.42, 449.285 ], [ 507328.07, 5399103.450000000186265, 449.273 ] ] ] } },
{ "type": "Feature", "properties": { "fid": 46, "gml_id": "DEBW_5221000Qwak", "creationDate": "2024-11-25", "informationSystem": "http://repository.gdi-de.org/schemas/adv/citygml/fdv/art.htm#_9100", "name": "DEBWL5221000Qwak", "Gemeindeschluessel": "08111000", "Geometrietyp2DReferenz": 3000, "DatenquelleDachhoehe": [ 1000, 1000, 1000, 1000, 1000, 1000, 1000, 1000 ], "Grundrissaktualitaet": "2024-04-01", "DatenquelleBodenhoehe": [ 1100, 1100, 1100, 1100, 1100, 1100, 1100, 1100 ], "DatenquelleLage": [ 1000, 1000, 1000, 1000, 1000, 1000, 1000, 1000 ], "function": "31001_1010", "roofType": null, "measuredHeight": null, "measuredHeight_uom": null, "CountryName": "Germany", "LocalityName": "Stuttgart", "ThoroughfareName": "Allmandring", "ThoroughfareNumber": "24C, null", "consistsOfBuildingPart|BuildingPart|creationDate": "2024-11-25", "consistsOfBuildingPart|BuildingPart|roofType": [ 1000, 1000, 1000, 1000, 1000, 1000, 3100, 1000 ], "consistsOfBuildingPart|BuildingPart|measuredHeight": [ 15.222, 15.221, 11.148, 11.15, 15.194, 11.132, 16.093, 11.143 ], "consistsOfBuildingPart|BuildingPart|measuredHeight_uom": [ "urn:adv:uom:m", "urn:adv:uom:m", "urn:adv:uom:m", "urn:adv:uom:m", "urn:adv:uom:m", "urn:adv:uom:m", "urn:adv:uom:m", "urn:adv:uom:m" ], "name_": null }, "geometry": { "type": "MultiLineString", "coordinates": [ [ [ 507119.161000000021886, 5399062.473000000230968, 442.078 ], [ 507119.07, 5399061.5, 442.334 ], [ 507118.974999999976717, 5399060.5, 442.768 ], [ 507118.881, 5399059.5, 443.181 ], [ 507118.787000000011176, 5399058.5, 443.518 ], [ 507118.693000000028405, 5399057.5, 443.785 ], [ 507118.69, 5399057.46999999973923, 443.842 ], [ 507119.5, 5399057.417000000365078, 444.264 ], [ 507120.37, 5399057.360000000335276, 444.588 ], [ 507120.379000000015367, 5399057.5, 444.482 ], [ 507120.445, 5399058.5, 444.026 ], [ 507120.5, 5399059.333999999798834, 443.782 ], [ 507120.511, 5399059.5, 443.647 ], [ 507120.577, 5399060.5, 443.237 ], [ 507120.642999999981839, 5399061.5, 442.708 ], [ 507120.700000000011642, 5399062.370000000111759, 442.37 ], [ 507120.5, 5399062.38300000037998, 442.322 ], [ 507119.5, 5399062.450000000186265, 442.113 ], [ 507119.161000000021886, 5399062.473000000230968, 442.078 ] ] ] } },
{ "type": "Feature", "properties": { "fid": 48, "gml_id": "DEBW_5221000QwAK", "creationDate": "2024-11-25", "informationSystem": "http://repository.gdi-de.org/schemas/adv/citygml/fdv/art.htm#_9100", "name": "DEBWL5221000QwAK", "Gemeindeschluessel": "08111000", "Geometrietyp2DReferenz": 3000, "DatenquelleDachhoehe": [ 1000, 1000, 1000, 1000, 1000, 1000, 1000 ], "Grundrissaktualitaet": "2024-04-01", "DatenquelleBodenhoehe": [ 1100, 1100, 1100, 1100, 1100, 1100, 1100 ], "DatenquelleLage": [ 1000, 1000, 1000, 1000, 1000, 1000, 1000 ], "function": "31001_1010", "roofType": null, "measuredHeight": null, "measuredHeight_uom": null, "CountryName": "Germany", "LocalityName": "Stuttgart", "ThoroughfareName": "Allmandring", "ThoroughfareNumber": "14C, null", "consistsOfBuildingPart|BuildingPart|creationDate": "2024-11-25", "consistsOfBuildingPart|BuildingPart|roofType": [ 1000, 1000, 1000, 3100, 1000, 1000, 1000 ], "consistsOfBuildingPart|BuildingPart|measuredHeight": [ 12.482, 9.788, 13.823, 16.741, 11.129, 11.157, 12.497 ], "consistsOfBuildingPart|BuildingPart|measuredHeight_uom": [ "urn:adv:uom:m", "urn:adv:uom:m", "urn:adv:uom:m", "urn:adv:uom:m", "urn:adv:uom:m", "urn:adv:uom:m", "urn:adv:uom:m" ], "name_": null }, "geometry": { "type": "MultiLineString", "coordinates": [ [ [ 507314.302000000025146, 5399093.517, 449.496 ], [ 507314.300999999977648, 5399093.5, 449.496 ], [ 507314.233, 5399092.5, 449.483 ], [ 507314.164999999979045, 5399091.5, 449.472 ], [ 507314.097, 5399090.5, 449.47 ], [ 507314.028999999980442, 5399089.5, 449.47 ], [ 507313.960000000020955, 5399088.5, 449.474 ], [ 507313.936999999976251, 5399088.15500000026077, 449.487 ], [ 507314.020000000018626, 5399088.150000000372529, 449.486 ], [ 507314.5, 5399088.122999999672174, 449.465 ], [ 507315.5, 5399088.066999999806285, 449.445 ], [ 507316.5, 5399088.009999999776483, 449.433 ], [ 507317.039999999979045, 5399087.980000000447035, 449.426 ], [ 507317.082999999984168, 5399088.5, 449.421 ], [ 507317.164999999979045, 5399089.5, 449.422 ], [ 507317.24800000002142, 5399090.5, 449.443 ], [ 507317.331, 5399091.5, 449.479 ], [ 507317.413, 5399092.5, 449.519 ], [ 507317.479999999981374, 5399093.309999999590218, 449.541 ], [ 507316.5, 5399093.373999999836087, 449.529 ], [ 507315.5, 5399093.439000000245869, 449.511 ], [ 507314.563000000023749, 5399093.5, 449.5 ], [ 507314.5, 5399093.503999999724329, 449.499 ], [ 507314.302000000025146, 5399093.517, 449.496 ] ] ] } },
{ "type": "Feature", "properties": { "fid": 50, "gml_id": "DEBW_5221000QwDY", "creationDate": "2024-11-25", "informationSystem": "http://repository.gdi-de.org/schemas/adv/citygml/fdv/art.htm#_9100", "name": "DEBWL5221000QwDY", "Gemeindeschluessel": "08111000", "Geometrietyp2DReferenz": 3000, "DatenquelleDachhoehe": [ 1000, 1000, 1000, 1000, 1000, 1000 ], "Grundrissaktualitaet": "2024-04-01", "DatenquelleBodenhoehe": [ 1100, 1100, 1100, 1100, 1100, 1100 ], "DatenquelleLage": [ 1000, 1000, 1000, 1000, 1000, 1000 ], "function": "31001_1010", "roofType": null, "measuredHeight": null, "measuredHeight_uom": null, "CountryName": "Germany", "LocalityName": "Stuttgart", "ThoroughfareName": "Allmandring", "ThoroughfareNumber": "8D, null", "consistsOfBuildingPart|BuildingPart|creationDate": "2024-11-25", "consistsOfBuildingPart|BuildingPart|roofType": [ 1000, 1000, 1000, 1000, 1000, 3100 ], "consistsOfBuildingPart|BuildingPart|measuredHeight": [ 11.024, 11.645, 6.345, 11.647, 10.364, 13.353 ], "consistsOfBuildingPart|BuildingPart|measuredHeight_uom": [ "urn:adv:uom:m", "urn:adv:uom:m", "urn:adv:uom:m", "urn:adv:uom:m", "urn:adv:uom:m", "urn:adv:uom:m" ], "name_": null }, "geometry": { "type": "MultiLineString", "coordinates": [ [ [ 507390.800999999977648, 5399094.468000000342727, 451.602 ], [ 507390.799999999988358, 5399094.46, 451.602 ], [ 507391.5, 5399094.41399999987334, 451.573 ], [ 507392.5, 5399094.348000000230968, 451.551 ], [ 507393.5, 5399094.281999999657273, 451.564 ], [ 507394.5, 5399094.216, 451.598 ], [ 507395.5, 5399094.150000000372529, 451.628 ], [ 507396.5, 5399094.083999999798834, 451.636 ], [ 507397.020000000018626, 5399094.049999999813735, 451.642 ], [ 507397.049, 5399094.5, 451.575 ], [ 507397.112000000022817, 5399095.5, 451.44 ], [ 507397.174999999988358, 5399096.5, 451.29 ], [ 507397.239, 5399097.5, 451.144 ], [ 507397.302000000025146, 5399098.5, 450.996 ], [ 507397.365, 5399099.5, 450.828 ], [ 507397.429, 5399100.5, 450.665 ], [ 507397.479999999981374, 5399101.307, 450.575 ], [ 507397.492000000027474, 5399101.5, 450.531 ], [ 507397.5, 5399101.622000000439584, 450.505 ], [ 507397.555999999982305, 5399102.5, 450.417 ], [ 507397.619, 5399103.5, 450.372 ], [ 507397.64000000001397, 5399103.83, 450.372 ], [ 507397.708999999973457, 5399103.825000000186265, 450.37 ], [ 507397.756999999983236, 5399104.5, 450.371 ], [ 507397.827, 5399105.5, 450.374 ], [ 507397.897, 5399106.5, 450.368 ], [ 507397.968, 5399107.5, 450.36 ], [ 507398.038, 5399108.5, 450.347 ], [ 507398.076, 5399109.04, 450.341 ], [ 507398.07, 5399109.04, 450.341 ], [ 507398.104, 5399109.5, 450.331 ], [ 507398.178000000014435, 5399110.5, 450.3 ], [ 507398.19, 5399110.660000000149012, 450.287 ], [ 507397.5, 5399110.712000000290573, 450.293 ], [ 507396.5, 5399110.786999999545515, 450.298 ], [ 507395.5, 5399110.861999999731779, 450.296 ], [ 507394.99, 5399110.900000000372529, 450.286 ], [ 507394.5, 5399110.937, 450.277 ], [ 507393.5, 5399111.012000000104308, 450.254 ], [ 507392.5, 5399111.087000000290573, 450.244 ], [ 507391.5, 5399111.161999999545515, 450.244 ], [ 507390.5, 5399111.236999999731779, 450.246 ], [ 507389.5, 5399111.312, 450.249 ], [ 507388.5, 5399111.387000000104308, 450.246 ], [ 507387.5, 5399111.462000000290573, 450.233 ], [ 507386.990999999979977, 5399111.5, 450.203 ], [ 507386.5, 5399111.536999999545515, 450.191 ], [ 507385.5, 5399111.611999999731779, 450.153 ], [ 507384.978, 5399111.650999999605119, 450.14 ], [ 507384.968, 5399111.5, 450.15 ], [ 507384.903999999980442, 5399110.5, 450.219 ], [ 507384.838999999978114, 5399109.5, 450.272 ], [ 507384.775000000023283, 5399108.5, 450.322 ], [ 507384.710000000020955, 5399107.5, 450.402 ], [ 507384.646, 5399106.5, 450.503 ], [ 507384.581, 5399105.5, 450.567 ], [ 507384.517, 5399104.5, 450.583 ], [ 507384.5, 5399104.239, 450.587 ], [ 507384.452, 5399103.5, 450.576 ], [ 507384.387999999977183, 5399102.5, 450.6 ], [ 507384.370999999984633, 5399102.239, 450.631 ], [ 507384.349999999976717, 5399101.910000000149012, 450.652 ], [ 507384.364, 5399101.909, 450.653 ], [ 507384.337999999988824, 5399101.5, 450.679 ], [ 507384.273999999975786, 5399100.5, 450.782 ], [ 507384.211000000010245, 5399099.5, 450.921 ], [ 507384.147, 5399098.5, 451.098 ], [ 507384.083999999973457, 5399097.5, 451.294 ], [ 507384.020000000018626, 5399096.5, 451.435 ], [ 507384.020000000018626, 5399096.498999999836087, 451.446 ], [ 507384.01, 5399096.5, 451.435 ], [ 507383.952999999979511, 5399095.5, 451.495 ], [ 507383.919999999983702, 5399094.929999999701977, 451.525 ], [ 507384.5, 5399094.890999999828637, 451.566 ], [ 507385.5, 5399094.822999999858439, 451.613 ], [ 507386.5, 5399094.754999999888241, 451.626 ], [ 507387.159999999974389, 5399094.71, 451.627 ], [ 507387.159999999974389, 5399094.712000000290573, 451.627 ], [ 507387.5, 5399094.689000000245869, 451.626 ], [ 507388.5, 5399094.622000000439584, 451.631 ], [ 507389.5, 5399094.554999999701977, 451.627 ], [ 507390.322999999974854, 5399094.5, 451.609 ], [ 507390.5, 5399094.487999999895692, 451.61 ], [ 507390.800999999977648, 5399094.468000000342727, 451.602 ] ] ] } },
{ "type": "Feature", "properties": { "fid": 52, "gml_id": "DEBW_5221000QWdg", "creationDate": "2024-11-25", "informationSystem": "http://repository.gdi-de.org/schemas/adv/citygml/fdv/art.htm#_9100", "name": "DEBWL5221000QWdg", "Gemeindeschluessel": "08111000", "Geometrietyp2DReferenz": 3000, "DatenquelleDachhoehe": [ 1000 ], "Grundrissaktualitaet": "2024-04-01", "DatenquelleBodenhoehe": [ 1100 ], "DatenquelleLage": [ 1000 ], "function": "31001_1010", "roofType": 5000, "measuredHeight": 15.385, "measuredHeight_uom": "urn:adv:uom:m", "CountryName": "Germany", "LocalityName": "Stuttgart", "ThoroughfareName": "Allmandring", "ThoroughfareNumber": "26C, null", "consistsOfBuildingPart|BuildingPart|creationDate": null, "consistsOfBuildingPart|BuildingPart|roofType": null, "consistsOfBuildingPart|BuildingPart|measuredHeight": null, "consistsOfBuildingPart|BuildingPart|measuredHeight_uom": null, "name_": null }, "geometry": { "type": "MultiLineString", "coordinates": [ [ [ 507036.200000000011642, 5399004.21999999973923, 444.732 ], [ 507036.5, 5399004.184000000357628, 444.762 ], [ 507037.5, 5399004.065999999642372, 444.875 ], [ 507038.5, 5399003.946999999694526, 444.968 ], [ 507039.5, 5399003.82799999974668, 444.991 ], [ 507040.5, 5399003.71, 444.998 ], [ 507041.5, 5399003.591, 445.169 ], [ 507042.267999999981839, 5399003.5, 445.47 ], [ 507042.5, 5399003.472, 445.759 ], [ 507043.5, 5399003.354000000283122, 446.401 ], [ 507044.5, 5399003.235000000335276, 446.729 ], [ 507045.5, 5399003.11600000038743, 446.794 ], [ 507046.5, 5399002.997999999672174, 446.778 ], [ 507047.24, 5399002.910000000149012, 446.781 ], [ 507047.186999999976251, 5399002.5, 446.834 ], [ 507047.080000000016298, 5399001.67, 446.963 ], [ 507047.5, 5399001.621000000275671, 446.951 ], [ 507048.5, 5399001.503999999724329, 446.949 ], [ 507048.533, 5399001.5, 446.95 ], [ 507049.5, 5399001.387000000104308, 446.984 ], [ 507050.5, 5399001.269999999552965, 446.943 ], [ 507051.5, 5399001.153, 446.822 ], [ 507052.5, 5399001.036000000312924, 446.817 ], [ 507053.32, 5399000.940000000409782, 446.935 ], [ 507053.386, 5399001.5, 446.801 ], [ 507053.5, 5399002.468000000342727, 446.8 ], [ 507053.504000000015367, 5399002.5, 446.816 ], [ 507053.620999999984633, 5399003.5, 446.841 ], [ 507053.739, 5399004.5, 446.839 ], [ 507053.857000000018161, 5399005.5, 446.834 ], [ 507053.89000000001397, 5399005.78000000026077, 446.837 ], [ 507053.5, 5399005.826999999582767, 446.817 ], [ 507052.64000000001397, 5399005.929999999701977, 446.755 ], [ 507052.712, 5399006.5, 446.772 ], [ 507052.837999999988824, 5399007.5, 446.81 ], [ 507052.963999999978114, 5399008.5, 446.878 ], [ 507053.090000000025611, 5399009.5, 446.962 ], [ 507053.14000000001397, 5399009.900000000372529, 446.981 ], [ 507052.5, 5399009.980999999679625, 446.968 ], [ 507051.5, 5399010.108, 446.868 ], [ 507050.5, 5399010.235000000335276, 446.686 ], [ 507049.75, 5399010.33, 446.512 ], [ 507049.761, 5399010.5, 446.507 ], [ 507049.826, 5399011.5, 446.461 ], [ 507049.891, 5399012.5, 446.349 ], [ 507049.955000000016298, 5399013.5, 446.178 ], [ 507049.960000000020955, 5399013.570000000298023, 446.166 ], [ 507050.5, 5399013.534, 446.329 ], [ 507051.021, 5399013.5, 446.433 ], [ 507051.5, 5399013.468000000342727, 446.619 ], [ 507052.5, 5399013.401999999769032, 446.826 ], [ 507053.5, 5399013.337000000290573, 446.938 ], [ 507054.5, 5399013.270999999716878, 446.982 ], [ 507054.659999999974389, 5399013.259999999776483, 446.99 ], [ 507054.675999999977648, 5399013.5, 446.96 ], [ 507054.742000000027474, 5399014.5, 446.709 ], [ 507054.808000000019092, 5399015.5, 446.166 ], [ 507054.849999999976717, 5399016.129999999888241, 445.913 ], [ 507055.5, 5399016.082999999634922, 445.809 ], [ 507056.090000000025611, 5399016.04, 445.78 ], [ 507056.12300000002142, 5399016.5, 445.559 ], [ 507056.195, 5399017.5, 445.481 ], [ 507056.267, 5399018.5, 445.46 ], [ 507056.340000000025611, 5399019.5, 445.409 ], [ 507056.412000000011176, 5399020.5, 445.303 ], [ 507056.484, 5399021.5, 445.044 ], [ 507056.5, 5399021.724000000394881, 445.052 ], [ 507056.53000000002794, 5399022.139999999664724, 444.94 ], [ 507056.5, 5399022.142, 444.934 ], [ 507055.5, 5399022.206000000238419, 444.651 ], [ 507054.5, 5399022.269000000320375, 444.46 ], [ 507053.5, 5399022.332999999634922, 444.398 ], [ 507052.5, 5399022.396999999880791, 444.379 ], [ 507051.669999999983702, 5399022.450000000186265, 444.369 ], [ 507051.608, 5399021.5, 444.492 ], [ 507051.590000000025611, 5399021.21999999973923, 444.569 ], [ 507051.5, 5399021.225999999791384, 444.567 ], [ 507050.5, 5399021.292999999597669, 444.524 ], [ 507049.5, 5399021.360000000335276, 444.474 ], [ 507048.5, 5399021.427000000141561, 444.414 ], [ 507047.5, 5399021.494, 444.352 ], [ 507047.414999999979045, 5399021.5, 444.311 ], [ 507046.5, 5399021.560999999754131, 444.272 ], [ 507045.5, 5399021.627999999560416, 444.228 ], [ 507044.5, 5399021.695000000298023, 444.185 ], [ 507043.5, 5399021.763000000268221, 444.151 ], [ 507042.5, 5399021.83, 444.132 ], [ 507041.5, 5399021.896999999880791, 444.125 ], [ 507040.5, 5399021.963999999687076, 444.121 ], [ 507039.5, 5399022.031000000424683, 444.125 ], [ 507038.5, 5399022.098000000230968, 444.146 ], [ 507038.020000000018626, 5399022.129999999888241, 444.166 ], [ 507038.045999999972992, 5399022.5, 444.153 ], [ 507038.10999999998603, 5399023.400000000372529, 444.124 ], [ 507037.5, 5399023.441999999806285, 444.138 ], [ 507036.672000000020489, 5399023.5, 444.126 ], [ 507036.5, 5399023.512000000104308, 444.126 ], [ 507035.5, 5399023.581000000238419, 444.096 ], [ 507034.5, 5399023.650999999605119, 444.057 ], [ 507033.5, 5399023.721, 444.036 ], [ 507033.21999999997206, 5399023.740000000223517, 444.031 ], [ 507033.202999999979511, 5399023.5, 444.045 ], [ 507033.132999999972526, 5399022.5, 444.092 ], [ 507033.061999999976251, 5399021.5, 444.18 ], [ 507032.992000000027474, 5399020.5, 444.299 ], [ 507032.922000000020489, 5399019.5, 444.371 ], [ 507032.851000000024214, 5399018.5, 444.399 ], [ 507032.789999999979045, 5399017.629999999888241, 444.409 ], [ 507033.5, 5399017.579, 444.41 ], [ 507034.039999999979045, 5399017.54, 444.411 ], [ 507034.037000000011176, 5399017.5, 444.412 ], [ 507033.967, 5399016.5, 444.428 ], [ 507033.896, 5399015.5, 444.439 ], [ 507033.85999999998603, 5399014.990000000223517, 444.442 ], [ 507033.5, 5399015.035000000149012, 444.438 ], [ 507032.51, 5399015.160000000149012, 444.422 ], [ 507032.5, 5399015.07799999974668, 444.422 ], [ 507032.429, 5399014.5, 444.417 ], [ 507032.306999999971595, 5399013.5, 444.414 ], [ 507032.185, 5399012.5, 444.415 ], [ 507032.063000000023749, 5399011.5, 444.421 ], [ 507031.941, 5399010.5, 444.421 ], [ 507031.818000000028405, 5399009.5, 444.416 ], [ 507031.696, 5399008.5, 444.465 ], [ 507031.69, 5399008.450000000186265, 444.49 ], [ 507031.5, 5399008.473000000230968, 444.491 ], [ 507031.272999999986496, 5399008.5, 444.475 ], [ 507030.5, 5399008.593000000342727, 444.485 ], [ 507030.44, 5399008.599999999627471, 444.482 ], [ 507030.428000000014435, 5399008.5, 444.49 ], [ 507030.306999999971595, 5399007.5, 444.672 ], [ 507030.185999999986961, 5399006.5, 444.81 ], [ 507030.064000000013039, 5399005.5, 444.92 ], [ 507029.943000000028405, 5399004.5, 445.043 ], [ 507029.849999999976717, 5399003.730000000447035, 445.204 ], [ 507030.5, 5399003.650999999605119, 445.106 ], [ 507031.5, 5399003.53000000026077, 445.024 ], [ 507031.75099999998929, 5399003.5, 445.01 ], [ 507032.5, 5399003.409, 444.966 ], [ 507033.5, 5399003.287999999709427, 444.895 ], [ 507034.5, 5399003.167999999597669, 444.862 ], [ 507035.5, 5399003.04700000025332, 444.868 ], [ 507036.049999999988358, 5399002.980000000447035, 444.892 ], [ 507036.113000000012107, 5399003.5, 444.808 ], [ 507036.200000000011642, 5399004.21999999973923, 444.732 ] ] ] } },
{ "type": "Feature", "properties": { "fid": 53, "gml_id": "DEBW_5221000Qwh5", "creationDate": "2024-11-25", "informationSystem": "http://repository.gdi-de.org/schemas/adv/citygml/fdv/art.htm#_9100", "name": "DEBWL5221000Qwh5", "Gemeindeschluessel": "08111000", "Geometrietyp2DReferenz": 3000, "DatenquelleDachhoehe": [ 1000, 1000, 1000, 1000, 1000, 1000 ], "Grundrissaktualitaet": "2024-04-01", "DatenquelleBodenhoehe": [ 1100, 1100, 1100, 1100, 1100, 1100 ], "DatenquelleLage": [ 1000, 1000, 1000, 1000, 1000, 1000 ], "function": "31001_1010", "roofType": null, "measuredHeight": null, "measuredHeight_uom": null, "CountryName": "Germany", "LocalityName": "Stuttgart", "ThoroughfareName": "Allmandring", "ThoroughfareNumber": "22A, null", "consistsOfBuildingPart|BuildingPart|creationDate": "2024-11-25", "consistsOfBuildingPart|BuildingPart|roofType": [ 2100, 1000, 2100, 9999, 1000, 1000 ], "consistsOfBuildingPart|BuildingPart|measuredHeight": [ 7.35, 9.877, 9.364, 12.492, 8.632, 7.212 ], "consistsOfBuildingPart|BuildingPart|measuredHeight_uom": [ "urn:adv:uom:m", "urn:adv:uom:m", "urn:adv:uom:m", "urn:adv:uom:m", "urn:adv:uom:m", "urn:adv:uom:m" ], "name_": null }, "geometry": { "type": "MultiLineString", "coordinates": [ [ [ 507221.21999999997206, 5399080.849999999627471, 448.134 ], [ 507221.5, 5399080.826000000350177, 448.111 ], [ 507222.5, 5399080.74100000038743, 448.067 ], [ 507223.5, 5399080.656000000424683, 448.048 ], [ 507224.5, 5399080.571000000461936, 448.044 ], [ 507225.342, 5399080.5, 448.045 ], [ 507225.5, 5399080.486999999731779, 448.063 ], [ 507226.5, 5399080.401999999769032, 448.079 ], [ 507227.5, 5399080.316999999806285, 448.09 ], [ 507227.908999999985099, 5399080.281999999657273, 448.099 ], [ 507227.924999999988358, 5399080.5, 448.077 ], [ 507227.995999999984633, 5399081.5, 448.049 ], [ 507228.017999999981839, 5399081.810999999754131, 448.049 ], [ 507227.5, 5399081.847, 448.03 ], [ 507226.5, 5399081.916000000201166, 447.989 ], [ 507225.5, 5399081.985000000335276, 447.963 ], [ 507224.5, 5399082.053999999538064, 447.955 ], [ 507223.5, 5399082.122999999672174, 447.959 ], [ 507222.5, 5399082.191999999806285, 447.984 ], [ 507221.5, 5399082.261, 448.029 ], [ 507220.5, 5399082.33, 448.077 ], [ 507219.5, 5399082.399000000208616, 448.117 ], [ 507218.5, 5399082.468000000342727, 448.139 ], [ 507218.03000000002794, 5399082.5, 448.139 ], [ 507217.950000000011642, 5399081.5, 448.171 ], [ 507217.919999999983702, 5399081.129999999888241, 448.166 ], [ 507218.5, 5399081.081000000238419, 448.166 ], [ 507219.5, 5399080.996000000275671, 448.187 ], [ 507220.5, 5399080.911000000312924, 448.164 ], [ 507221.21999999997206, 5399080.849999999627471, 448.134 ] ] ] } },
{ "type": "Feature", "properties": { "fid": 54, "gml_id": "DEBW_5221000QwiB", "creationDate": "2024-11-25", "informationSystem": "http://repository.gdi-de.org/schemas/adv/citygml/fdv/art.htm#_9100", "name": "DEBWL5221000QwiB", "Gemeindeschluessel": "08111000", "Geometrietyp2DReferenz": 3000, "DatenquelleDachhoehe": [ 1000, 1000, 1000, 1000, 1000, 1000 ], "Grundrissaktualitaet": "2024-04-01", "DatenquelleBodenhoehe": [ 1100, 1100, 1100, 1100, 1100, 1100 ], "DatenquelleLage": [ 1000, 1000, 1000, 1000, 1000, 1000 ], "function": "31001_1010", "roofType": null, "measuredHeight": null, "measuredHeight_uom": null, "CountryName": "Germany", "LocalityName": "Stuttgart", "ThoroughfareName": "Allmandring", "ThoroughfareNumber": "22D, null", "consistsOfBuildingPart|BuildingPart|creationDate": "2024-11-25", "consistsOfBuildingPart|BuildingPart|roofType": [ 5000, 1000, 1000, 1000, 1000, 1000 ], "consistsOfBuildingPart|BuildingPart|measuredHeight": [ 14.526, 12.963, 11.7, 11.7, 7.698, 12.965 ], "consistsOfBuildingPart|BuildingPart|measuredHeight_uom": [ "urn:adv:uom:m", "urn:adv:uom:m", "urn:adv:uom:m", "urn:adv:uom:m", "urn:adv:uom:m", "urn:adv:uom:m" ], "name_": null }, "geometry": { "type": "MultiLineString", "coordinates": [ [ [ 507200.57, 5399066.46999999973923, 449.258 ], [ 507200.5, 5399066.475999999791384, 449.25 ], [ 507200.200000000011642, 5399066.5, 449.143 ], [ 507199.5, 5399066.557, 449.032 ], [ 507198.5, 5399066.638000000268221, 448.841 ], [ 507197.5, 5399066.718999999575317, 448.68 ], [ 507196.5, 5399066.799999999813735, 448.542 ], [ 507195.5, 5399066.881, 448.424 ], [ 507194.5, 5399066.962000000290573, 448.332 ], [ 507194.135, 5399066.99199999962002, 448.31 ], [ 507194.098999999987427, 5399066.5, 448.41 ], [ 507194.025000000023283, 5399065.5, 448.701 ], [ 507194.0, 5399065.166000000201166, 448.835 ], [ 507194.5, 5399065.13399999961257, 448.831 ], [ 507195.5, 5399065.071999999694526, 448.877 ], [ 507196.5, 5399065.00899999961257, 448.951 ], [ 507197.5, 5399064.945000000298023, 449.044 ], [ 507198.5, 5399064.882000000216067, 449.148 ], [ 507199.5, 5399064.81900000013411, 449.26 ], [ 507200.5, 5399064.756, 449.373 ], [ 507201.5, 5399064.693, 449.454 ], [ 507202.5, 5399064.629999999888241, 449.484 ], [ 507203.5, 5399064.566999999806285, 449.486 ], [ 507203.770000000018626, 5399064.549999999813735, 449.485 ], [ 507203.84499999997206, 5399065.5, 449.459 ], [ 507203.900000000023283, 5399066.200000000186265, 449.443 ], [ 507203.5, 5399066.231999999843538, 449.438 ], [ 507202.5, 5399066.314000000245869, 449.42 ], [ 507201.5, 5399066.394999999552965, 449.379 ], [ 507200.57, 5399066.46999999973923, 449.258 ] ] ] } },
{ "type": "Feature", "properties": { "fid": 58, "gml_id": "DEBW_5221000Qwjb", "creationDate": "2024-11-25", "informationSystem": "http://repository.gdi-de.org/schemas/adv/citygml/fdv/art.htm#_9100", "name": "DEBWL5221000Qwjb", "Gemeindeschluessel": "08111000", "Geometrietyp2DReferenz": 3000, "DatenquelleDachhoehe": [ 1000, 1000, 1000, 1000, 1000, 1000, 1000, 1000, 1000 ], "Grundrissaktualitaet": "2024-04-01", "DatenquelleBodenhoehe": [ 1100, 1100, 1100, 1100, 1100, 1100, 1100, 1100, 1100 ], "DatenquelleLage": [ 1000, 1000, 1000, 1000, 1000, 1000, 1000, 1000, 1000 ], "function": "31001_1010", "roofType": null, "measuredHeight": null, "measuredHeight_uom": null, "CountryName": "Germany", "LocalityName": "Stuttgart", "ThoroughfareName": "Allmandring", "ThoroughfareNumber": "24B, null", "consistsOfBuildingPart|BuildingPart|creationDate": "2024-11-25", "consistsOfBuildingPart|BuildingPart|roofType": [ 3100, 1000, 1000, 2100, 1000, 2100, 2100, 1000, 1000 ], "consistsOfBuildingPart|BuildingPart|measuredHeight": [ 15.667, 15.127, 11.212, 15.295, 11.175, 15.284, 15.271, 11.205, 11.207 ], "consistsOfBuildingPart|BuildingPart|measuredHeight_uom": [ "urn:adv:uom:m", "urn:adv:uom:m", "urn:adv:uom:m", "urn:adv:uom:m", "urn:adv:uom:m", "urn:adv:uom:m", "urn:adv:uom:m", "urn:adv:uom:m", "urn:adv:uom:m" ], "name_": null }, "geometry": { "type": "MultiLineString", "coordinates": [ [ [ 507137.99, 5399076.019999999552965, 441.992 ], [ 507138.5, 5399075.985999999567866, 441.997 ], [ 507139.5, 5399075.92, 442.006 ], [ 507140.5, 5399075.854000000283122, 442.016 ], [ 507141.5, 5399075.787999999709427, 442.027 ], [ 507142.5, 5399075.721, 442.042 ], [ 507143.5, 5399075.65500000026077, 442.068 ], [ 507144.5, 5399075.588999999687076, 442.113 ], [ 507145.5, 5399075.523, 442.17 ], [ 507145.84499999997206, 5399075.5, 442.191 ], [ 507146.5, 5399075.457000000402331, 442.289 ], [ 507147.5, 5399075.389999999664724, 442.39 ], [ 507148.5, 5399075.324, 442.557 ], [ 507148.549, 5399075.321000000461936, 442.567 ], [ 507148.560999999986961, 5399075.5, 442.413 ], [ 507148.63, 5399076.5, 442.081 ], [ 507148.663, 5399076.981999999843538, 442.016 ], [ 507148.5, 5399076.992999999783933, 442.011 ], [ 507147.5, 5399077.059999999590218, 441.999 ], [ 507146.5, 5399077.127000000327826, 441.998 ], [ 507145.5, 5399077.19400000013411, 441.991 ], [ 507144.5, 5399077.261, 441.983 ], [ 507143.5, 5399077.32799999974668, 441.978 ], [ 507142.5, 5399077.394999999552965, 441.979 ], [ 507141.5, 5399077.462000000290573, 441.983 ], [ 507140.935, 5399077.5, 441.975 ], [ 507140.5, 5399077.529, 441.974 ], [ 507139.5, 5399077.596, 441.968 ], [ 507138.5, 5399077.662999999709427, 441.96 ], [ 507138.099999999976717, 5399077.690000000409782, 441.957 ], [ 507138.087, 5399077.5, 441.964 ], [ 507138.022, 5399076.5, 441.986 ], [ 507137.99, 5399076.019999999552965, 441.992 ] ] ] } },
{ "type": "Feature", "properties": { "fid": 60, "gml_id": "DEBW_5221000Qwp1", "creationDate": "2024-11-25", "informationSystem": "http://repository.gdi-de.org/schemas/adv/citygml/fdv/art.htm#_9100", "name": "DEBWL5221000Qwp1", "Gemeindeschluessel": "08111000", "Geometrietyp2DReferenz": 3000, "DatenquelleDachhoehe": [ 1000 ], "Grundrissaktualitaet": "2024-04-01", "DatenquelleBodenhoehe": [ 1100 ], "DatenquelleLage": [ 1000 ], "function": "31001_1010", "roofType": 1000, "measuredHeight": 8.041, "measuredHeight_uom": "urn:adv:uom:m", "CountryName": "Germany", "LocalityName": "Stuttgart", "ThoroughfareName": "Allmandring", "ThoroughfareNumber": "22B, null", "consistsOfBuildingPart|BuildingPart|creationDate": null, "consistsOfBuildingPart|BuildingPart|roofType": null, "consistsOfBuildingPart|BuildingPart|measuredHeight": null, "consistsOfBuildingPart|BuildingPart|measuredHeight_uom": null, "name_": null }, "geometry": { "type": "MultiLineString", "coordinates": [ [ [ 507205.10999999998603, 5399083.440000000409782, 446.985 ], [ 507205.5, 5399083.42, 446.977 ], [ 507206.5, 5399083.369, 446.968 ], [ 507207.5, 5399083.31900000013411, 446.96 ], [ 507208.26, 5399083.28000000026077, 446.956 ], [ 507208.278999999980442, 5399083.5, 446.969 ], [ 507208.368000000016764, 5399084.5, 446.918 ], [ 507208.400000000023283, 5399084.860000000335276, 446.867 ], [ 507208.5, 5399084.853000000119209, 446.879 ], [ 507209.5, 5399084.785000000149012, 447.015 ], [ 507210.5, 5399084.716, 447.339 ], [ 507211.5, 5399084.646999999880791, 447.702 ], [ 507211.900000000023283, 5399084.620000000111759, 447.777 ], [ 507211.954000000027008, 5399085.5, 447.489 ], [ 507212.01500000001397, 5399086.5, 447.223 ], [ 507212.076, 5399087.5, 447.002 ], [ 507212.136, 5399088.5, 446.846 ], [ 507212.196999999985565, 5399089.5, 446.773 ], [ 507212.21999999997206, 5399089.870000000111759, 446.767 ], [ 507212.256, 5399090.5, 446.759 ], [ 507212.26, 5399090.570000000298023, 446.759 ], [ 507212.049999999988358, 5399090.58, 446.729 ], [ 507212.080000000016298, 5399091.099999999627471, 446.728 ], [ 507211.5, 5399091.129999999888241, 446.641 ], [ 507210.549999999988358, 5399091.179999999701977, 446.366 ], [ 507210.520000000018626, 5399090.67, 446.355 ], [ 507210.5, 5399090.671, 446.35 ], [ 507209.5, 5399090.722, 445.932 ], [ 507208.960000000020955, 5399090.75, 445.688 ], [ 507208.946999999985565, 5399090.5, 445.672 ], [ 507208.900000000023283, 5399089.570000000298023, 445.645 ], [ 507208.5, 5399089.596, 445.531 ], [ 507207.5, 5399089.661999999545515, 445.289 ], [ 507207.229999999981374, 5399089.679999999701977, 445.19 ], [ 507207.28000000002794, 5399090.21, 445.183 ], [ 507206.5, 5399090.252999999560416, 445.001 ], [ 507205.82, 5399090.29, 444.677 ], [ 507205.78000000002794, 5399089.769999999552965, 444.688 ], [ 507205.520000000018626, 5399089.79, 444.593 ], [ 507205.504000000015367, 5399089.5, 444.602 ], [ 507205.5, 5399089.429999999701977, 444.642 ], [ 507205.49, 5399089.25, 444.607 ], [ 507205.441, 5399088.5, 444.793 ], [ 507205.37599999998929, 5399087.5, 445.329 ], [ 507205.31, 5399086.5, 445.933 ], [ 507205.245, 5399085.5, 446.473 ], [ 507205.179, 5399084.5, 446.864 ], [ 507205.114, 5399083.5, 447.0 ], [ 507205.10999999998603, 5399083.440000000409782, 446.985 ] ] ] } },
{ "type": "Feature", "properties": { "fid": 61, "gml_id": "DEBW_5221000QwoH", "creationDate": "2024-11-25", "informationSystem": "http://repository.gdi-de.org/schemas/adv/citygml/fdv/art.htm#_9100", "name": "DEBWL5221000QwoH", "Gemeindeschluessel": "08111000", "Geometrietyp2DReferenz": 3000, "DatenquelleDachhoehe": [ 1000, 1000, 1000, 1000, 1000, 1000, 1000, 1000, 1000 ], "Grundrissaktualitaet": "2024-04-01", "DatenquelleBodenhoehe": [ 1100, 1100, 1100, 1100, 1100, 1100, 1100, 1100, 1100 ], "DatenquelleLage": [ 1000, 1000, 1000, 1000, 1000, 1000, 1000, 1000, 1000 ], "function": "31001_1010", "roofType": null, "measuredHeight": null, "measuredHeight_uom": null, "CountryName": "Germany", "LocalityName": "Stuttgart", "ThoroughfareName": "Allmandring", "ThoroughfareNumber": "24A, null", "consistsOfBuildingPart|BuildingPart|creationDate": "2024-11-25", "consistsOfBuildingPart|BuildingPart|roofType": [ 1000, 3100, 1000, 1000, 1000, 1000, 1000, 2100, 1000 ], "consistsOfBuildingPart|BuildingPart|measuredHeight": [ 11.763, 16.383, 11.786, 15.813, 15.795, 11.763, 15.826, 11.85, 15.813 ], "consistsOfBuildingPart|BuildingPart|measuredHeight_uom": [ "urn:adv:uom:m", "urn:adv:uom:m", "urn:adv:uom:m", "urn:adv:uom:m", "urn:adv:uom:m", "urn:adv:uom:m", "urn:adv:uom:m", "urn:adv:uom:m", "urn:adv:uom:m" ], "name_": null }, "geometry": { "type": "MultiLineString", "coordinates": [ [ [ 507169.346000000019558, 5399027.03000000026077, 451.326 ], [ 507168.5, 5399027.08600000012666, 451.283 ], [ 507167.5, 5399027.151999999769032, 451.193 ], [ 507166.5, 5399027.218000000342727, 451.093 ], [ 507165.5, 5399027.285000000149012, 450.998 ], [ 507164.5, 5399027.350999999791384, 450.922 ], [ 507164.35999999998603, 5399027.360000000335276, 450.913 ], [ 507164.303000000014435, 5399026.5, 451.065 ], [ 507164.25, 5399025.690000000409782, 451.196 ], [ 507164.5, 5399025.67200000025332, 451.204 ], [ 507165.5, 5399025.602, 451.246 ], [ 507166.5, 5399025.531999999657273, 451.305 ], [ 507166.952999999979511, 5399025.5, 451.324 ], [ 507167.5, 5399025.462000000290573, 451.361 ], [ 507168.5, 5399025.390999999828637, 451.392 ], [ 507169.229999999981374, 5399025.339999999850988, 451.403 ], [ 507169.240999999979977, 5399025.5, 451.39 ], [ 507169.31, 5399026.5, 451.347 ], [ 507169.346000000019558, 5399027.03000000026077, 451.326 ] ] ] } },
{ "type": "Feature", "properties": { "fid": 64, "gml_id": "DEBW_5221000QwsF", "creationDate": "2024-11-25", "informationSystem": "http://repository.gdi-de.org/schemas/adv/citygml/fdv/art.htm#_9100", "name": "DEBWL5221000QwsF", "Gemeindeschluessel": "08111000", "Geometrietyp2DReferenz": 3000, "DatenquelleDachhoehe": [ 1000, 1000, 1000, 1000, 1000, 1000 ], "Grundrissaktualitaet": "2024-04-01", "DatenquelleBodenhoehe": [ 1100, 1100, 1100, 1100, 1100, 1100 ], "DatenquelleLage": [ 1000, 1000, 1000, 1000, 1000, 1000 ], "function": "31001_1010", "roofType": null, "measuredHeight": null, "measuredHeight_uom": null, "CountryName": "Germany", "LocalityName": "Stuttgart", "ThoroughfareName": "Allmandring", "ThoroughfareNumber": "18C, null", "consistsOfBuildingPart|BuildingPart|creationDate": "2024-11-25", "consistsOfBuildingPart|BuildingPart|roofType": [ 2100, 1000, 1000, 9999, 1000, 5000 ], "consistsOfBuildingPart|BuildingPart|measuredHeight": [ 10.584, 5.984, 11.282, 12.594, 11.288, 10.884 ], "consistsOfBuildingPart|BuildingPart|measuredHeight_uom": [ "urn:adv:uom:m", "urn:adv:uom:m", "urn:adv:uom:m", "urn:adv:uom:m", "urn:adv:uom:m", "urn:adv:uom:m" ], "name_": null }, "geometry": { "type": "MultiLineString", "coordinates": [ [ [ 507253.18, 5399060.28000000026077, 450.42 ], [ 507253.180999999982305, 5399060.296, 450.419 ], [ 507252.5, 5399060.342000000178814, 450.406 ], [ 507251.5, 5399060.409, 450.392 ], [ 507250.5, 5399060.477, 450.375 ], [ 507250.157, 5399060.5, 450.354 ], [ 507249.5, 5399060.543999999761581, 450.347 ], [ 507249.460000000020955, 5399060.54700000025332, 450.344 ], [ 507249.457999999984168, 5399060.5, 450.347 ], [ 507249.413, 5399059.5, 450.421 ], [ 507249.39000000001397, 5399059.0, 450.462 ], [ 507249.5, 5399058.99199999962002, 450.465 ], [ 507250.5, 5399058.92200000025332, 450.475 ], [ 507251.5, 5399058.852, 450.484 ], [ 507252.5, 5399058.781999999657273, 450.488 ], [ 507253.099999999976717, 5399058.740000000223517, 450.495 ], [ 507253.13900000002468, 5399059.5, 450.454 ], [ 507253.18, 5399060.28000000026077, 450.42 ] ] ] } },
{ "type": "Feature", "properties": { "fid": 65, "gml_id": "DEBW_5221000QwtH", "creationDate": "2024-11-25", "informationSystem": "http://repository.gdi-de.org/schemas/adv/citygml/fdv/art.htm#_9100", "name": "DEBWL5221000QwtH", "Gemeindeschluessel": "08111000", "Geometrietyp2DReferenz": 3000, "DatenquelleDachhoehe": [ 1000, 1000, 1000, 1000, 1000, 1000, 1000, 1000, 1000 ], "Grundrissaktualitaet": "2024-04-01", "DatenquelleBodenhoehe": [ 1100, 1100, 1100, 1100, 1100, 1100, 1100, 1100, 1100 ], "DatenquelleLage": [ 1000, 1000, 1000, 1000, 1000, 1000, 1000, 1000, 1000 ], "function": "31001_1010", "roofType": null, "measuredHeight": null, "measuredHeight_uom": null, "CountryName": "Germany", "LocalityName": "Stuttgart", "ThoroughfareName": "Allmandring", "ThoroughfareNumber": "24D, null", "consistsOfBuildingPart|BuildingPart|creationDate": "2024-11-25", "consistsOfBuildingPart|BuildingPart|roofType": [ 1000, 3100, 2100, 1000, 1000, 1000, 1000, 1000, 1000 ], "consistsOfBuildingPart|BuildingPart|measuredHeight": [ 11.965, 16.423, 16.056, 15.891, 11.966, 11.955, 15.946, 15.938, 11.934 ], "consistsOfBuildingPart|BuildingPart|measuredHeight_uom": [ "urn:adv:uom:m", "urn:adv:uom:m", "urn:adv:uom:m", "urn:adv:uom:m", "urn:adv:uom:m", "urn:adv:uom:m", "urn:adv:uom:m", "urn:adv:uom:m", "urn:adv:uom:m" ], "name_": null }, "geometry": { "type": "MultiLineString", "coordinates": [ [ [ 507120.43, 5399021.389999999664724, 447.452 ], [ 507120.438000000023749, 5399021.5, 447.412 ], [ 507120.5, 5399022.404, 447.327 ], [ 507120.506999999983236, 5399022.5, 447.296 ], [ 507120.576, 5399023.5, 447.214 ], [ 507120.645000000018626, 5399024.5, 447.165 ], [ 507120.713999999978114, 5399025.5, 447.125 ], [ 507120.783, 5399026.5, 447.082 ], [ 507120.852000000013504, 5399027.5, 447.035 ], [ 507120.920999999972992, 5399028.5, 446.974 ], [ 507120.99, 5399029.5, 446.893 ], [ 507121.059, 5399030.5, 446.789 ], [ 507121.128000000026077, 5399031.5, 446.656 ], [ 507121.158999999985099, 5399031.945000000298023, 446.605 ], [ 507120.5, 5399031.989, 446.614 ], [ 507119.5, 5399032.054999999701977, 446.662 ], [ 507118.5, 5399032.121000000275671, 446.752 ], [ 507117.5, 5399032.187, 446.961 ], [ 507116.533999999985099, 5399032.251000000163913, 447.168 ], [ 507116.5, 5399031.748999999836087, 447.185 ], [ 507116.483, 5399031.5, 447.199 ], [ 507116.414999999979045, 5399030.5, 447.214 ], [ 507116.348, 5399029.5, 447.22 ], [ 507116.28000000002794, 5399028.5, 447.229 ], [ 507116.212, 5399027.5, 447.246 ], [ 507116.143999999971129, 5399026.5, 447.267 ], [ 507116.077, 5399025.5, 447.277 ], [ 507116.009000000020023, 5399024.5, 447.281 ], [ 507115.941, 5399023.5, 447.291 ], [ 507115.87400000001071, 5399022.5, 447.318 ], [ 507115.82, 5399021.71, 447.343 ], [ 507116.5, 5399021.662999999709427, 447.305 ], [ 507117.5, 5399021.593000000342727, 447.255 ], [ 507118.5, 5399021.524000000208616, 447.267 ], [ 507118.84499999997206, 5399021.5, 447.292 ], [ 507119.5, 5399021.455, 447.382 ], [ 507120.43, 5399021.389999999664724, 447.452 ] ] ] } },
{ "type": "Feature", "properties": { "fid": 66, "gml_id": "DEBW_5221000Qwv1", "creationDate": "2024-11-25", "informationSystem": "http://repository.gdi-de.org/schemas/adv/citygml/fdv/art.htm#_9100", "name": "DEBWL5221000Qwv1", "Gemeindeschluessel": "08111000", "Geometrietyp2DReferenz": 3000, "DatenquelleDachhoehe": [ 1000, 1000, 1000, 1000, 1000, 1000 ], "Grundrissaktualitaet": "2024-04-01", "DatenquelleBodenhoehe": [ 1100, 1100, 1100, 1100, 1100, 1100 ], "DatenquelleLage": [ 1000, 1000, 1000, 1000, 1000, 1000 ], "function": "31001_1010", "roofType": null, "measuredHeight": null, "measuredHeight_uom": null, "CountryName": "Germany", "LocalityName": "Stuttgart", "ThoroughfareName": "Allmandring", "ThoroughfareNumber": "20D, null", "consistsOfBuildingPart|BuildingPart|creationDate": "2024-11-25", "consistsOfBuildingPart|BuildingPart|roofType": [ 1000, 1000, 5000, 1000, 5000, 1000 ], "consistsOfBuildingPart|BuildingPart|measuredHeight": [ 12.759, 14.032, 13.653, 8.702, 15.552, 13.992 ], "consistsOfBuildingPart|BuildingPart|measuredHeight_uom": [ "urn:adv:uom:m", "urn:adv:uom:m", "urn:adv:uom:m", "urn:adv:uom:m", "urn:adv:uom:m", "urn:adv:uom:m" ], "name_": null }, "geometry": { "type": "MultiLineString", "coordinates": [ [ [ 507253.12, 5399109.96999999973923, 446.104 ], [ 507253.151000000012573, 5399110.5, 446.092 ], [ 507253.210000000020955, 5399111.5, 446.023 ], [ 507253.21999999997206, 5399111.67, 445.994 ], [ 507252.5, 5399111.713999999687076, 445.946 ], [ 507251.5, 5399111.775999999605119, 445.855 ], [ 507250.5, 5399111.837000000290573, 445.724 ], [ 507249.960000000020955, 5399111.870000000111759, 445.573 ], [ 507249.5, 5399111.898, 445.472 ], [ 507248.5, 5399111.96, 445.146 ], [ 507247.5, 5399112.020999999716878, 444.809 ], [ 507246.5, 5399112.082000000402331, 444.482 ], [ 507245.5, 5399112.144000000320375, 444.193 ], [ 507244.5, 5399112.205, 443.949 ], [ 507243.5, 5399112.267, 443.772 ], [ 507243.217, 5399112.284, 443.734 ], [ 507243.164999999979045, 5399111.5, 443.75 ], [ 507243.117000000027474, 5399110.782999999821186, 443.771 ], [ 507243.5, 5399110.752000000327826, 443.831 ], [ 507244.5, 5399110.671, 444.099 ], [ 507245.5, 5399110.588999999687076, 444.426 ], [ 507246.5, 5399110.50800000037998, 444.749 ], [ 507246.598999999987427, 5399110.5, 444.775 ], [ 507247.5, 5399110.427000000141561, 445.098 ], [ 507248.5, 5399110.34499999973923, 445.395 ], [ 507249.5, 5399110.264000000432134, 445.654 ], [ 507250.5, 5399110.183000000193715, 445.859 ], [ 507251.5, 5399110.102, 445.991 ], [ 507252.5, 5399110.019999999552965, 446.074 ], [ 507253.12, 5399109.96999999973923, 446.104 ] ] ] } },
{ "type": "Feature", "properties": { "fid": 69, "gml_id": "DEBW_5221000QwYM", "creationDate": "2024-11-25", "informationSystem": "http://repository.gdi-de.org/schemas/adv/citygml/fdv/art.htm#_9100", "name": "DEBWL5221000QwYM", "Gemeindeschluessel": "08111000", "Geometrietyp2DReferenz": 3000, "DatenquelleDachhoehe": [ 1000 ], "Grundrissaktualitaet": "2024-04-01", "DatenquelleBodenhoehe": [ 1100 ], "DatenquelleLage": [ 1000 ], "function": "31001_1010", "roofType": 5000, "measuredHeight": 12.893, "measuredHeight_uom": "urn:adv:uom:m", "CountryName": "Germany", "LocalityName": "Stuttgart", "ThoroughfareName": "Allmandring", "ThoroughfareNumber": "22C, null", "consistsOfBuildingPart|BuildingPart|creationDate": null, "consistsOfBuildingPart|BuildingPart|roofType": null, "consistsOfBuildingPart|BuildingPart|measuredHeight": null, "consistsOfBuildingPart|BuildingPart|measuredHeight_uom": null, "name_": null }, "geometry": { "type": "MultiLineString", "coordinates": [ [ [ 507189.210000000020955, 5399091.910000000149012, 444.083 ], [ 507189.179, 5399091.5, 444.087 ], [ 507189.104, 5399090.5, 444.074 ], [ 507189.028, 5399089.5, 444.066 ], [ 507188.952999999979511, 5399088.5, 444.081 ], [ 507188.87699999997858, 5399087.5, 444.106 ], [ 507188.802000000025146, 5399086.5, 444.118 ], [ 507188.727000000013504, 5399085.5, 444.129 ], [ 507188.651000000012573, 5399084.5, 444.136 ], [ 507188.576, 5399083.5, 444.134 ], [ 507188.5, 5399082.5, 444.162 ], [ 507188.5, 5399082.495000000111759, 444.184 ], [ 507188.479999999981374, 5399082.230000000447035, 444.192 ], [ 507187.5, 5399082.291000000201166, 444.199 ], [ 507186.5, 5399082.354000000283122, 444.35 ], [ 507185.5, 5399082.417000000365078, 444.699 ], [ 507185.289999999979045, 5399082.429999999701977, 444.841 ], [ 507185.224999999976717, 5399081.5, 444.994 ], [ 507185.15500000002794, 5399080.5, 445.188 ], [ 507185.085000000020955, 5399079.5, 445.329 ], [ 507185.016, 5399078.5, 445.435 ], [ 507184.946, 5399077.5, 445.532 ], [ 507184.919999999983702, 5399077.129999999888241, 445.562 ], [ 507185.5, 5399077.088000000454485, 445.534 ], [ 507186.5, 5399077.015999999828637, 445.492 ], [ 507187.5, 5399076.94400000013411, 445.489 ], [ 507188.10999999998603, 5399076.900000000372529, 445.475 ], [ 507188.080000000016298, 5399076.5, 445.512 ], [ 507188.006, 5399075.5, 445.529 ], [ 507187.99, 5399075.28000000026077, 445.546 ], [ 507188.5, 5399075.240000000223517, 445.538 ], [ 507189.5, 5399075.161999999545515, 445.517 ], [ 507190.5, 5399075.085, 445.507 ], [ 507191.330000000016298, 5399075.019999999552965, 445.521 ], [ 507191.283999999985099, 5399074.5, 445.57 ], [ 507191.195, 5399073.5, 445.614 ], [ 507191.18, 5399073.33, 445.648 ], [ 507191.5, 5399073.304999999701977, 445.649 ], [ 507192.5, 5399073.224999999627471, 445.653 ], [ 507193.5, 5399073.144999999552965, 445.706 ], [ 507194.5, 5399073.065999999642372, 445.909 ], [ 507194.57, 5399073.059999999590218, 445.925 ], [ 507194.531000000017229, 5399072.5, 446.079 ], [ 507194.5, 5399072.049999999813735, 446.415 ], [ 507194.462, 5399071.5, 446.675 ], [ 507194.392999999981839, 5399070.5, 447.279 ], [ 507194.35999999998603, 5399070.03000000026077, 447.462 ], [ 507194.5, 5399070.019999999552965, 447.462 ], [ 507195.5, 5399069.950000000186265, 447.507 ], [ 507196.5, 5399069.879999999888241, 447.606 ], [ 507197.5, 5399069.810999999754131, 447.746 ], [ 507198.5, 5399069.74100000038743, 447.903 ], [ 507199.5, 5399069.671, 448.045 ], [ 507200.5, 5399069.600999999791384, 448.154 ], [ 507200.799999999988358, 5399069.58, 448.188 ], [ 507200.864, 5399070.5, 447.829 ], [ 507200.934, 5399071.5, 447.488 ], [ 507201.003000000026077, 5399072.5, 447.209 ], [ 507201.072999999974854, 5399073.5, 447.057 ], [ 507201.142999999981839, 5399074.5, 446.994 ], [ 507201.212, 5399075.5, 446.953 ], [ 507201.282, 5399076.5, 446.924 ], [ 507201.352000000013504, 5399077.5, 446.799 ], [ 507201.420999999972992, 5399078.5, 446.474 ], [ 507201.490999999979977, 5399079.5, 445.982 ], [ 507201.5, 5399079.629999999888241, 445.933 ], [ 507201.560999999986961, 5399080.5, 445.628 ], [ 507201.63, 5399081.5, 445.555 ], [ 507201.700000000011642, 5399082.5, 445.514 ], [ 507201.770000000018626, 5399083.5, 445.502 ], [ 507201.78000000002794, 5399083.650000000372529, 445.503 ], [ 507202.5, 5399083.605000000447035, 446.001 ], [ 507203.5, 5399083.542000000365078, 446.747 ], [ 507204.158999999985099, 5399083.5, 446.928 ], [ 507204.5, 5399083.478000000119209, 447.001 ], [ 507205.10999999998603, 5399083.440000000409782, 446.985 ], [ 507205.114, 5399083.5, 447.0 ], [ 507205.179, 5399084.5, 446.864 ], [ 507205.245, 5399085.5, 446.473 ], [ 507205.31, 5399086.5, 445.933 ], [ 507205.37599999998929, 5399087.5, 445.329 ], [ 507205.441, 5399088.5, 444.793 ], [ 507205.49, 5399089.25, 444.607 ], [ 507204.5, 5399089.329, 444.341 ], [ 507203.5, 5399089.407999999821186, 444.214 ], [ 507202.5, 5399089.486999999731779, 444.225 ], [ 507202.340000000025611, 5399089.5, 444.208 ], [ 507202.435, 5399090.5, 444.137 ], [ 507202.49, 5399091.08, 444.149 ], [ 507201.5, 5399091.16399999987334, 444.158 ], [ 507200.5, 5399091.248999999836087, 444.156 ], [ 507199.5, 5399091.333999999798834, 444.154 ], [ 507199.07, 5399091.370000000111759, 444.157 ], [ 507199.076, 5399091.5, 444.152 ], [ 507199.12300000002142, 5399092.5, 444.163 ], [ 507199.150000000023283, 5399093.059999999590218, 444.169 ], [ 507198.5, 5399093.088999999687076, 444.158 ], [ 507197.5, 5399093.134999999776483, 444.136 ], [ 507196.5, 5399093.179999999701977, 444.123 ], [ 507195.62, 5399093.21999999973923, 444.117 ], [ 507195.598999999987427, 5399092.5, 444.127 ], [ 507195.57, 5399091.519999999552965, 444.147 ], [ 507195.5, 5399091.524000000208616, 444.145 ], [ 507194.5, 5399091.58600000012666, 444.091 ], [ 507193.5, 5399091.646999999880791, 444.031 ], [ 507192.5, 5399091.707999999634922, 444.022 ], [ 507191.5, 5399091.769999999552965, 444.064 ], [ 507190.5, 5399091.831000000238419, 444.103 ], [ 507189.5, 5399091.892, 444.097 ], [ 507189.210000000020955, 5399091.910000000149012, 444.083 ] ] ] } },
{ "type": "Feature", "properties": { "fid": 78, "gml_id": "DEBW_5221000Qxke", "creationDate": "2024-11-25", "informationSystem": "http://repository.gdi-de.org/schemas/adv/citygml/fdv/art.htm#_9100", "name": "DEBWL5221000Qxke", "Gemeindeschluessel": "08111000", "Geometrietyp2DReferenz": 3000, "DatenquelleDachhoehe": [ 1000, 1000, 1000 ], "Grundrissaktualitaet": "2024-04-01", "DatenquelleBodenhoehe": [ 1100, 1100, 1100 ], "DatenquelleLage": [ 1000, 1000, 1000 ], "function": "31001_1313", "roofType": null, "measuredHeight": null, "measuredHeight_uom": null, "CountryName": "Germany", "LocalityName": "Stuttgart", "ThoroughfareName": "Allmandring", "ThoroughfareNumber": "12/1, null", "consistsOfBuildingPart|BuildingPart|creationDate": "2024-11-25", "consistsOfBuildingPart|BuildingPart|roofType": [ 3100, 3100, 3100 ], "consistsOfBuildingPart|BuildingPart|measuredHeight": [ 4.654, 4.422, 4.709 ], "consistsOfBuildingPart|BuildingPart|measuredHeight_uom": [ "urn:adv:uom:m", "urn:adv:uom:m", "urn:adv:uom:m" ], "name_": null }, "geometry": { "type": "MultiLineString", "coordinates": [ [ [ 507348.659999999974389, 5399128.53000000026077, 448.233 ], [ 507348.832999999984168, 5399128.583999999798834, 448.227 ], [ 507348.569000000017695, 5399129.5, 448.103 ], [ 507348.5, 5399129.74100000038743, 448.074 ], [ 507348.281000000017229, 5399130.5, 447.948 ], [ 507348.020000000018626, 5399131.410000000149012, 447.841 ], [ 507347.994, 5399131.5, 447.801 ], [ 507347.81, 5399132.139999999664724, 447.727 ], [ 507347.5, 5399132.037999999709427, 447.745 ], [ 507346.5, 5399131.71, 447.822 ], [ 507345.859, 5399131.5, 447.854 ], [ 507345.5, 5399131.382000000216067, 447.886 ], [ 507344.5, 5399131.053999999538064, 447.903 ], [ 507344.439000000013039, 5399131.034, 447.901 ], [ 507344.5, 5399130.842000000178814, 447.917 ], [ 507344.608, 5399130.5, 447.939 ], [ 507344.924999999988358, 5399129.5, 448.033 ], [ 507345.242000000027474, 5399128.5, 448.138 ], [ 507345.5, 5399127.685999999754131, 448.238 ], [ 507345.539999999979045, 5399127.559999999590218, 448.249 ], [ 507346.5, 5399127.858, 448.263 ], [ 507347.5, 5399128.168999999761581, 448.273 ], [ 507348.5, 5399128.480000000447035, 448.26 ], [ 507348.564000000013039, 5399128.5, 448.237 ], [ 507348.659999999974389, 5399128.53000000026077, 448.233 ] ] ] } },
{ "type": "Feature", "properties": { "fid": 81, "gml_id": "DEBW_5221000Qxla", "creationDate": "2024-11-25", "informationSystem": "http://repository.gdi-de.org/schemas/adv/citygml/fdv/art.htm#_9100", "name": "DEBWL5221000Qxla", "Gemeindeschluessel": "08111000", "Geometrietyp2DReferenz": 3000, "DatenquelleDachhoehe": [ 1000, 1000, 1000, 1000, 1000, 1000 ], "Grundrissaktualitaet": "2024-04-01", "DatenquelleBodenhoehe": [ 1100, 1100, 1100, 1100, 1100, 1100 ], "DatenquelleLage": [ 1000, 1000, 1000, 1000, 1000, 1000 ], "function": "31001_1010", "roofType": null, "measuredHeight": null, "measuredHeight_uom": null, "CountryName": "Germany", "LocalityName": "Stuttgart", "ThoroughfareName": "Allmandring", "ThoroughfareNumber": "10A, null", "consistsOfBuildingPart|BuildingPart|creationDate": "2024-11-25", "consistsOfBuildingPart|BuildingPart|roofType": [ 1000, 1000, 2100, 3100, 1000, 1000 ], "consistsOfBuildingPart|BuildingPart|measuredHeight": [ 10.851, 6.864, 11.633, 13.152, 12.227, 12.233 ], "consistsOfBuildingPart|BuildingPart|measuredHeight_uom": [ "urn:adv:uom:m", "urn:adv:uom:m", "urn:adv:uom:m", "urn:adv:uom:m", "urn:adv:uom:m", "urn:adv:uom:m" ], "name_": null }, "geometry": { "type": "MultiLineString", "coordinates": [ [ [ 507431.28000000002794, 5399154.33, 448.028 ], [ 507430.5, 5399154.375, 447.998 ], [ 507429.5, 5399154.433000000193715, 447.97 ], [ 507428.5, 5399154.49100000038743, 447.961 ], [ 507428.336000000010245, 5399154.5, 447.934 ], [ 507427.5, 5399154.548000000417233, 447.938 ], [ 507426.5, 5399154.605999999679625, 447.959 ], [ 507425.5, 5399154.66399999987334, 447.995 ], [ 507424.5, 5399154.722, 448.04 ], [ 507424.406000000017229, 5399154.727, 448.047 ], [ 507424.392, 5399154.5, 448.075 ], [ 507424.327999999979511, 5399153.5, 448.142 ], [ 507424.303000000014435, 5399153.110999999567866, 448.157 ], [ 507424.5, 5399153.099000000394881, 448.158 ], [ 507425.5, 5399153.035000000149012, 448.154 ], [ 507426.5, 5399152.972, 448.154 ], [ 507427.5, 5399152.907999999821186, 448.149 ], [ 507428.5, 5399152.84499999973923, 448.146 ], [ 507429.5, 5399152.781000000424683, 448.152 ], [ 507430.5, 5399152.718000000342727, 448.164 ], [ 507431.5, 5399152.654, 448.181 ], [ 507432.5, 5399152.591, 448.206 ], [ 507433.5, 5399152.528, 448.233 ], [ 507433.934, 5399152.5, 448.238 ], [ 507434.25, 5399152.480000000447035, 448.25 ], [ 507434.25199999997858, 5399152.5, 448.241 ], [ 507434.342, 5399153.5, 448.192 ], [ 507434.400000000023283, 5399154.150000000372529, 448.156 ], [ 507433.5, 5399154.201999999582767, 448.121 ], [ 507432.5, 5399154.259999999776483, 448.078 ], [ 507431.5, 5399154.316999999806285, 448.04 ], [ 507431.28000000002794, 5399154.33, 448.028 ] ] ] } },
{ "type": "Feature", "properties": { "fid": 88, "gml_id": "DEBW_5221000QxoB", "creationDate": "2024-11-25", "informationSystem": "http://repository.gdi-de.org/schemas/adv/citygml/fdv/art.htm#_9100", "name": "DEBWL5221000QxoB", "Gemeindeschluessel": "08111000", "Geometrietyp2DReferenz": 3000, "DatenquelleDachhoehe": [ 1000 ], "Grundrissaktualitaet": "2024-04-01", "DatenquelleBodenhoehe": [ 1100 ], "DatenquelleLage": [ 1000 ], "function": "31001_1010", "roofType": 5000, "measuredHeight": 10.033, "measuredHeight_uom": "urn:adv:uom:m", "CountryName": "Germany", "LocalityName": "Stuttgart", "ThoroughfareName": "Allmandring", "ThoroughfareNumber": "10B, null", "consistsOfBuildingPart|BuildingPart|creationDate": null, "consistsOfBuildingPart|BuildingPart|roofType": null, "consistsOfBuildingPart|BuildingPart|measuredHeight": null, "consistsOfBuildingPart|BuildingPart|measuredHeight_uom": null, "name_": null }, "geometry": { "type": "MultiLineString", "coordinates": [ [ [ 507426.06, 5399179.400000000372529, 445.837 ], [ 507425.5, 5399179.428000000305474, 445.83 ], [ 507424.5, 5399179.477, 445.82 ], [ 507424.031000000017229, 5399179.5, 445.824 ], [ 507423.5, 5399179.525999999605119, 445.823 ], [ 507422.5, 5399179.575000000186265, 445.828 ], [ 507421.5, 5399179.625, 445.847 ], [ 507420.5, 5399179.673999999649823, 445.865 ], [ 507419.770000000018626, 5399179.71, 445.877 ], [ 507419.75199999997858, 5399179.5, 445.873 ], [ 507419.664999999979045, 5399178.5, 445.837 ], [ 507419.579000000027008, 5399177.5, 445.825 ], [ 507419.5, 5399176.589999999850988, 445.826 ], [ 507419.492000000027474, 5399176.5, 445.835 ], [ 507419.406000000017229, 5399175.5, 445.814 ], [ 507419.319000000017695, 5399174.5, 445.8 ], [ 507419.233, 5399173.5, 445.782 ], [ 507419.146, 5399172.5, 445.764 ], [ 507419.059, 5399171.5, 445.777 ], [ 507418.973, 5399170.5, 445.817 ], [ 507418.94, 5399170.120000000111759, 445.873 ], [ 507418.5, 5399170.143000000156462, 445.854 ], [ 507417.5, 5399170.196000000461936, 445.817 ], [ 507416.5, 5399170.248999999836087, 445.803 ], [ 507415.729999999981374, 5399170.29, 445.824 ], [ 507415.701, 5399169.5, 445.894 ], [ 507415.664999999979045, 5399168.5, 446.085 ], [ 507415.629000000015367, 5399167.5, 446.317 ], [ 507415.593, 5399166.5, 446.563 ], [ 507415.556999999971595, 5399165.5, 446.836 ], [ 507415.539999999979045, 5399165.03000000026077, 446.978 ], [ 507416.5, 5399164.951999999582767, 446.993 ], [ 507417.5, 5399164.871000000275671, 447.01 ], [ 507418.5, 5399164.79, 447.011 ], [ 507418.62, 5399164.78000000026077, 447.01 ], [ 507418.598, 5399164.5, 447.051 ], [ 507418.521, 5399163.5, 447.157 ], [ 507418.518999999971129, 5399163.46999999973923, 447.164 ], [ 507418.5, 5399163.21999999973923, 447.166 ], [ 507419.5, 5399163.160000000149012, 447.156 ], [ 507420.5, 5399163.099999999627471, 447.148 ], [ 507421.5, 5399163.04, 447.121 ], [ 507421.659999999974389, 5399163.03000000026077, 447.115 ], [ 507421.62400000001071, 5399162.5, 447.14 ], [ 507421.555, 5399161.5, 447.164 ], [ 507421.539999999979045, 5399161.28000000026077, 447.175 ], [ 507422.5, 5399161.228000000119209, 447.124 ], [ 507423.5, 5399161.173999999649823, 447.1 ], [ 507424.5, 5399161.120000000111759, 447.09 ], [ 507424.85999999998603, 5399161.099999999627471, 447.086 ], [ 507424.813000000023749, 5399160.5, 447.1 ], [ 507424.734, 5399159.5, 447.122 ], [ 507424.65500000002794, 5399158.5, 447.195 ], [ 507424.62, 5399158.059999999590218, 447.287 ], [ 507425.5, 5399158.009999999776483, 447.322 ], [ 507426.5, 5399157.95299999974668, 447.37 ], [ 507427.5, 5399157.896999999880791, 447.395 ], [ 507428.5, 5399157.839999999850988, 447.397 ], [ 507429.5, 5399157.782999999821186, 447.384 ], [ 507430.5, 5399157.727, 447.358 ], [ 507431.5, 5399157.67, 447.354 ], [ 507431.554, 5399158.5, 447.172 ], [ 507431.618000000016764, 5399159.5, 447.084 ], [ 507431.683000000019092, 5399160.5, 447.039 ], [ 507431.746999999973923, 5399161.5, 447.022 ], [ 507431.811999999976251, 5399162.5, 447.026 ], [ 507431.87599999998929, 5399163.5, 447.026 ], [ 507431.941, 5399164.5, 446.992 ], [ 507432.005, 5399165.5, 446.83 ], [ 507432.07, 5399166.5, 446.507 ], [ 507432.134000000020023, 5399167.5, 446.201 ], [ 507432.199000000022352, 5399168.5, 446.048 ], [ 507432.262999999977183, 5399169.5, 445.987 ], [ 507432.327999999979511, 5399170.5, 445.934 ], [ 507432.392999999981839, 5399171.5, 445.886 ], [ 507432.43, 5399172.08, 445.874 ], [ 507432.5, 5399172.075000000186265, 445.862 ], [ 507433.5, 5399172.009999999776483, 445.847 ], [ 507434.5, 5399171.94400000013411, 445.846 ], [ 507435.5, 5399171.878999999724329, 445.832 ], [ 507435.789999999979045, 5399171.860000000335276, 445.831 ], [ 507435.824000000022352, 5399172.5, 445.831 ], [ 507435.878000000026077, 5399173.5, 445.82 ], [ 507435.930999999982305, 5399174.5, 445.816 ], [ 507435.98499999998603, 5399175.5, 445.843 ], [ 507436.038, 5399176.5, 445.881 ], [ 507436.07, 5399177.089999999850988, 445.903 ], [ 507435.5, 5399177.134999999776483, 445.895 ], [ 507434.5, 5399177.213000000454485, 445.894 ], [ 507433.5, 5399177.292000000365078, 445.879 ], [ 507432.76, 5399177.349999999627471, 445.867 ], [ 507432.776000000012573, 5399177.5, 445.868 ], [ 507432.882999999972526, 5399178.5, 445.886 ], [ 507432.94, 5399179.03000000026077, 445.905 ], [ 507432.5, 5399179.052000000141561, 445.899 ], [ 507431.5, 5399179.100999999791384, 445.88 ], [ 507430.5, 5399179.150000000372529, 445.864 ], [ 507429.69, 5399179.190000000409782, 445.863 ], [ 507429.71999999997206, 5399179.5, 445.881 ], [ 507429.816, 5399180.5, 445.932 ], [ 507429.849999999976717, 5399180.860000000335276, 445.952 ], [ 507429.5, 5399180.864, 445.949 ], [ 507428.5, 5399180.873999999836087, 445.946 ], [ 507427.5, 5399180.884999999776483, 445.932 ], [ 507426.5, 5399180.895999999716878, 445.922 ], [ 507426.10999999998603, 5399180.900000000372529, 445.91 ], [ 507426.097, 5399180.5, 445.897 ], [ 507426.063000000023749, 5399179.5, 445.847 ], [ 507426.06, 5399179.400000000372529, 445.837 ] ] ] } },
{ "type": "Feature", "properties": { "fid": 98, "gml_id": "DEBW_5221000QxrE", "creationDate": "2024-11-25", "informationSystem": "http://repository.gdi-de.org/schemas/adv/citygml/fdv/art.htm#_9100", "name": "DEBWL5221000QxrE", "Gemeindeschluessel": "08111000", "Geometrietyp2DReferenz": 3000, "DatenquelleDachhoehe": [ 1000, 1000, 1000, 1000, 1000, 1000 ], "Grundrissaktualitaet": "2024-04-01", "DatenquelleBodenhoehe": [ 1100, 1100, 1100, 1100, 1100, 1100 ], "DatenquelleLage": [ 1000, 1000, 1000, 1000, 1000, 1000 ], "function": "31001_1010", "roofType": null, "measuredHeight": null, "measuredHeight_uom": null, "CountryName": "Germany", "LocalityName": "Stuttgart", "ThoroughfareName": "Allmandring", "ThoroughfareNumber": "20A, null", "consistsOfBuildingPart|BuildingPart|creationDate": "2024-11-25", "consistsOfBuildingPart|BuildingPart|roofType": [ 1000, 1000, 9999, 1000, 2100, 3100 ], "consistsOfBuildingPart|BuildingPart|measuredHeight": [ 7.399, 8.808, 12.697, 10.046, 9.213, 10.976 ], "consistsOfBuildingPart|BuildingPart|measuredHeight_uom": [ "urn:adv:uom:m", "urn:adv:uom:m", "urn:adv:uom:m", "urn:adv:uom:m", "urn:adv:uom:m", "urn:adv:uom:m" ], "name_": null }, "geometry": { "type": "MultiLineString", "coordinates": [ [ [ 507277.288999999989755, 5399127.303999999538064, 444.821 ], [ 507276.5, 5399127.354000000283122, 444.762 ], [ 507275.5, 5399127.417000000365078, 444.702 ], [ 507274.5, 5399127.480000000447035, 444.657 ], [ 507274.174, 5399127.5, 444.631 ], [ 507273.5, 5399127.542999999597669, 444.613 ], [ 507272.5, 5399127.605999999679625, 444.596 ], [ 507271.5, 5399127.667999999597669, 444.592 ], [ 507270.5, 5399127.730999999679625, 444.601 ], [ 507269.5, 5399127.793999999761581, 444.625 ], [ 507268.5, 5399127.856999999843538, 444.667 ], [ 507267.5, 5399127.92, 444.725 ], [ 507267.473, 5399127.5, 444.758 ], [ 507267.408, 5399126.5, 444.771 ], [ 507267.39000000001397, 5399126.230000000447035, 444.772 ], [ 507267.5, 5399126.223000000230968, 444.763 ], [ 507268.5, 5399126.157999999821186, 444.736 ], [ 507269.5, 5399126.092000000178814, 444.71 ], [ 507270.5, 5399126.026999999769032, 444.687 ], [ 507271.5, 5399125.962000000290573, 444.679 ], [ 507272.5, 5399125.896999999880791, 444.684 ], [ 507273.5, 5399125.832000000402331, 444.699 ], [ 507274.5, 5399125.767, 444.73 ], [ 507275.5, 5399125.701000000350177, 444.771 ], [ 507276.5, 5399125.636, 444.827 ], [ 507277.193000000028405, 5399125.591, 444.884 ], [ 507277.244, 5399126.5, 444.843 ], [ 507277.288999999989755, 5399127.303999999538064, 444.821 ] ] ] } },
{ "type": "Feature", "properties": { "fid": 101, "gml_id": "DEBW_5221000QxsQ", "creationDate": "2024-11-25", "informationSystem": "http://repository.gdi-de.org/schemas/adv/citygml/fdv/art.htm#_9100", "name": "DEBWL5221000QxsQ", "Gemeindeschluessel": "08111000", "Geometrietyp2DReferenz": 3000, "DatenquelleDachhoehe": [ 1000, 1000, 1000, 1000, 1000, 1000, 1000 ], "Grundrissaktualitaet": "2024-04-01", "DatenquelleBodenhoehe": [ 1100, 1100, 1100, 1100, 1100, 1100, 1100 ], "DatenquelleLage": [ 1000, 1000, 1000, 1000, 1000, 1000, 1000 ], "function": "31001_1010", "roofType": null, "measuredHeight": null, "measuredHeight_uom": null, "CountryName": "Germany", "LocalityName": "Stuttgart", "ThoroughfareName": "Allmandring", "ThoroughfareNumber": "16A, null", "consistsOfBuildingPart|BuildingPart|creationDate": "2024-11-25", "consistsOfBuildingPart|BuildingPart|roofType": [ 5000, 1000, 2100, 2100, 1000, 2100, 1000 ], "consistsOfBuildingPart|BuildingPart|measuredHeight": [ 13.166, 10.762, 9.733, 10.353, 10.758, 10.812, 6.785 ], "consistsOfBuildingPart|BuildingPart|measuredHeight_uom": [ "urn:adv:uom:m", "urn:adv:uom:m", "urn:adv:uom:m", "urn:adv:uom:m", "urn:adv:uom:m", "urn:adv:uom:m", "urn:adv:uom:m" ], "name_": null }, "geometry": { "type": "MultiLineString", "coordinates": [ [ [ 507297.200000000011642, 5399129.089999999850988, 445.737 ], [ 507297.159999999974389, 5399128.5, 445.804 ], [ 507297.091000000014901, 5399127.5, 445.985 ], [ 507297.022999999986496, 5399126.5, 446.146 ], [ 507296.98499999998603, 5399125.940999999642372, 446.227 ], [ 507297.5, 5399125.903, 446.23 ], [ 507298.5, 5399125.83, 446.239 ], [ 507299.5, 5399125.757000000216067, 446.245 ], [ 507300.5, 5399125.684000000357628, 446.257 ], [ 507301.5, 5399125.610999999567866, 446.28 ], [ 507302.5, 5399125.537999999709427, 446.315 ], [ 507303.025000000023283, 5399125.5, 446.334 ], [ 507303.5, 5399125.464999999850988, 446.378 ], [ 507303.710000000020955, 5399125.450000000186265, 446.386 ], [ 507303.712999999988824, 5399125.5, 446.365 ], [ 507303.772, 5399126.5, 446.251 ], [ 507303.832, 5399127.5, 446.097 ], [ 507303.891, 5399128.5, 445.9 ], [ 507303.900000000023283, 5399128.650000000372529, 445.877 ], [ 507303.5, 5399128.676, 445.854 ], [ 507302.5, 5399128.74199999962002, 445.837 ], [ 507301.5, 5399128.808000000193715, 445.831 ], [ 507300.5, 5399128.872999999672174, 445.818 ], [ 507299.5, 5399128.939000000245869, 445.804 ], [ 507298.5, 5399129.004999999888241, 445.781 ], [ 507297.5, 5399129.070000000298023, 445.746 ], [ 507297.200000000011642, 5399129.089999999850988, 445.737 ] ] ] } },
{ "type": "Feature", "properties": { "fid": 103, "gml_id": "DEBW_5221000Qxt5", "creationDate": "2024-11-25", "informationSystem": "http://repository.gdi-de.org/schemas/adv/citygml/fdv/art.htm#_9100", "name": "DEBWL5221000Qxt5", "Gemeindeschluessel": "08111000", "Geometrietyp2DReferenz": 3000, "DatenquelleDachhoehe": [ 1000 ], "Grundrissaktualitaet": "2024-04-01", "DatenquelleBodenhoehe": [ 1100 ], "DatenquelleLage": [ 1000 ], "function": "31001_1010", "roofType": 5000, "measuredHeight": 12.716, "measuredHeight_uom": "urn:adv:uom:m", "CountryName": "Germany", "LocalityName": "Stuttgart", "ThoroughfareName": "Allmandring", "ThoroughfareNumber": "12C, null", "consistsOfBuildingPart|BuildingPart|creationDate": null, "consistsOfBuildingPart|BuildingPart|roofType": null, "consistsOfBuildingPart|BuildingPart|measuredHeight": null, "consistsOfBuildingPart|BuildingPart|measuredHeight_uom": null, "name_": null }, "geometry": { "type": "MultiLineString", "coordinates": [ [ [ 507371.539999999979045, 5399149.519999999552965, 446.097 ], [ 507371.538999999989755, 5399149.5, 446.097 ], [ 507371.5, 5399148.860999999567866, 446.117 ], [ 507371.478, 5399148.5, 446.12 ], [ 507371.417000000015832, 5399147.5, 446.169 ], [ 507371.357000000018161, 5399146.5, 446.297 ], [ 507371.349999999976717, 5399146.389999999664724, 446.361 ], [ 507371.5, 5399146.378999999724329, 446.363 ], [ 507372.5, 5399146.30599999986589, 446.42 ], [ 507373.5, 5399146.231999999843538, 446.48 ], [ 507374.5, 5399146.159, 446.514 ], [ 507375.5, 5399146.085, 446.529 ], [ 507376.5, 5399146.012000000104308, 446.532 ], [ 507377.5, 5399145.938, 446.52 ], [ 507378.020000000018626, 5399145.900000000372529, 446.52 ], [ 507378.061999999976251, 5399146.5, 446.372 ], [ 507378.131999999983236, 5399147.5, 446.224 ], [ 507378.201, 5399148.5, 446.147 ], [ 507378.271, 5399149.5, 446.112 ], [ 507378.298, 5399149.889000000432134, 446.103 ], [ 507378.341000000014901, 5399150.5, 446.081 ], [ 507378.409999999974389, 5399151.5, 446.058 ], [ 507378.479999999981374, 5399152.5, 446.042 ], [ 507378.5, 5399152.79, 446.046 ], [ 507378.549, 5399153.5, 446.035 ], [ 507378.619, 5399154.5, 445.966 ], [ 507378.689000000013039, 5399155.5, 445.806 ], [ 507378.757999999972526, 5399156.5, 445.609 ], [ 507378.776000000012573, 5399156.753999999724329, 445.567 ], [ 507378.787000000011176, 5399156.915, 445.542 ], [ 507378.827999999979511, 5399157.5, 445.409 ], [ 507378.897999999986496, 5399158.5, 445.194 ], [ 507378.967, 5399159.5, 445.012 ], [ 507379.03000000002794, 5399160.400000000372529, 444.948 ], [ 507379.5, 5399160.367999999783933, 444.93 ], [ 507380.5, 5399160.299999999813735, 444.956 ], [ 507381.5, 5399160.233, 445.026 ], [ 507382.28000000002794, 5399160.179999999701977, 445.094 ], [ 507382.303000000014435, 5399160.5, 445.082 ], [ 507382.375, 5399161.5, 445.055 ], [ 507382.446999999985565, 5399162.5, 445.019 ], [ 507382.5, 5399163.236999999731779, 445.013 ], [ 507382.518999999971129, 5399163.5, 444.99 ], [ 507382.591000000014901, 5399164.5, 444.955 ], [ 507382.659999999974389, 5399165.46, 444.945 ], [ 507382.5, 5399165.473000000230968, 444.92 ], [ 507382.169999999983702, 5399165.5, 444.871 ], [ 507381.5, 5399165.554999999701977, 444.827 ], [ 507380.5, 5399165.636, 444.795 ], [ 507379.5, 5399165.718000000342727, 444.769 ], [ 507379.349999999976717, 5399165.730000000447035, 444.758 ], [ 507379.409999999974389, 5399166.5, 444.725 ], [ 507379.46999999997206, 5399167.28000000026077, 444.701 ], [ 507378.5, 5399167.359000000171363, 444.678 ], [ 507377.5, 5399167.440000000409782, 444.658 ], [ 507376.754000000015367, 5399167.5, 444.641 ], [ 507376.5, 5399167.520999999716878, 444.638 ], [ 507376.26, 5399167.54, 444.632 ], [ 507376.325000000011642, 5399168.5, 444.611 ], [ 507376.37, 5399169.17, 444.602 ], [ 507375.5, 5399169.234000000171363, 444.586 ], [ 507374.5, 5399169.308000000193715, 444.553 ], [ 507373.5, 5399169.381, 444.525 ], [ 507372.700000000011642, 5399169.440000000409782, 444.505 ], [ 507372.62599999998929, 5399168.5, 444.529 ], [ 507372.57, 5399167.78000000026077, 444.555 ], [ 507372.5, 5399167.785000000149012, 444.554 ], [ 507371.5, 5399167.854000000283122, 444.516 ], [ 507370.5, 5399167.923000000417233, 444.467 ], [ 507369.5, 5399167.99199999962002, 444.418 ], [ 507368.5, 5399168.060999999754131, 444.369 ], [ 507367.5, 5399168.129999999888241, 444.34 ], [ 507366.5, 5399168.199, 444.359 ], [ 507366.340000000025611, 5399168.21, 444.378 ], [ 507366.289999999979045, 5399167.5, 444.481 ], [ 507366.221000000019558, 5399166.5, 444.709 ], [ 507366.151000000012573, 5399165.5, 444.813 ], [ 507366.081, 5399164.5, 444.795 ], [ 507366.011, 5399163.5, 444.803 ], [ 507365.941, 5399162.5, 444.827 ], [ 507365.871999999973923, 5399161.5, 444.813 ], [ 507365.802000000025146, 5399160.5, 444.774 ], [ 507365.732000000018161, 5399159.5, 444.757 ], [ 507365.662000000011176, 5399158.5, 444.81 ], [ 507365.659999999974389, 5399158.46999999973923, 444.839 ], [ 507365.5, 5399158.480999999679625, 444.828 ], [ 507365.224999999976717, 5399158.5, 444.787 ], [ 507364.5, 5399158.549999999813735, 444.777 ], [ 507363.5, 5399158.619, 444.817 ], [ 507362.5, 5399158.688, 444.859 ], [ 507362.46999999997206, 5399158.690000000409782, 444.862 ], [ 507362.456, 5399158.5, 444.871 ], [ 507362.38, 5399157.5, 444.99 ], [ 507362.305, 5399156.5, 445.154 ], [ 507362.229, 5399155.5, 445.344 ], [ 507362.153999999980442, 5399154.5, 445.576 ], [ 507362.077999999979511, 5399153.5, 445.821 ], [ 507362.07, 5399153.389999999664724, 445.882 ], [ 507362.5, 5399153.356999999843538, 445.999 ], [ 507363.5, 5399153.281999999657273, 446.08 ], [ 507364.5, 5399153.206000000238419, 446.072 ], [ 507365.24, 5399153.150000000372529, 446.055 ], [ 507365.185, 5399152.5, 446.132 ], [ 507365.10999999998603, 5399151.610000000335276, 446.173 ], [ 507365.5, 5399151.58600000012666, 446.162 ], [ 507366.5, 5399151.524000000208616, 446.139 ], [ 507366.892, 5399151.5, 446.131 ], [ 507367.5, 5399151.462000000290573, 446.107 ], [ 507368.349999999976717, 5399151.410000000149012, 446.086 ], [ 507368.288, 5399150.5, 446.099 ], [ 507368.24, 5399149.79, 446.112 ], [ 507368.5, 5399149.769000000320375, 446.108 ], [ 507369.5, 5399149.687, 446.104 ], [ 507370.5, 5399149.605000000447035, 446.097 ], [ 507371.5, 5399149.523, 446.097 ], [ 507371.539999999979045, 5399149.519999999552965, 446.097 ] ] ] } },
{ "type": "Feature", "properties": { "fid": 114, "gml_id": "DEBW_5221000QybU", "creationDate": "2024-11-25", "informationSystem": "http://repository.gdi-de.org/schemas/adv/citygml/fdv/art.htm#_9100", "name": "DEBWL5221000QybU", "Gemeindeschluessel": "08111000", "Geometrietyp2DReferenz": 3000, "DatenquelleDachhoehe": [ 1000 ], "Grundrissaktualitaet": "2024-04-01", "DatenquelleBodenhoehe": [ 1100 ], "DatenquelleLage": [ 1000 ], "function": "31001_1010", "roofType": 1000, "measuredHeight": 5.748, "measuredHeight_uom": "urn:adv:uom:m", "CountryName": "Germany", "LocalityName": "Stuttgart", "ThoroughfareName": "Allmandring", "ThoroughfareNumber": "18B, null", "consistsOfBuildingPart|BuildingPart|creationDate": null, "consistsOfBuildingPart|BuildingPart|roofType": null, "consistsOfBuildingPart|BuildingPart|measuredHeight": null, "consistsOfBuildingPart|BuildingPart|measuredHeight_uom": null, "name_": null }, "geometry": { "type": "MultiLineString", "coordinates": [ [ [ 507266.950000000011642, 5399069.559999999590218, 449.163 ], [ 507267.5, 5399069.517, 449.175 ], [ 507267.710000000020955, 5399069.5, 449.179 ], [ 507268.46999999997206, 5399069.440000000409782, 449.192 ], [ 507268.44, 5399069.059999999590218, 449.197 ], [ 507268.5, 5399069.054999999701977, 449.206 ], [ 507269.5, 5399068.968000000342727, 449.268 ], [ 507270.049999999988358, 5399068.92, 449.343 ], [ 507270.049999999988358, 5399069.320000000298023, 449.338 ], [ 507270.289999999979045, 5399069.339999999850988, 449.371 ], [ 507270.299999999988358, 5399069.5, 449.388 ], [ 507270.331, 5399069.990000000223517, 449.407 ], [ 507270.363000000012107, 5399070.5, 449.431 ], [ 507270.425999999977648, 5399071.5, 449.424 ], [ 507270.489, 5399072.5, 449.4 ], [ 507270.5, 5399072.67200000025332, 449.409 ], [ 507270.552000000025146, 5399073.5, 449.37 ], [ 507270.615, 5399074.5, 449.328 ], [ 507270.669999999983702, 5399075.370000000111759, 449.307 ], [ 507270.5, 5399075.381, 449.307 ], [ 507269.5, 5399075.443, 449.3 ], [ 507268.585000000020955, 5399075.5, 449.289 ], [ 507268.5, 5399075.504999999888241, 449.289 ], [ 507267.5, 5399075.568, 449.28 ], [ 507266.82, 5399075.610000000335276, 449.274 ], [ 507266.811999999976251, 5399075.5, 449.274 ], [ 507266.74, 5399074.5, 449.267 ], [ 507266.729999999981374, 5399074.360000000335276, 449.259 ], [ 507266.5, 5399074.375, 449.258 ], [ 507265.5, 5399074.440000000409782, 449.244 ], [ 507264.577, 5399074.5, 449.238 ], [ 507264.5, 5399074.504999999888241, 449.237 ], [ 507263.5, 5399074.570000000298023, 449.235 ], [ 507263.495, 5399074.5, 449.233 ], [ 507263.418, 5399073.5, 449.201 ], [ 507263.341000000014901, 5399072.5, 449.16 ], [ 507263.26400000002468, 5399071.5, 449.119 ], [ 507263.186999999976251, 5399070.5, 449.095 ], [ 507263.10999999998603, 5399069.5, 449.097 ], [ 507263.090000000025611, 5399069.240000000223517, 449.097 ], [ 507263.049999999988358, 5399068.820000000298023, 449.096 ], [ 507263.419999999983702, 5399068.730000000447035, 449.092 ], [ 507263.38900000002468, 5399068.5, 449.091 ], [ 507263.35999999998603, 5399068.28000000026077, 449.102 ], [ 507263.5, 5399068.265999999828637, 449.103 ], [ 507264.5, 5399068.165, 449.147 ], [ 507264.849999999976717, 5399068.129999999888241, 449.149 ], [ 507264.886999999987893, 5399068.5, 449.136 ], [ 507264.900000000023283, 5399068.629999999888241, 449.136 ], [ 507265.5, 5399068.571000000461936, 449.133 ], [ 507266.227000000013504, 5399068.5, 449.133 ], [ 507266.5, 5399068.473000000230968, 449.13 ], [ 507266.840000000025611, 5399068.440000000409782, 449.143 ], [ 507266.846000000019558, 5399068.5, 449.146 ], [ 507266.944000000017695, 5399069.5, 449.162 ], [ 507266.950000000011642, 5399069.559999999590218, 449.163 ] ] ] } },
{ "type": "Feature", "properties": { "fid": 135, "gml_id": "DEBW_5221000Qyg2", "creationDate": "2024-11-25", "informationSystem": "http://repository.gdi-de.org/schemas/adv/citygml/fdv/art.htm#_9100", "name": "DEBWL5221000Qyg2", "Gemeindeschluessel": "08111000", "Geometrietyp2DReferenz": 3000, "DatenquelleDachhoehe": [ 1000, 1000, 1000, 1000, 1000, 1000 ], "Grundrissaktualitaet": "2024-04-01", "DatenquelleBodenhoehe": [ 1100, 1100, 1100, 1100, 1100, 1100 ], "DatenquelleLage": [ 1000, 1000, 1000, 1000, 1000, 1000 ], "function": "31001_1010", "roofType": null, "measuredHeight": null, "measuredHeight_uom": null, "CountryName": "Germany", "LocalityName": "Stuttgart", "ThoroughfareName": "Allmandring", "ThoroughfareNumber": "18A, null", "consistsOfBuildingPart|BuildingPart|creationDate": "2024-11-25", "consistsOfBuildingPart|BuildingPart|roofType": [ 1000, 1000, 1000, 1000, 9999, 1000 ], "consistsOfBuildingPart|BuildingPart|measuredHeight": [ 9.964, 8.63, 9.982, 6.022, 11.301, 6.008 ], "consistsOfBuildingPart|BuildingPart|measuredHeight_uom": [ "urn:adv:uom:m", "urn:adv:uom:m", "urn:adv:uom:m", "urn:adv:uom:m", "urn:adv:uom:m", "urn:adv:uom:m" ], "name_": null }, "geometry": { "type": "MultiLineString", "coordinates": [ [ [ 507284.159999999974389, 5399084.21999999973923, 449.013 ], [ 507284.18, 5399084.5, 449.004 ], [ 507284.254000000015367, 5399085.5, 448.997 ], [ 507284.28000000002794, 5399085.860000000335276, 448.994 ], [ 507283.5, 5399085.92200000025332, 448.996 ], [ 507282.5, 5399086.001000000163913, 449.002 ], [ 507281.5, 5399086.08, 449.011 ], [ 507281.0, 5399086.120000000111759, 449.017 ], [ 507280.5, 5399086.160000000149012, 449.016 ], [ 507279.5, 5399086.239, 449.019 ], [ 507278.5, 5399086.318, 449.02 ], [ 507277.5, 5399086.396999999880791, 449.022 ], [ 507276.5, 5399086.477, 449.029 ], [ 507276.204000000027008, 5399086.5, 449.023 ], [ 507275.5, 5399086.55599999986589, 449.033 ], [ 507274.5, 5399086.634999999776483, 449.051 ], [ 507274.261, 5399086.654, 449.055 ], [ 507274.253000000026077, 5399086.5, 449.07 ], [ 507274.199000000022352, 5399085.5, 449.126 ], [ 507274.174999999988358, 5399085.054999999701977, 449.145 ], [ 507274.5, 5399085.028, 449.137 ], [ 507275.5, 5399084.94400000013411, 449.121 ], [ 507276.5, 5399084.860999999567866, 449.107 ], [ 507277.5, 5399084.776999999769032, 449.097 ], [ 507278.5, 5399084.693, 449.088 ], [ 507279.5, 5399084.610000000335276, 449.078 ], [ 507280.5, 5399084.525999999605119, 449.064 ], [ 507280.811999999976251, 5399084.5, 449.06 ], [ 507281.5, 5399084.441999999806285, 449.055 ], [ 507282.5, 5399084.359000000171363, 449.036 ], [ 507283.5, 5399084.275000000372529, 449.018 ], [ 507284.159999999974389, 5399084.21999999973923, 449.013 ] ] ] } },
{ "type": "Feature", "properties": { "fid": 163, "gml_id": "DEBW_5221000QyPE", "creationDate": "2024-11-25", "informationSystem": "http://repository.gdi-de.org/schemas/adv/citygml/fdv/art.htm#_9100", "name": "DEBWL5221000QyPE", "Gemeindeschluessel": "08111000", "Geometrietyp2DReferenz": 3000, "DatenquelleDachhoehe": [ 1000 ], "Grundrissaktualitaet": "2024-04-01", "DatenquelleBodenhoehe": [ 1100 ], "DatenquelleLage": [ 1000 ], "function": "31001_1010", "roofType": 5000, "measuredHeight": 12.656, "measuredHeight_uom": "urn:adv:uom:m", "CountryName": "Germany", "LocalityName": "Stuttgart", "ThoroughfareName": "Allmandring", "ThoroughfareNumber": "20C, null", "consistsOfBuildingPart|BuildingPart|creationDate": null, "consistsOfBuildingPart|BuildingPart|roofType": null, "consistsOfBuildingPart|BuildingPart|measuredHeight": null, "consistsOfBuildingPart|BuildingPart|measuredHeight_uom": null, "name_": null }, "geometry": { "type": "MultiLineString", "coordinates": [ [ [ 507244.63, 5399136.769999999552965, 440.639 ], [ 507244.5, 5399136.778, 440.633 ], [ 507243.5, 5399136.838999999687076, 440.589 ], [ 507242.5, 5399136.900000000372529, 440.574 ], [ 507241.5, 5399136.96100000012666, 440.576 ], [ 507240.5, 5399137.021999999880791, 440.571 ], [ 507239.5, 5399137.082000000402331, 440.557 ], [ 507238.5, 5399137.143000000156462, 440.509 ], [ 507238.39000000001397, 5399137.150000000372529, 440.481 ], [ 507238.349999999976717, 5399136.5, 440.517 ], [ 507238.287000000011176, 5399135.5, 440.543 ], [ 507238.224999999976717, 5399134.5, 440.567 ], [ 507238.163, 5399133.5, 440.603 ], [ 507238.101000000024214, 5399132.5, 440.635 ], [ 507238.038999999989755, 5399131.5, 440.655 ], [ 507237.977000000013504, 5399130.5, 440.669 ], [ 507237.914999999979045, 5399129.5, 440.684 ], [ 507237.90500000002794, 5399129.34499999973923, 440.69 ], [ 507237.853, 5399128.5, 440.714 ], [ 507237.791000000026543, 5399127.5, 440.807 ], [ 507237.789999999979045, 5399127.490000000223517, 440.839 ], [ 507237.569000000017695, 5399127.5, 440.797 ], [ 507237.5, 5399127.502999999560416, 440.794 ], [ 507236.5, 5399127.548000000417233, 440.81 ], [ 507235.5, 5399127.593000000342727, 440.957 ], [ 507234.5, 5399127.639000000432134, 441.17 ], [ 507234.46999999997206, 5399127.639999999664724, 441.217 ], [ 507234.460000000020955, 5399127.5, 441.242 ], [ 507234.392, 5399126.5, 441.492 ], [ 507234.324000000022352, 5399125.5, 441.683 ], [ 507234.256, 5399124.5, 441.817 ], [ 507234.188000000023749, 5399123.5, 441.949 ], [ 507234.12, 5399122.5, 442.058 ], [ 507234.10999999998603, 5399122.349999999627471, 442.091 ], [ 507234.5, 5399122.322999999858439, 442.105 ], [ 507235.5, 5399122.252999999560416, 442.105 ], [ 507236.5, 5399122.183000000193715, 442.061 ], [ 507237.409999999974389, 5399122.120000000111759, 442.018 ], [ 507237.36099999997532, 5399121.5, 442.06 ], [ 507237.281000000017229, 5399120.5, 442.102 ], [ 507237.28000000002794, 5399120.490000000223517, 442.117 ], [ 507237.5, 5399120.471, 442.102 ], [ 507238.5, 5399120.386, 442.079 ], [ 507239.5, 5399120.301, 442.059 ], [ 507240.450000000011642, 5399120.21999999973923, 442.049 ], [ 507240.407, 5399119.5, 442.074 ], [ 507240.369, 5399118.877000000327826, 442.115 ], [ 507240.35999999998603, 5399118.71999999973923, 442.124 ], [ 507240.5, 5399118.71, 442.125 ], [ 507241.5, 5399118.639999999664724, 442.136 ], [ 507242.5, 5399118.570000000298023, 442.135 ], [ 507243.5, 5399118.5, 442.2 ], [ 507243.506999999983236, 5399118.5, 442.201 ], [ 507243.650000000023283, 5399118.490000000223517, 442.229 ], [ 507243.577999999979511, 5399117.5, 442.289 ], [ 507243.506, 5399116.5, 442.551 ], [ 507243.5, 5399116.417000000365078, 442.667 ], [ 507243.434, 5399115.5, 443.055 ], [ 507243.43, 5399115.450000000186265, 443.191 ], [ 507243.5, 5399115.446000000461936, 443.173 ], [ 507244.5, 5399115.387000000104308, 443.266 ], [ 507245.5, 5399115.32799999974668, 443.465 ], [ 507246.5, 5399115.269000000320375, 443.705 ], [ 507247.5, 5399115.21, 443.976 ], [ 507248.5, 5399115.150000000372529, 444.239 ], [ 507249.5, 5399115.091, 444.467 ], [ 507250.200000000011642, 5399115.049999999813735, 444.55 ], [ 507250.231000000028871, 5399115.5, 444.356 ], [ 507250.300999999977648, 5399116.5, 444.024 ], [ 507250.37, 5399117.5, 443.792 ], [ 507250.44, 5399118.5, 443.697 ], [ 507250.5, 5399119.36699999962002, 443.688 ], [ 507250.509000000020023, 5399119.5, 443.667 ], [ 507250.579000000027008, 5399120.5, 443.604 ], [ 507250.647999999986496, 5399121.5, 443.549 ], [ 507250.650000000023283, 5399121.525999999605119, 443.547 ], [ 507250.718, 5399122.5, 443.431 ], [ 507250.787000000011176, 5399123.5, 443.217 ], [ 507250.857000000018161, 5399124.5, 442.734 ], [ 507250.927000000025146, 5399125.5, 442.361 ], [ 507250.995999999984633, 5399126.5, 442.306 ], [ 507251.066, 5399127.5, 442.286 ], [ 507251.115999999979977, 5399128.21999999973923, 442.281 ], [ 507251.135, 5399128.5, 442.272 ], [ 507251.205000000016298, 5399129.5, 442.248 ], [ 507251.210000000020955, 5399129.570000000298023, 442.238 ], [ 507251.5, 5399129.549999999813735, 442.461 ], [ 507252.237000000022817, 5399129.5, 442.861 ], [ 507252.5, 5399129.481999999843538, 443.2 ], [ 507253.5, 5399129.41399999987334, 443.49 ], [ 507254.289999999979045, 5399129.360000000335276, 443.53 ], [ 507254.298, 5399129.5, 443.477 ], [ 507254.352000000013504, 5399130.5, 443.097 ], [ 507254.406000000017229, 5399131.5, 442.567 ], [ 507254.461000000010245, 5399132.5, 441.963 ], [ 507254.5, 5399133.222, 441.699 ], [ 507254.51500000001397, 5399133.5, 441.482 ], [ 507254.569000000017695, 5399134.5, 441.192 ], [ 507254.57, 5399134.509999999776483, 441.193 ], [ 507254.5, 5399134.514000000432134, 441.161 ], [ 507253.5, 5399134.576999999582767, 440.823 ], [ 507252.5, 5399134.639000000432134, 440.785 ], [ 507251.520000000018626, 5399134.700000000186265, 440.795 ], [ 507251.569000000017695, 5399135.5, 440.701 ], [ 507251.62, 5399136.33, 440.676 ], [ 507251.5, 5399136.337000000290573, 440.67 ], [ 507250.5, 5399136.398, 440.626 ], [ 507249.5, 5399136.458999999798834, 440.596 ], [ 507248.824000000022352, 5399136.5, 440.589 ], [ 507248.5, 5399136.519999999552965, 440.593 ], [ 507248.330000000016298, 5399136.53000000026077, 440.608 ], [ 507248.391, 5399137.5, 440.585 ], [ 507248.43, 5399138.120000000111759, 440.584 ], [ 507247.5, 5399138.156999999657273, 440.607 ], [ 507246.5, 5399138.196999999694526, 440.623 ], [ 507245.5, 5399138.236999999731779, 440.612 ], [ 507244.659999999974389, 5399138.269999999552965, 440.561 ], [ 507244.645000000018626, 5399137.5, 440.602 ], [ 507244.63, 5399136.769999999552965, 440.639 ] ] ] } },
{ "type": "Feature", "properties": { "fid": 173, "gml_id": "DEBW_5221000QySc", "creationDate": "2024-11-25", "informationSystem": "http://repository.gdi-de.org/schemas/adv/citygml/fdv/art.htm#_9100", "name": "DEBWL5221000QySc", "Gemeindeschluessel": "08111000", "Geometrietyp2DReferenz": 3000, "DatenquelleDachhoehe": [ 1000, 1000, 1000, 1000, 1000, 1000 ], "Grundrissaktualitaet": "2024-04-01", "DatenquelleBodenhoehe": [ 1100, 1100, 1100, 1100, 1100, 1100 ], "DatenquelleLage": [ 1000, 1000, 1000, 1000, 1000, 1000 ], "function": "31001_1010", "roofType": null, "measuredHeight": null, "measuredHeight_uom": null, "CountryName": "Germany", "LocalityName": "Stuttgart", "ThoroughfareName": "Allmandring", "ThoroughfareNumber": "12E, null", "consistsOfBuildingPart|BuildingPart|creationDate": "2024-11-25", "consistsOfBuildingPart|BuildingPart|roofType": [ 1000, 1000, 1000, 3100, 1000, 1000 ], "consistsOfBuildingPart|BuildingPart|measuredHeight": [ 7.465, 8.776, 10.087, 11.179, 10.139, 8.781 ], "consistsOfBuildingPart|BuildingPart|measuredHeight_uom": [ "urn:adv:uom:m", "urn:adv:uom:m", "urn:adv:uom:m", "urn:adv:uom:m", "urn:adv:uom:m", "urn:adv:uom:m" ], "name_": null }, "geometry": { "type": "MultiLineString", "coordinates": [ [ [ 507352.422000000020489, 5399158.178999999538064, 444.818 ], [ 507352.375, 5399157.5, 444.844 ], [ 507352.305, 5399156.5, 444.9 ], [ 507352.23499999998603, 5399155.5, 444.956 ], [ 507352.164999999979045, 5399154.5, 445.02 ], [ 507352.09499999997206, 5399153.5, 445.086 ], [ 507352.042000000015832, 5399152.746000000275671, 445.131 ], [ 507352.12, 5399152.740000000223517, 445.13 ], [ 507352.5, 5399152.708999999798834, 445.12 ], [ 507353.5, 5399152.628999999724329, 445.054 ], [ 507354.5, 5399152.548000000417233, 444.962 ], [ 507354.96999999997206, 5399152.509999999776483, 444.941 ], [ 507355.048, 5399153.5, 444.938 ], [ 507355.12599999998929, 5399154.5, 444.908 ], [ 507355.205000000016298, 5399155.5, 444.871 ], [ 507355.283999999985099, 5399156.5, 444.829 ], [ 507355.362000000022817, 5399157.5, 444.785 ], [ 507355.400000000023283, 5399157.980000000447035, 444.77 ], [ 507354.5, 5399158.04, 444.765 ], [ 507353.5, 5399158.106999999843538, 444.774 ], [ 507352.5, 5399158.173999999649823, 444.807 ], [ 507352.422000000020489, 5399158.178999999538064, 444.818 ] ] ] } },
{ "type": "Feature", "properties": { "fid": 184, "gml_id": "DEBW_5221000QyUd", "creationDate": "2024-11-25", "informationSystem": "http://repository.gdi-de.org/schemas/adv/citygml/fdv/art.htm#_9100", "name": "DEBWL5221000QyUd", "Gemeindeschluessel": "08111000", "Geometrietyp2DReferenz": 3000, "DatenquelleDachhoehe": [ 1000 ], "Grundrissaktualitaet": "2024-04-01", "DatenquelleBodenhoehe": [ 1100 ], "DatenquelleLage": [ 1000 ], "function": "31001_1010", "roofType": 1000, "measuredHeight": 8.088, "measuredHeight_uom": "urn:adv:uom:m", "CountryName": "Germany", "LocalityName": "Stuttgart", "ThoroughfareName": "Allmandring", "ThoroughfareNumber": "20B, null", "consistsOfBuildingPart|BuildingPart|creationDate": null, "consistsOfBuildingPart|BuildingPart|roofType": null, "consistsOfBuildingPart|BuildingPart|measuredHeight": null, "consistsOfBuildingPart|BuildingPart|measuredHeight_uom": null, "name_": null }, "geometry": { "type": "MultiLineString", "coordinates": [ [ [ 507254.289999999979045, 5399129.360000000335276, 443.53 ], [ 507254.5, 5399129.34499999973923, 443.533 ], [ 507255.5, 5399129.275000000372529, 443.575 ], [ 507256.5, 5399129.205, 443.607 ], [ 507257.5, 5399129.134999999776483, 443.623 ], [ 507257.849999999976717, 5399129.110000000335276, 443.658 ], [ 507257.878000000026077, 5399129.5, 443.668 ], [ 507257.93, 5399130.21999999973923, 443.601 ], [ 507258.5, 5399130.184000000357628, 443.705 ], [ 507259.5, 5399130.122000000439584, 444.023 ], [ 507260.5, 5399130.059999999590218, 444.372 ], [ 507261.14000000001397, 5399130.019999999552965, 444.486 ], [ 507261.169999999983702, 5399130.5, 444.293 ], [ 507261.232000000018161, 5399131.5, 444.018 ], [ 507261.294, 5399132.5, 443.797 ], [ 507261.356000000028871, 5399133.5, 443.618 ], [ 507261.418, 5399134.5, 443.472 ], [ 507261.46999999997206, 5399135.339999999850988, 443.391 ], [ 507261.482000000018161, 5399135.5, 443.356 ], [ 507261.5, 5399135.737999999895692, 443.364 ], [ 507261.51, 5399135.870000000111759, 443.359 ], [ 507261.5, 5399135.871000000275671, 443.358 ], [ 507261.25, 5399135.889999999664724, 443.318 ], [ 507261.28000000002794, 5399136.339999999850988, 443.299 ], [ 507260.5, 5399136.389999999664724, 443.246 ], [ 507259.88, 5399136.429999999701977, 443.175 ], [ 507259.849999999976717, 5399135.990000000223517, 443.167 ], [ 507259.5, 5399136.014999999664724, 443.137 ], [ 507258.5, 5399136.085, 442.903 ], [ 507257.85999999998603, 5399136.129999999888241, 442.667 ], [ 507257.815, 5399135.5, 442.612 ], [ 507257.78000000002794, 5399135.0, 442.579 ], [ 507257.5, 5399135.019000000320375, 442.505 ], [ 507256.5, 5399135.088000000454485, 442.216 ], [ 507256.330000000016298, 5399135.099999999627471, 442.085 ], [ 507256.340000000025611, 5399135.370000000111759, 442.1 ], [ 507255.5, 5399135.432, 441.787 ], [ 507254.849999999976717, 5399135.480000000447035, 441.311 ], [ 507254.82, 5399135.019999999552965, 441.312 ], [ 507254.60999999998603, 5399135.04, 441.201 ], [ 507254.57, 5399134.509999999776483, 441.193 ], [ 507254.569000000017695, 5399134.5, 441.192 ], [ 507254.51500000001397, 5399133.5, 441.482 ], [ 507254.5, 5399133.222, 441.699 ], [ 507254.461000000010245, 5399132.5, 441.963 ], [ 507254.406000000017229, 5399131.5, 442.567 ], [ 507254.352000000013504, 5399130.5, 443.097 ], [ 507254.298, 5399129.5, 443.477 ], [ 507254.289999999979045, 5399129.360000000335276, 443.53 ] ] ] } },
{ "type": "Feature", "properties": { "fid": 191, "gml_id": "DEBW_5221000QyVV", "creationDate": "2024-11-25", "informationSystem": "http://repository.gdi-de.org/schemas/adv/citygml/fdv/art.htm#_9100", "name": "DEBWL5221000QyVV", "Gemeindeschluessel": "08111000", "Geometrietyp2DReferenz": 3000, "DatenquelleDachhoehe": [ 1000, 1000, 1000, 1000, 1000, 1000, 1000, 1000, 1000 ], "Grundrissaktualitaet": "2024-04-01", "DatenquelleBodenhoehe": [ 1100, 1100, 1100, 1100, 1100, 1100, 1100, 1100, 1100 ], "DatenquelleLage": [ 1000, 1000, 1000, 1000, 1000, 1000, 1000, 1000, 1000 ], "function": "31001_1010", "roofType": null, "measuredHeight": null, "measuredHeight_uom": null, "CountryName": "Germany", "LocalityName": "Stuttgart", "ThoroughfareName": "Allmandring", "ThoroughfareNumber": "26B, null", "consistsOfBuildingPart|BuildingPart|creationDate": "2024-11-25", "consistsOfBuildingPart|BuildingPart|roofType": [ 5000, 5000, 5000, 1000, 2100, 2100, 2100, 1000, 1000 ], "consistsOfBuildingPart|BuildingPart|measuredHeight": [ 11.296, 15.981, 15.781, 12.871, 10.897, 15.852, 16.156, 12.861, 15.88 ], "consistsOfBuildingPart|BuildingPart|measuredHeight_uom": [ "urn:adv:uom:m", "urn:adv:uom:m", "urn:adv:uom:m", "urn:adv:uom:m", "urn:adv:uom:m", "urn:adv:uom:m", "urn:adv:uom:m", "urn:adv:uom:m", "urn:adv:uom:m" ], "name_": null }, "geometry": { "type": "MultiLineString", "coordinates": [ [ [ 507065.506, 5399046.278, 442.035 ], [ 507065.5, 5399046.227, 442.041 ], [ 507065.414999999979045, 5399045.5, 442.134 ], [ 507065.298, 5399044.5, 442.259 ], [ 507065.180999999982305, 5399043.5, 442.373 ], [ 507065.169999999983702, 5399043.410000000149012, 442.401 ], [ 507065.063000000023749, 5399042.5, 442.476 ], [ 507064.946, 5399041.5, 442.575 ], [ 507064.829000000027008, 5399040.5, 442.684 ], [ 507064.789999999979045, 5399040.17, 442.74 ], [ 507064.711000000010245, 5399039.5, 442.806 ], [ 507064.593999999982771, 5399038.5, 442.953 ], [ 507064.5, 5399037.696999999694526, 443.113 ], [ 507064.477000000013504, 5399037.5, 443.117 ], [ 507064.35999999998603, 5399036.5, 443.347 ], [ 507064.242000000027474, 5399035.5, 443.615 ], [ 507064.125, 5399034.5, 443.918 ], [ 507064.007999999972526, 5399033.5, 444.239 ], [ 507063.903, 5399032.605999999679625, 444.536 ], [ 507064.5, 5399032.565000000409782, 444.553 ], [ 507065.428000000014435, 5399032.5, 444.582 ], [ 507065.5, 5399032.495000000111759, 444.642 ], [ 507065.85999999998603, 5399032.46999999973923, 444.658 ], [ 507066.5, 5399032.426, 444.696 ], [ 507067.5, 5399032.355999999679625, 444.809 ], [ 507068.5, 5399032.286999999545515, 444.927 ], [ 507069.5, 5399032.217000000178814, 444.993 ], [ 507070.5, 5399032.148, 445.027 ], [ 507071.5, 5399032.07799999974668, 445.04 ], [ 507072.5, 5399032.00899999961257, 445.025 ], [ 507073.5, 5399031.940000000409782, 444.967 ], [ 507074.5, 5399031.870000000111759, 444.819 ], [ 507075.5, 5399031.801, 444.65 ], [ 507076.5, 5399031.730999999679625, 444.538 ], [ 507076.950000000011642, 5399031.700000000186265, 444.514 ], [ 507077.5, 5399031.661999999545515, 444.47 ], [ 507078.5, 5399031.592000000178814, 444.461 ], [ 507079.5, 5399031.523, 444.513 ], [ 507079.830000000016298, 5399031.5, 444.531 ], [ 507080.147, 5399031.478000000119209, 444.597 ], [ 507080.148999999975786, 5399031.5, 444.544 ], [ 507080.26, 5399032.5, 444.343 ], [ 507080.370999999984633, 5399033.5, 444.188 ], [ 507080.481000000028871, 5399034.5, 444.036 ], [ 507080.5, 5399034.668999999761581, 444.017 ], [ 507080.592, 5399035.5, 443.85 ], [ 507080.702999999979511, 5399036.5, 443.674 ], [ 507080.813000000023749, 5399037.5, 443.514 ], [ 507080.924, 5399038.5, 443.343 ], [ 507081.033999999985099, 5399039.5, 443.158 ], [ 507081.145000000018626, 5399040.5, 442.974 ], [ 507081.256, 5399041.5, 442.797 ], [ 507081.289999999979045, 5399041.809999999590218, 442.757 ], [ 507081.365999999979977, 5399042.5, 442.644 ], [ 507081.477000000013504, 5399043.5, 442.524 ], [ 507081.5, 5399043.707999999634922, 442.494 ], [ 507081.57, 5399044.339999999850988, 442.436 ], [ 507081.5, 5399044.348000000230968, 442.439 ], [ 507080.5, 5399044.468999999575317, 442.485 ], [ 507080.244, 5399044.5, 442.484 ], [ 507079.5, 5399044.589999999850988, 442.508 ], [ 507078.5, 5399044.71, 442.542 ], [ 507077.5, 5399044.831000000238419, 442.561 ], [ 507076.5, 5399044.951999999582767, 442.566 ], [ 507075.5, 5399045.071999999694526, 442.553 ], [ 507074.5, 5399045.193, 442.521 ], [ 507073.5, 5399045.314000000245869, 442.474 ], [ 507072.5, 5399045.434000000357628, 442.411 ], [ 507071.956, 5399045.5, 442.343 ], [ 507071.5, 5399045.554999999701977, 442.315 ], [ 507070.5, 5399045.676, 442.24 ], [ 507069.5, 5399045.796, 442.167 ], [ 507068.5, 5399045.917000000365078, 442.102 ], [ 507067.5, 5399046.036999999545515, 442.056 ], [ 507066.5, 5399046.157999999821186, 442.032 ], [ 507065.506, 5399046.278, 442.035 ] ] ] } },
{ "type": "Feature", "properties": { "fid": 199, "gml_id": "DEBW_5221000QyXO", "creationDate": "2024-11-25", "informationSystem": "http://repository.gdi-de.org/schemas/adv/citygml/fdv/art.htm#_9100", "name": "DEBWL5221000QyXO", "Gemeindeschluessel": "08111000", "Geometrietyp2DReferenz": 3000, "DatenquelleDachhoehe": [ 1000 ], "Grundrissaktualitaet": "2024-04-01", "DatenquelleBodenhoehe": [ 1100 ], "DatenquelleLage": [ 1000 ], "function": "31001_1010", "roofType": 1000, "measuredHeight": 5.743, "measuredHeight_uom": "urn:adv:uom:m", "CountryName": "Germany", "LocalityName": "Stuttgart", "ThoroughfareName": "Allmandring", "ThoroughfareNumber": "12D, null", "consistsOfBuildingPart|BuildingPart|creationDate": null, "consistsOfBuildingPart|BuildingPart|roofType": null, "consistsOfBuildingPart|BuildingPart|measuredHeight": null, "consistsOfBuildingPart|BuildingPart|measuredHeight_uom": null, "name_": null }, "geometry": { "type": "MultiLineString", "coordinates": [ [ [ 507358.68, 5399158.25, 444.816 ], [ 507358.5, 5399158.262000000104308, 444.811 ], [ 507357.5, 5399158.332000000402331, 444.783 ], [ 507357.090000000025611, 5399158.360000000335276, 444.774 ], [ 507357.103, 5399158.5, 444.762 ], [ 507357.13, 5399158.799999999813735, 444.755 ], [ 507356.5, 5399158.854000000283122, 444.749 ], [ 507355.62, 5399158.929999999701977, 444.741 ], [ 507355.583999999973457, 5399158.5, 444.749 ], [ 507355.580000000016298, 5399158.450000000186265, 444.757 ], [ 507355.5, 5399158.450000000186265, 444.757 ], [ 507355.44, 5399158.450000000186265, 444.755 ], [ 507355.409999999974389, 5399158.049999999813735, 444.768 ], [ 507355.400000000023283, 5399157.980000000447035, 444.77 ], [ 507355.362000000022817, 5399157.5, 444.785 ], [ 507355.283999999985099, 5399156.5, 444.829 ], [ 507355.205000000016298, 5399155.5, 444.871 ], [ 507355.12599999998929, 5399154.5, 444.908 ], [ 507355.048, 5399153.5, 444.938 ], [ 507354.96999999997206, 5399152.509999999776483, 444.941 ], [ 507355.128000000026077, 5399152.5, 444.934 ], [ 507355.5, 5399152.475999999791384, 444.907 ], [ 507356.5, 5399152.412999999709427, 444.898 ], [ 507357.5, 5399152.349000000394881, 444.903 ], [ 507358.5, 5399152.286000000312924, 444.909 ], [ 507358.909999999974389, 5399152.259999999776483, 444.944 ], [ 507358.924999999988358, 5399152.5, 444.956 ], [ 507358.988000000012107, 5399153.5, 445.013 ], [ 507358.99, 5399153.53000000026077, 445.014 ], [ 507359.5, 5399153.507000000216067, 445.089 ], [ 507359.650000000023283, 5399153.5, 445.122 ], [ 507360.5, 5399153.46100000012666, 445.401 ], [ 507361.5, 5399153.416000000201166, 445.769 ], [ 507362.071, 5399153.389999999664724, 445.882 ], [ 507362.079000000027008, 5399153.5, 445.821 ], [ 507362.15500000002794, 5399154.5, 445.576 ], [ 507362.229999999981374, 5399155.5, 445.344 ], [ 507362.305, 5399156.5, 445.154 ], [ 507362.38, 5399157.5, 444.99 ], [ 507362.456, 5399158.5, 444.871 ], [ 507362.46999999997206, 5399158.690000000409782, 444.862 ], [ 507362.5, 5399159.085, 444.841 ], [ 507362.511, 5399159.230000000447035, 444.835 ], [ 507362.5, 5399159.230000000447035, 444.835 ], [ 507362.159999999974389, 5399159.240000000223517, 444.837 ], [ 507362.191999999980908, 5399159.5, 444.816 ], [ 507362.210000000020955, 5399159.650000000372529, 444.815 ], [ 507361.5, 5399159.701999999582767, 444.805 ], [ 507360.710000000020955, 5399159.759999999776483, 444.783 ], [ 507360.693000000028405, 5399159.5, 444.787 ], [ 507360.68, 5399159.309999999590218, 444.807 ], [ 507360.5, 5399159.321999999694526, 444.803 ], [ 507359.5, 5399159.389000000432134, 444.778 ], [ 507358.75, 5399159.440000000409782, 444.761 ], [ 507358.695, 5399158.5, 444.793 ], [ 507358.68, 5399158.25, 444.816 ] ] ] } },
{ "type": "Feature", "properties": { "fid": 207, "gml_id": "DEBW_5221000QyYJ", "creationDate": "2024-11-25", "informationSystem": "http://repository.gdi-de.org/schemas/adv/citygml/fdv/art.htm#_9100", "name": "DEBWL5221000QyYJ", "Gemeindeschluessel": "08111000", "Geometrietyp2DReferenz": 3000, "DatenquelleDachhoehe": [ 1000 ], "Grundrissaktualitaet": "2024-04-01", "DatenquelleBodenhoehe": [ 1100 ], "DatenquelleLage": [ 1000 ], "function": "31001_1010", "roofType": 1000, "measuredHeight": 5.861, "measuredHeight_uom": "urn:adv:uom:m", "CountryName": "Germany", "LocalityName": "Stuttgart", "ThoroughfareName": "Allmandring", "ThoroughfareNumber": "14B, null", "consistsOfBuildingPart|BuildingPart|creationDate": null, "consistsOfBuildingPart|BuildingPart|roofType": null, "consistsOfBuildingPart|BuildingPart|measuredHeight": null, "consistsOfBuildingPart|BuildingPart|measuredHeight_uom": null, "name_": null }, "geometry": { "type": "MultiLineString", "coordinates": [ [ [ 507316.99, 5399087.410000000149012, 449.437 ], [ 507317.200000000011642, 5399087.389999999664724, 449.436 ], [ 507317.169999999983702, 5399086.900000000372529, 449.45 ], [ 507317.5, 5399086.877999999560416, 449.434 ], [ 507318.5, 5399086.809999999590218, 449.336 ], [ 507318.799999999988358, 5399086.79, 449.32 ], [ 507318.830000000016298, 5399087.200000000186265, 449.319 ], [ 507319.5, 5399087.161000000312924, 449.271 ], [ 507320.5, 5399087.102, 449.295 ], [ 507320.710000000020955, 5399087.089999999850988, 449.303 ], [ 507320.75199999997858, 5399087.5, 449.327 ], [ 507320.830000000016298, 5399088.25, 449.368 ], [ 507321.5, 5399088.21, 449.398 ], [ 507322.330000000016298, 5399088.160000000149012, 449.44 ], [ 507322.289999999979045, 5399087.660000000149012, 449.414 ], [ 507322.5, 5399087.645999999716878, 449.44 ], [ 507323.5, 5399087.58, 449.549 ], [ 507323.81, 5399087.559999999590218, 449.593 ], [ 507323.849999999976717, 5399088.110000000335276, 449.617 ], [ 507324.150000000023283, 5399088.089999999850988, 449.653 ], [ 507324.177000000025146, 5399088.5, 449.687 ], [ 507324.19, 5399088.700000000186265, 449.693 ], [ 507324.243000000016764, 5399089.5, 449.73 ], [ 507324.31, 5399090.5, 449.737 ], [ 507324.37599999998929, 5399091.5, 449.715 ], [ 507324.441999999980908, 5399092.5, 449.679 ], [ 507324.5, 5399093.367999999783933, 449.657 ], [ 507324.509000000020023, 5399093.5, 449.642 ], [ 507324.539999999979045, 5399093.96999999973923, 449.631 ], [ 507324.5, 5399093.973000000230968, 449.631 ], [ 507323.5, 5399094.03899999987334, 449.621 ], [ 507322.5, 5399094.105000000447035, 449.612 ], [ 507321.5, 5399094.171, 449.602 ], [ 507320.909999999974389, 5399094.21, 449.597 ], [ 507320.85999999998603, 5399093.5, 449.596 ], [ 507320.830000000016298, 5399093.070000000298023, 449.581 ], [ 507320.5, 5399093.093999999575317, 449.579 ], [ 507319.5, 5399093.165, 449.569 ], [ 507318.5, 5399093.236999999731779, 449.557 ], [ 507317.5, 5399093.309000000357628, 449.544 ], [ 507317.479999999981374, 5399093.309999999590218, 449.541 ], [ 507317.413, 5399092.5, 449.519 ], [ 507317.331, 5399091.5, 449.479 ], [ 507317.24800000002142, 5399090.5, 449.443 ], [ 507317.164999999979045, 5399089.5, 449.422 ], [ 507317.082999999984168, 5399088.5, 449.421 ], [ 507317.039999999979045, 5399087.980000000447035, 449.426 ], [ 507316.99800000002142, 5399087.5, 449.431 ], [ 507316.99, 5399087.410000000149012, 449.437 ] ] ] } },
{ "type": "Feature", "properties": { "fid": 209, "gml_id": "DEBW_5221000QyYp", "creationDate": "2024-11-25", "informationSystem": "http://repository.gdi-de.org/schemas/adv/citygml/fdv/art.htm#_9100", "name": "DEBWL5221000QyYp", "Gemeindeschluessel": "08111000", "Geometrietyp2DReferenz": 3000, "DatenquelleDachhoehe": [ 1000 ], "Grundrissaktualitaet": "2024-04-01", "DatenquelleBodenhoehe": [ 1100 ], "DatenquelleLage": [ 1000 ], "function": "31001_1010", "roofType": 5000, "measuredHeight": 10.727, "measuredHeight_uom": "urn:adv:uom:m", "CountryName": "Germany", "LocalityName": "Stuttgart", "ThoroughfareName": "Allmandring", "ThoroughfareNumber": "16B, null", "consistsOfBuildingPart|BuildingPart|creationDate": null, "consistsOfBuildingPart|BuildingPart|roofType": null, "consistsOfBuildingPart|BuildingPart|measuredHeight": null, "consistsOfBuildingPart|BuildingPart|measuredHeight_uom": null, "name_": null }, "geometry": { "type": "MultiLineString", "coordinates": [ [ [ 507291.96999999997206, 5399150.879999999888241, 443.437 ], [ 507291.949000000022352, 5399150.5, 443.462 ], [ 507291.893999999971129, 5399149.5, 443.524 ], [ 507291.840000000025611, 5399148.5, 443.593 ], [ 507291.784999999974389, 5399147.5, 443.642 ], [ 507291.729999999981374, 5399146.5, 443.704 ], [ 507291.674999999988358, 5399145.5, 443.79 ], [ 507291.62, 5399144.5, 443.875 ], [ 507291.566, 5399143.5, 443.943 ], [ 507291.511, 5399142.5, 443.993 ], [ 507291.5, 5399142.304999999701977, 444.025 ], [ 507291.456, 5399141.5, 444.081 ], [ 507291.44, 5399141.21, 444.184 ], [ 507290.5, 5399141.264999999664724, 444.148 ], [ 507289.5, 5399141.324, 444.188 ], [ 507288.5, 5399141.38300000037998, 444.435 ], [ 507288.049999999988358, 5399141.410000000149012, 444.646 ], [ 507287.994, 5399140.5, 445.047 ], [ 507287.931999999971595, 5399139.5, 445.365 ], [ 507287.87, 5399138.5, 445.409 ], [ 507287.808000000019092, 5399137.5, 445.426 ], [ 507287.745999999984633, 5399136.5, 445.452 ], [ 507287.71999999997206, 5399136.08, 445.46 ], [ 507288.5, 5399136.019999999552965, 445.501 ], [ 507289.5, 5399135.941999999806285, 445.536 ], [ 507290.5, 5399135.865000000223517, 445.528 ], [ 507291.080000000016298, 5399135.820000000298023, 445.513 ], [ 507291.065, 5399135.5, 445.541 ], [ 507291.017999999981839, 5399134.5, 445.561 ], [ 507291.01, 5399134.33, 445.553 ], [ 507291.5, 5399134.291000000201166, 445.546 ], [ 507292.5, 5399134.212000000290573, 445.524 ], [ 507293.5, 5399134.13300000037998, 445.498 ], [ 507294.169999999983702, 5399134.08, 445.48 ], [ 507294.134000000020023, 5399133.5, 445.498 ], [ 507294.072999999974854, 5399132.5, 445.51 ], [ 507294.07, 5399132.450000000186265, 445.517 ], [ 507294.5, 5399132.410000000149012, 445.52 ], [ 507295.5, 5399132.315999999642372, 445.529 ], [ 507296.5, 5399132.222, 445.532 ], [ 507297.38, 5399132.139999999664724, 445.53 ], [ 507297.342, 5399131.5, 445.549 ], [ 507297.283, 5399130.5, 445.591 ], [ 507297.223999999987427, 5399129.5, 445.669 ], [ 507297.200000000011642, 5399129.089999999850988, 445.737 ], [ 507297.5, 5399129.070000000298023, 445.746 ], [ 507298.5, 5399129.004999999888241, 445.781 ], [ 507299.5, 5399128.939000000245869, 445.804 ], [ 507300.5, 5399128.872999999672174, 445.818 ], [ 507301.5, 5399128.808000000193715, 445.831 ], [ 507302.5, 5399128.74199999962002, 445.837 ], [ 507303.5, 5399128.676, 445.854 ], [ 507303.900000000023283, 5399128.650000000372529, 445.877 ], [ 507303.960000000020955, 5399129.5, 445.713 ], [ 507304.03000000002794, 5399130.5, 445.587 ], [ 507304.099999999976717, 5399131.5, 445.522 ], [ 507304.169999999983702, 5399132.5, 445.476 ], [ 507304.24, 5399133.5, 445.433 ], [ 507304.31, 5399134.5, 445.4 ], [ 507304.38, 5399135.5, 445.402 ], [ 507304.450000000011642, 5399136.5, 445.395 ], [ 507304.5, 5399137.218000000342727, 445.359 ], [ 507304.520000000018626, 5399137.5, 445.31 ], [ 507304.590000000025611, 5399138.5, 445.16 ], [ 507304.659999999974389, 5399139.5, 444.994 ], [ 507304.729999999981374, 5399140.5, 444.82 ], [ 507304.799999999988358, 5399141.5, 444.652 ], [ 507304.87, 5399142.5, 444.512 ], [ 507304.900000000023283, 5399142.929999999701977, 444.477 ], [ 507305.5, 5399142.889999999664724, 444.464 ], [ 507306.5, 5399142.822999999858439, 444.448 ], [ 507307.5, 5399142.756, 444.401 ], [ 507308.03000000002794, 5399142.71999999973923, 444.386 ], [ 507308.080000000016298, 5399143.5, 444.287 ], [ 507308.143999999971129, 5399144.5, 444.179 ], [ 507308.207999999984168, 5399145.5, 444.088 ], [ 507308.272, 5399146.5, 444.02 ], [ 507308.336000000010245, 5399147.5, 443.949 ], [ 507308.38, 5399148.190000000409782, 443.918 ], [ 507307.5, 5399148.247999999672174, 443.886 ], [ 507306.5, 5399148.313, 443.838 ], [ 507305.5, 5399148.378999999724329, 443.818 ], [ 507305.03000000002794, 5399148.410000000149012, 443.818 ], [ 507305.036000000021886, 5399148.5, 443.799 ], [ 507305.104999999981374, 5399149.5, 443.741 ], [ 507305.14000000001397, 5399150.009999999776483, 443.719 ], [ 507304.5, 5399150.049999999813735, 443.701 ], [ 507303.5, 5399150.112999999895692, 443.68 ], [ 507302.5, 5399150.177000000141561, 443.676 ], [ 507301.96999999997206, 5399150.21, 443.675 ], [ 507301.989, 5399150.5, 443.641 ], [ 507302.053000000014435, 5399151.5, 443.553 ], [ 507302.080000000016298, 5399151.929999999701977, 443.514 ], [ 507301.5, 5399151.96999999973923, 443.506 ], [ 507300.5, 5399152.037999999709427, 443.472 ], [ 507299.5, 5399152.105999999679625, 443.433 ], [ 507298.5, 5399152.174999999813735, 443.421 ], [ 507298.419999999983702, 5399152.179999999701977, 443.426 ], [ 507298.37300000002142, 5399151.5, 443.483 ], [ 507298.303000000014435, 5399150.5, 443.568 ], [ 507298.299999999988358, 5399150.46, 443.588 ], [ 507297.696999999985565, 5399150.5, 443.57 ], [ 507297.5, 5399150.513000000268221, 443.57 ], [ 507296.5, 5399150.579, 443.579 ], [ 507295.5, 5399150.645999999716878, 443.579 ], [ 507294.5, 5399150.712000000290573, 443.58 ], [ 507293.5, 5399150.778, 443.557 ], [ 507292.5, 5399150.84499999973923, 443.489 ], [ 507291.96999999997206, 5399150.879999999888241, 443.437 ] ] ] } }
]
}
